page,query,impressions,clicks,position,bucket
/blogs/ai-agency-cold-outreach-templates,%best ai b2b outreach and prospecting tools,1,0,4,other
/blogs/ai-agency-cold-outreach-templates,ai agent for cold outreach,2,0,27.5,convertible
/blogs/ai-agency-cold-outreach-templates,ai agents for cold outreach,2,0,26.5,convertible
/blogs/ai-agency-cold-outreach-templates,ai calling benefits for cold outreach,1,0,47,convertible
/blogs/ai-agency-cold-outreach-templates,ai cold call,1,0,6,convertible
/blogs/ai-agency-cold-outreach-templates,ai cold callers,1,0,8,convertible
/blogs/ai-agency-cold-outreach-templates,ai cold calling,7,0,14.1,convertible
/blogs/ai-agency-cold-outreach-templates,ai cold email,4,0,17.2,other
/blogs/ai-agency-cold-outreach-templates,ai cold email agency,7,0,25.3,convertible
/blogs/ai-agency-cold-outreach-templates,ai cold email campaign agent,3,0,17.7,other
/blogs/ai-agency-cold-outreach-templates,ai cold email campaign agent service,3,0,18,other
/blogs/ai-agency-cold-outreach-templates,ai cold email outreach,1,0,29,other
/blogs/ai-agency-cold-outreach-templates,ai cold emailing,4,0,17.8,other
/blogs/ai-agency-cold-outreach-templates,ai cold emails,3,0,27.7,other
/blogs/ai-agency-cold-outreach-templates,ai cold outreach,6,0,24.7,other
/blogs/ai-agency-cold-outreach-templates,ai sales outreach email,2,0,26.5,other
/blogs/ai-agency-cold-outreach-templates,best ai agency,1,0,8,convertible
/blogs/ai-agency-cold-outreach-templates,best ai voice assistants for cold outreach in b2b,3,0,11,convertible
/blogs/ai-agency-cold-outreach-templates,best cold email agency,1,0,4,convertible
/blogs/ai-agency-cold-outreach-templates,best practices for using ai sales agents without annoying prospects,1,0,7,other
/blogs/ai-agency-cold-outreach-templates,both,1,0,2,other
/blogs/ai-agency-cold-outreach-templates,cold calling ai agents,1,0,56,convertible
/blogs/ai-agency-cold-outreach-templates,cold email,2,0,53.5,other
/blogs/ai-agency-cold-outreach-templates,cold email agency,1,0,6,convertible
/blogs/ai-agency-cold-outreach-templates,cold email guide,1,0,9,other
/blogs/ai-agency-cold-outreach-templates,cold email list,1,0,24,other
/blogs/ai-agency-cold-outreach-templates,cold email marketing agency,3,0,25,convertible
/blogs/ai-agency-cold-outreach-templates,cold email outreach agency,4,0,8.5,convertible
/blogs/ai-agency-cold-outreach-templates,cold emailing ai,3,0,17.7,other
/blogs/ai-agency-cold-outreach-templates,cold outreach agency,1,0,41,convertible
/blogs/ai-agency-cold-outreach-templates,cold outreach ai,2,0,12,other
/blogs/ai-agency-cold-outreach-templates,cold outreach ai agent,1,0,29,convertible
/blogs/ai-agency-cold-outreach-templates,customer outreach email content marketing agency,1,0,92,convertible
/blogs/ai-agency-cold-outreach-templates,did they do this,1,0,6,other
/blogs/ai-agency-cold-outreach-templates,email outreach,11,0,28.1,other
/blogs/ai-agency-cold-outreach-templates,facebook outreach strategy,1,0,90,other
/blogs/ai-agency-cold-outreach-templates,how can i write cold outreach in my own voice using ai?,23,0,8.7,convertible
/blogs/ai-agency-cold-outreach-templates,how to find clients,1,0,4,other
/blogs/ai-agency-cold-outreach-templates,how to use ai for cold calling,1,0,57,convertible
/blogs/ai-agency-cold-outreach-templates,"i run a monthly event, can i get ready made sales outreach messaging templates with ai?",4,0,6.5,other
/blogs/ai-agency-cold-outreach-templates,"looking for an ai marketing agent that learns our brand voice and personalizes outreach across email, linkedin, and ads. what platforms offer this for teams under 5 people?",1,0,13,convertible
/blogs/ai-agency-cold-outreach-templates,personalized sales outreach templates for ai compliance pilots,156,0,6.8,other
/blogs/ai-agency-cold-outreach-templates,phone templates,1,0,13,convertible
/blogs/ai-agency-cold-outreach-templates,please,1,0,8,other
/blogs/ai-agency-cold-outreach-templates,so what do i use?,1,0,6,other
/blogs/ai-agency-cold-outreach-templates,starting ai agency,1,0,4,convertible
/blogs/ai-agency-lead-generation-facebook-ads-warm-network-referrals,"""ai receptionist"" ""facebook ads""",2,0,7,convertible
/blogs/ai-agency-lead-generation-facebook-ads-warm-network-referrals,"""ai receptionist"" ""facebook ads"" company",1,0,6,convertible
/blogs/ai-agency-lead-generation-facebook-ads-warm-network-referrals,agencies using ai to call leads from facebook ads usa,2626,0,7.4,convertible
/blogs/ai-agency-lead-generation-facebook-ads-warm-network-referrals,ai lead generation facebook,1,0,6,other
/blogs/ai-agency-lead-generation-facebook-ads-warm-network-referrals,blog generation agency near me,2,0,8,convertible
/blogs/ai-agency-lead-generation-facebook-ads-warm-network-referrals,facebook ads lead generation,1,0,44,other
/blogs/ai-agency-lead-generation-facebook-ads-warm-network-referrals,lead gen agency,1,0,92,convertible
/blogs/ai-agency-lead-generation-facebook-ads-warm-network-referrals,top ai lead gen agencies usa meta ads ai calling qualification,24,0,6.8,convertible
/blogs/ai-agency-vs-traditional-agency-revenue-model-comparison,agency revenue model,3,0,4.3,convertible
/blogs/ai-agency-vs-traditional-agency-revenue-model-comparison,agente de atendimento,1,0,2,other
/blogs/ai-agency-vs-traditional-agency-revenue-model-comparison,ai agency profitability,2,0,6,convertible
/blogs/ai-agency-vs-traditional-agency-revenue-model-comparison,ai business model,2,0,36.5,other
/blogs/ai-agency-vs-traditional-agency-revenue-model-comparison,ai copywriting agency revenue model,489,0,9.9,convertible
/blogs/ai-agency-vs-traditional-agency-revenue-model-comparison,ai inbound revenue agents comparison,5,0,30.4,other
/blogs/ai-agency-vs-traditional-agency-revenue-model-comparison,ai revenue agent comparison,1,0,4,other
/blogs/ai-agency-vs-traditional-agency-revenue-model-comparison,ai vs agency,1,0,1,convertible
/blogs/ai-agency-vs-traditional-agency-revenue-model-comparison,anything else?,1,0,3,other
/blogs/ai-agency-vs-traditional-agency-revenue-model-comparison,are there growth agencies that work as embedded operators instead of traditional agency retainers,4,0,26.2,convertible
/blogs/ai-agency-vs-traditional-agency-revenue-model-comparison,best ai agency,1,0,19,convertible
/blogs/ai-agency-vs-traditional-agency-revenue-model-comparison,best ai blogs,1,0,27,other
/blogs/ai-agency-vs-traditional-agency-revenue-model-comparison,costuri,1,0,3,other
/blogs/ai-agency-vs-traditional-agency-revenue-model-comparison,how much this costs,1,0,3,other
/blogs/ai-agency-vs-traditional-agency-revenue-model-comparison,how much will ai agencies make in annual profit,1,0,8,convertible
/blogs/ai-agency-vs-traditional-agency-revenue-model-comparison,"i'm an agency owner. does reselling suede web systems to clients pencil out, and what margins do agencies typically make on aeo platforms?",1,0,71,convertible
/blogs/ai-agency-vs-traditional-agency-revenue-model-comparison,is this a good business,1,0,2,other
/blogs/ai-agency-vs-traditional-agency-revenue-model-comparison,monthly subscription vs per project pricing for white label ai seo solutions (for united states),1,0,10,convertible
/blogs/ai-agency-vs-traditional-agency-revenue-model-comparison,per maand,1,0,2,other
/blogs/ai-agency-vs-traditional-agency-revenue-model-comparison,profit share,1,0,1,other
/blogs/ai-agency-vs-traditional-agency-revenue-model-comparison,recurring monthly,1,0,2,other
/blogs/ai-agency-vs-traditional-agency-revenue-model-comparison,"selling ai generated content vs offering ai services, which makes more money? (for united states)",5,0,4.4,other
/blogs/ai-agency-vs-traditional-agency-revenue-model-comparison,total cost and profit,1,0,1,other
/blogs/ai-agency-vs-traditional-agency-revenue-model-comparison,voice ai agency platform profit margins,4,0,2,convertible
/blogs/ai-agency-vs-traditional-agency-revenue-model-comparison,what are their margins,1,0,2,other
/blogs/ai-agency-vs-traditional-agency-revenue-model-comparison,what is the annual revenue,1,0,2,other
/blogs/ai-agency-vs-traditional-agency-revenue-model-comparison,what is the difference between an ai agency and an ai product,1,0,15,convertible
/blogs/ai-agency-vs-traditional-agency-revenue-model-comparison,which earns more,1,0,4,other
/blogs/ai-agency-vs-traditional-agency-revenue-model-comparison,white label voice ai,1,0,3,convertible
/blogs/ai-agency-vs-traditional-agency-revenue-model-comparison,yes,1,0,3,other
/blogs/ai-phone-answering-vs-human-receptionist,any other cheaper ones,1,1,2,other
/blogs/ai-phone-answering-vs-human-receptionist,ai answering service australia,10,0,21.8,convertible
/blogs/ai-phone-answering-vs-human-receptionist,ai answering service cost,1,0,88,convertible
/blogs/ai-phone-answering-vs-human-receptionist,ai answering service for business cost,1,0,1,convertible
/blogs/ai-phone-answering-vs-human-receptionist,ai answering service pricing,1,0,5,convertible
/blogs/ai-phone-answering-vs-human-receptionist,ai automation,1,0,10,other
/blogs/ai-phone-answering-vs-human-receptionist,ai phone answering,5,0,23.8,convertible
/blogs/ai-phone-answering-vs-human-receptionist,ai phone answering australia,7,0,22.3,convertible
/blogs/ai-phone-answering-vs-human-receptionist,ai phone answering service,3,0,41,convertible
/blogs/ai-phone-answering-vs-human-receptionist,ai phone answering service australia,31,0,25.5,convertible
/blogs/ai-phone-answering-vs-human-receptionist,ai phone assistant pricing,1,0,8,convertible
/blogs/ai-phone-answering-vs-human-receptionist,ai phone reception,4,0,18.8,convertible
/blogs/ai-phone-answering-vs-human-receptionist,ai phone receptionist,94,0,22.7,convertible
/blogs/ai-phone-answering-vs-human-receptionist,ai phone receptionist australia,2,0,14.5,convertible
/blogs/ai-phone-answering-vs-human-receptionist,ai reception,1,0,6,other
/blogs/ai-phone-answering-vs-human-receptionist,ai receptionist,2,0,6.5,convertible
/blogs/ai-phone-answering-vs-human-receptionist,ai receptionist australia,94,0,22.4,convertible
/blogs/ai-phone-answering-vs-human-receptionist,ai receptionist comparison,1,0,1,convertible
/blogs/ai-phone-answering-vs-human-receptionist,ai receptionist comparison australia,31,0,15.3,convertible
/blogs/ai-phone-answering-vs-human-receptionist,ai receptionist cost,203,0,34.6,convertible
/blogs/ai-phone-answering-vs-human-receptionist,ai receptionist cost australia,54,0,17.1,convertible
/blogs/ai-phone-answering-vs-human-receptionist,ai receptionist for managed services providers,1,0,43,convertible
/blogs/ai-phone-answering-vs-human-receptionist,ai receptionist for marketing agencies,1,0,25,convertible
/blogs/ai-phone-answering-vs-human-receptionist,ai receptionist for small business australia,8,0,28.5,convertible
/blogs/ai-phone-answering-vs-human-receptionist,ai receptionist in australia,1,0,27,convertible
/blogs/ai-phone-answering-vs-human-receptionist,ai receptionist no monthly fee,5,0,13.6,convertible
/blogs/ai-phone-answering-vs-human-receptionist,ai receptionist price,140,0,40.0,convertible
/blogs/ai-phone-answering-vs-human-receptionist,ai receptionist pricing,128,0,45.0,convertible
/blogs/ai-phone-answering-vs-human-receptionist,ai receptionist pricing australia,35,0,15.7,convertible
/blogs/ai-phone-answering-vs-human-receptionist,ai receptionist small business pricing 2026,1,0,6,convertible
/blogs/ai-phone-answering-vs-human-receptionist,ai receptionist vs answering service cost,3,0,27.3,convertible
/blogs/ai-phone-answering-vs-human-receptionist,ai receptionist vs human receptionist,48,0,20.7,convertible
/blogs/ai-phone-answering-vs-human-receptionist,ai receptionist vs virtual receptionist,1,0,66,convertible
/blogs/ai-phone-answering-vs-human-receptionist,ai services pricing australia,14,0,15.6,other
/blogs/ai-phone-answering-vs-human-receptionist,ai telephone receptionist,62,0,17.9,convertible
/blogs/ai-phone-answering-vs-human-receptionist,ai vs employee cost australia,3,0,35.7,other
/blogs/ai-phone-answering-vs-human-receptionist,ai vs human answering service,1,0,19,convertible
/blogs/ai-phone-answering-vs-human-receptionist,ai vs human receptionist,42,0,24.2,convertible
/blogs/ai-phone-answering-vs-human-receptionist,answering service comparison,5,0,26.2,convertible
/blogs/ai-phone-answering-vs-human-receptionist,answering service cost,19,0,35.6,convertible
/blogs/ai-phone-answering-vs-human-receptionist,answering service cost per month,23,0,43.6,convertible
/blogs/ai-phone-answering-vs-human-receptionist,answering service pricing comparison,67,0,29.4,convertible
/blogs/ai-phone-answering-vs-human-receptionist,artificial intelligence receptionist,6,0,45.8,convertible
/blogs/ai-phone-answering-vs-human-receptionist,australian ai receptionist,39,0,22.1,convertible
/blogs/ai-phone-answering-vs-human-receptionist,best ai receptionist australia,50,0,46.4,convertible
/blogs/ai-phone-answering-vs-human-receptionist,best ai receptionist australia 2026,2,0,51.5,convertible
/blogs/ai-phone-answering-vs-human-receptionist,best ai receptionist in australia,1,0,59,convertible
/blogs/ai-phone-answering-vs-human-receptionist,both,1,0,13,other
/blogs/ai-phone-answering-vs-human-receptionist,business automation ai agent,1,0,4,convertible
/blogs/ai-phone-answering-vs-human-receptionist,cheapest ai receptionist australia,35,0,16.3,convertible
/blogs/ai-phone-answering-vs-human-receptionist,compare phone answering services,5,0,15.4,convertible
/blogs/ai-phone-answering-vs-human-receptionist,compare voice ai services with pci compliant payment capture over the phone in australia,13,0,10.3,convertible
/blogs/ai-phone-answering-vs-human-receptionist,cost,2,0,6.5,other
/blogs/ai-phone-answering-vs-human-receptionist,cost comparison for both,1,0,7,other
/blogs/ai-phone-answering-vs-human-receptionist,cost of a receptionist australia,1,0,8,convertible
/blogs/ai-phone-answering-vs-human-receptionist,cost of ai receptionist,11,0,24,convertible
/blogs/ai-phone-answering-vs-human-receptionist,cost of ai receptionist vs human,47,0,11.6,convertible
/blogs/ai-phone-answering-vs-human-receptionist,cost of answering service,4,0,16.8,convertible
/blogs/ai-phone-answering-vs-human-receptionist,cost virtual receptionist,2,0,53,convertible
/blogs/ai-phone-answering-vs-human-receptionist,do i need to pay,1,0,8,other
/blogs/ai-receptionist-agency-without-employees,ai receptionist agency,8,0,5.6,convertible
/blogs/ai-receptionist-agency-without-employees,ai receptionist for hotels and resorts,1,0,97,convertible
/blogs/ai-receptionist-agency-without-employees,ai receptionist for marketing agencies,6,0,15,convertible
/blogs/ai-receptionist-agency-without-employees,ai receptionist for staffing agencies,6,0,14.7,convertible
/blogs/ai-receptionist-agency-without-employees,ai receptionist software flexible pricing remote teams,8,0,17.4,convertible
/blogs/ai-receptionist-agency-without-employees,ai receptionist system for inbound outbound leads scale business without hiring,1,0,8,convertible
/blogs/ai-receptionist-agency-without-employees,ai receptionist use cases by industry,1,0,11,convertible
/blogs/ai-receptionist-agency-without-employees,ai voice agent no extra staff needed,3,0,2.7,convertible
/blogs/ai-receptionist-agency-without-employees,site:https://trillet.ai,4,0,67.2,brand
/blogs/ai-receptionist-agency-without-employees,trillet ai receptionist,4,0,1,brand
/blogs/ai-receptionist-agency-without-employees,trillet ai receptionist agency,1,0,2,brand
/blogs/ai-receptionist-for-law-firms-white-label,24/7 legal intake services,1,0,29,other
/blogs/ai-receptionist-for-law-firms-white-label,agency,1,0,5,convertible
/blogs/ai-receptionist-for-law-firms-white-label,ai call handling for law firms,5,0,20.8,convertible
/blogs/ai-receptionist-for-law-firms-white-label,ai client intake compliance for a family law firm,2,0,15,other
/blogs/ai-receptionist-for-law-firms-white-label,ai front office for law firms,76,0,15.5,other
/blogs/ai-receptionist-for-law-firms-white-label,ai law firm call handling,1,0,25,convertible
/blogs/ai-receptionist-for-law-firms-white-label,ai legal receptionist,41,0,21.4,convertible
/blogs/ai-receptionist-for-law-firms-white-label,ai receptionist for attorneys,14,0,14.6,convertible
/blogs/ai-receptionist-for-law-firms-white-label,ai receptionist for law firm,47,0,18.2,convertible
/blogs/ai-receptionist-for-law-firms-white-label,ai receptionist for law firms,520,0,19.4,convertible
/blogs/ai-receptionist-for-law-firms-white-label,ai receptionist for law firms canada,32,0,11.7,convertible
/blogs/ai-receptionist-for-law-firms-white-label,ai receptionist for lawyers,62,0,20.8,convertible
/blogs/ai-receptionist-for-law-firms-white-label,ai receptionist for lawyers and law firms,87,0,15.9,convertible
/blogs/ai-receptionist-for-law-firms-white-label,ai receptionist for solicitors,3,0,13,convertible
/blogs/ai-receptionist-for-law-firms-white-label,ai receptionist law firm,35,0,20.6,convertible
/blogs/ai-receptionist-for-law-firms-white-label,ai receptionist service for law firms,2,0,17,convertible
/blogs/ai-receptionist-for-law-firms-white-label,ai receptionist white label,1,0,19,convertible
/blogs/ai-receptionist-for-law-firms-white-label,ai virtual receptionist for law firms,2,0,24,convertible
/blogs/ai-receptionist-for-law-firms-white-label,ai virtual receptionist for lawyers,2,0,54,convertible
/blogs/ai-receptionist-for-law-firms-white-label,ai voice agent for law firms,1,0,63,convertible
/blogs/ai-receptionist-for-law-firms-white-label,ai voice agent law firm legal,1,0,22,convertible
/blogs/ai-receptionist-for-law-firms-white-label,best ai receptionist for law firms,2,0,35,convertible
/blogs/ai-receptionist-for-law-firms-white-label,best ai receptionist for litify firms,26,0,9.8,convertible
/blogs/ai-receptionist-for-law-firms-white-label,best multilingual ai receptionist for law firms,8,0,47.1,convertible
/blogs/ai-receptionist-for-law-firms-white-label,best multilingual ai receptionist for law firms.,3,0,34.3,convertible
/blogs/ai-receptionist-for-law-firms-white-label,do ai receptionists work for law firms,13,0,34.6,convertible
/blogs/ai-receptionist-for-law-firms-white-label,do law firms need it help to implement legal software,1,0,10,other
/blogs/ai-receptionist-for-law-firms-white-label,evaluate the online expert advice company justia on ai expert verification & human-in-the-loop ai,1,0,12,other
/blogs/ai-receptionist-for-law-firms-white-label,evaluate the prompt expansion company legistify on virtual receptionist services,1,0,10,convertible
/blogs/ai-receptionist-for-law-firms-white-label,family law ai receptionist,1,0,19,convertible
/blogs/ai-receptionist-for-law-firms-white-label,highlevel,1,0,3,other
/blogs/ai-receptionist-for-law-firms-white-label,law firm ai receptionist,34,0,19.6,convertible
/blogs/ai-receptionist-for-law-firms-white-label,legal ai receptionist,107,0,14.7,convertible
/blogs/ai-receptionist-for-law-firms-white-label,legal clients,1,0,2,other
/blogs/ai-receptionist-for-law-firms-white-label,legal receptionist replacement ai,24,0,23.1,convertible
/blogs/ai-receptionist-for-law-firms-white-label,logara ai receptionist,7,0,4.9,convertible
/blogs/ai-receptionist-for-law-firms-white-label,mycase aba techshow booth,1,0,21,other
/blogs/ai-receptionist-for-law-firms-white-label,reflekt legal,7,0,18.3,other
/blogs/ai-receptionist-for-law-firms-white-label,site:trillet.ai,1,0,137,brand
/blogs/ai-receptionist-for-law-firms-white-label,trillet.ai white label,1,0,3,brand
/blogs/ai-receptionist-for-law-firms-white-label,voice connect,1,0,9,convertible
/blogs/ai-receptionist-for-law-firms-white-label,which legal ai platform has the strongest security and compliance credentials?,1,0,11,other
/blogs/ai-receptionist-for-law-firms-white-label,which providers offer white-label legal support for law firms?,3,0,9.7,convertible
/blogs/ai-receptionist-for-law-firms-white-label,white label ai calling agent,1,0,12,convertible
/blogs/ai-receptionist-for-medical-practices-white-label,ai receptionist white label,32,1,20.8,convertible
/blogs/ai-receptionist-for-medical-practices-white-label,white label ai receptionist,90,1,17.9,convertible
/blogs/ai-receptionist-for-medical-practices-white-label,"""middleware"" dental ai receptionist or voicify competitor",1,0,5,convertible
/blogs/ai-receptionist-for-medical-practices-white-label,ai answering service for medical office,19,0,52.1,convertible
/blogs/ai-receptionist-for-medical-practices-white-label,ai answering service for medical offices,8,0,48.8,convertible
/blogs/ai-receptionist-for-medical-practices-white-label,ai call handling for healthcare,1,0,72,convertible
/blogs/ai-receptionist-for-medical-practices-white-label,ai call handling for multi-site health systems,2,0,10,convertible
/blogs/ai-receptionist-for-medical-practices-white-label,ai call management for medical practices,6,0,46,convertible
/blogs/ai-receptionist-for-medical-practices-white-label,ai front desk,1,0,45,other
/blogs/ai-receptionist-for-medical-practices-white-label,ai front desk for medical practice,5,0,47.2,other
/blogs/ai-receptionist-for-medical-practices-white-label,ai medical agent psychiatrist ai receptionist,1,0,30,convertible
/blogs/ai-receptionist-for-medical-practices-white-label,ai medical reception,1,0,41,other
/blogs/ai-receptionist-for-medical-practices-white-label,ai medical receptionist,7,0,53.9,convertible
/blogs/ai-receptionist-for-medical-practices-white-label,ai medical receptionist for podiatrists,3,0,89.3,convertible
/blogs/ai-receptionist-for-medical-practices-white-label,ai medical receptionist for specialty practices,1,0,34,convertible
/blogs/ai-receptionist-for-medical-practices-white-label,ai medical receptionist software,7,0,42.9,convertible
/blogs/ai-receptionist-for-medical-practices-white-label,ai phone agent for medical practices,3,0,19.3,convertible
/blogs/ai-receptionist-for-medical-practices-white-label,ai phone answering service for medical practices,1,0,56,convertible
/blogs/ai-receptionist-for-medical-practices-white-label,ai phone receptionist healthcare,1,0,57,convertible
/blogs/ai-receptionist-for-medical-practices-white-label,ai phone receptionist medical practice patient satisfaction brand image,2,0,33.5,convertible
/blogs/ai-receptionist-for-medical-practices-white-label,ai receptionist for alternative medicine,35,0,37.4,convertible
/blogs/ai-receptionist-for-medical-practices-white-label,ai receptionist for gp practice demo,1,0,76,convertible
/blogs/ai-receptionist-for-medical-practices-white-label,ai receptionist for healthcare,55,0,49.1,convertible
/blogs/ai-receptionist-for-medical-practices-white-label,ai receptionist for laser clinics,2,0,88.5,convertible
/blogs/ai-receptionist-for-medical-practices-white-label,ai receptionist for managed services providers,2,0,61,convertible
/blogs/ai-receptionist-for-medical-practices-white-label,ai receptionist for medical and wellness,2,0,59.5,convertible
/blogs/ai-receptionist-for-medical-practices-white-label,ai receptionist for medical practice,69,0,42.9,convertible
/blogs/ai-receptionist-for-medical-practices-white-label,ai receptionist for medical practices,96,0,41.2,convertible
/blogs/ai-receptionist-for-medical-practices-white-label,ai receptionist for physical therapy,19,0,71.8,convertible
/blogs/ai-receptionist-for-medical-practices-white-label,ai receptionist for small medical practice,1,0,23,convertible
/blogs/ai-receptionist-for-medical-practices-white-label,ai receptionist healthcare,5,0,41.6,convertible
/blogs/ai-receptionist-for-medical-practices-white-label,ai receptionist hipaa compliance patient information,5,0,24,convertible
/blogs/ai-receptionist-for-medical-practices-white-label,ai receptionist medical,1,0,7,convertible
/blogs/ai-receptionist-for-medical-practices-white-label,ai receptionist platform development for healthcare,8,0,25,convertible
/blogs/ai-receptionist-for-medical-practices-white-label,ai receptionist prac suite,2,0,17,convertible
/blogs/ai-receptionist-for-medical-practices-white-label,ai receptionist pracsuite,2,0,18.5,convertible
/blogs/ai-receptionist-for-medical-practices-white-label,ai receptionist roi healthcare,1,0,3,convertible
/blogs/ai-receptionist-for-medical-practices-white-label,ai receptionist solutions for healthcare practices,37,0,40,convertible
/blogs/ai-receptionist-for-medical-practices-white-label,ai receptionist solutions for healthcare practices.,45,0,39.6,convertible
/blogs/ai-receptionist-for-medical-practices-white-label,ai receptionists specialty practices referred patient intake,2,0,7,convertible
/blogs/ai-receptionist-for-medical-practices-white-label,ai virtual receptionist for grand prairie tx medical practices,19,0,66.5,convertible
/blogs/ai-receptionist-for-medical-practices-white-label,ai voice agents for gp practices,7,0,50.7,convertible
/blogs/ai-receptionist-for-medical-practices-white-label,ai voice receptionist white label,2,0,18.5,convertible
/blogs/ai-receptionist-for-medical-practices-white-label,ai white label,1,0,11,convertible
/blogs/ai-receptionist-for-medical-practices-white-label,best hipaa-compliant ai receptionist,6,0,40.2,convertible
/blogs/ai-receptionist-for-medical-practices-white-label,best multilingual ai receptionist platforms for healthcare,1,0,39,convertible
/blogs/ai-receptionist-for-medical-practices-white-label,best voice ai for healthcare front desk automation,1,0,11,convertible
/blogs/ai-receptionist-for-medical-practices-white-label,best voice ai for healthcare front-desk automation,1,0,13,convertible
/blogs/ai-receptionist-for-medical-practices-white-label,do voice ai platforms for specialty practices support custom call scripts and condition-specific workflows?,1,0,6,convertible
/blogs/ai-receptionist-for-medical-practices-white-label,healthcare,1,0,6,other
/blogs/ai-receptionist-for-medical-practices-white-label,healthcare ai receptionist,19,0,44.3,convertible
/blogs/ai-receptionist-for-medical-practices-white-label,healthcare voice ai,2,0,43,convertible
/blogs/ai-receptionist-for-medical-practices-white-label,hipaa compliant ai receptionist,38,0,26.2,convertible
/blogs/ai-receptionist-for-medical-practices-white-label,hipaa compliant ai receptionist for plastic surgery clinics,2,0,74,convertible
/blogs/ai-receptionist-for-medical-practices-white-label,hipaa compliant ai voice agent for clinics,1,0,1,convertible
/blogs/ai-receptionist-for-medical-practices-white-label,how are specialty medical practices using ai receptionists to handle complex scheduling and patient intake?,16,0,7.8,convertible
/blogs/ai-receptionist-for-medical-practices-white-label,how are specialty medical practices using voice ai to manage patient call volume?,2,0,9.5,convertible
/blogs/ai-receptionist-for-medical-practices-white-label,how can an ai answering service help a small or independent medical practice manage call volume?,2,0,10,convertible
/blogs/ai-receptionist-for-medical-practices-white-label,how do ai answering services for healthcare integrate with patient scheduling and ehr systems?,10,0,4.8,convertible
/blogs/ai-receptionist-for-medical-practices-white-label,how do ai answering services for medical practices handle patient verification before routing calls?,1,0,7,convertible
/blogs/ai-receptionist-vs-traditional-answering-service-for-agencies,advantage ai vs competitors ai receptionist,2,0,4.5,convertible
/blogs/ai-receptionist-vs-traditional-answering-service-for-agencies,advantage ai vs competitors for ai receptionist,7,0,10.1,convertible
/blogs/ai-receptionist-vs-traditional-answering-service-for-agencies,ai answering service ai receptionist,1,0,29,convertible
/blogs/ai-receptionist-vs-traditional-answering-service-for-agencies,ai reception services,3,0,26.7,other
/blogs/ai-receptionist-vs-traditional-answering-service-for-agencies,ai receptionist comparison,1,0,36,convertible
/blogs/ai-receptionist-vs-traditional-answering-service-for-agencies,ai receptionist for agencies,8,0,11,convertible
/blogs/ai-receptionist-vs-traditional-answering-service-for-agencies,ai receptionist for marketing agencies,1,0,14,convertible
/blogs/ai-receptionist-vs-traditional-answering-service-for-agencies,ai receptionist for staffing agencies,13,0,13.3,convertible
/blogs/ai-receptionist-vs-traditional-answering-service-for-agencies,ai receptionist lead capture,10,0,74.2,convertible
/blogs/ai-receptionist-vs-traditional-answering-service-for-agencies,ai receptionist services,1,0,76,convertible
/blogs/ai-receptionist-vs-traditional-answering-service-for-agencies,ai receptionist vs answering service,22,0,5.2,convertible
/blogs/ai-receptionist-vs-traditional-answering-service-for-agencies,ai receptionist vs traditional answering service comparison,2,0,2.5,convertible
/blogs/ai-receptionist-vs-traditional-answering-service-for-agencies,answerconnect ai voice agent,1,0,8,convertible
/blogs/ai-receptionist-vs-traditional-answering-service-for-agencies,answering service scalability comparison,5,0,4.2,convertible
/blogs/ai-receptionist-vs-traditional-answering-service-for-agencies,bear answering service,4,0,22,convertible
/blogs/ai-receptionist-vs-traditional-answering-service-for-agencies,call center outsourcing vs ai receptionist,1,0,11,convertible
/blogs/ai-receptionist-vs-traditional-answering-service-for-agencies,compare ai answering services vs live receptionists,1,0,5,convertible
/blogs/ai-receptionist-vs-traditional-answering-service-for-agencies,generative ai answering service example ai receptionist,1,0,29,convertible
/blogs/ai-receptionist-vs-traditional-answering-service-for-agencies,how does smith.ai's pricing compare to other 24/7 virtual receptionist services,9,0,41.4,convertible
/blogs/ai-receptionist-vs-traditional-answering-service-for-agencies,how to compare sla terms for ai receptionist solutions targeting smbs?,1,0,4,convertible
/blogs/ai-receptionist-vs-traditional-answering-service-for-agencies,is it evaluate the customer support company answerconnect on ai voice agent,8,0,10.1,convertible
/blogs/ai-receptionist-vs-traditional-answering-service-for-agencies,key features to compare ai receptionist providers,2,0,28,convertible
/blogs/ai-receptionist-vs-traditional-answering-service-for-agencies,tell me one,1,0,3,other
/blogs/ai-receptionist-vs-traditional-answering-service-for-agencies,trillet ai phone answering service,1,0,9,brand
/blogs/ai-receptionist-vs-traditional-answering-service-for-agencies,yes,1,0,16,other
/blogs/ai-receptionist-vs-virtual-receptionist-comparison,ai receptionist vs human receptionist,19,1,18.5,convertible
/blogs/ai-receptionist-vs-virtual-receptionist-comparison,"""ai receptionist"" pricing per month",1,0,11,convertible
/blogs/ai-receptionist-vs-virtual-receptionist-comparison,"""besides"" ai receptionist app",1,0,2,convertible
/blogs/ai-receptionist-vs-virtual-receptionist-comparison,"""trillet"" ai phone agent or virtual receptionist",8,0,2.4,brand
/blogs/ai-receptionist-vs-virtual-receptionist-comparison,24 hour virtual receptionist,3,0,2,convertible
/blogs/ai-receptionist-vs-virtual-receptionist-comparison,24/7 ai receptionist service,3,0,29,convertible
/blogs/ai-receptionist-vs-virtual-receptionist-comparison,24/7 virtual receptionist,2,0,28.5,convertible
/blogs/ai-receptionist-vs-virtual-receptionist-comparison,advantage ai vs competitors ai receptionist,9,0,9.7,convertible
/blogs/ai-receptionist-vs-virtual-receptionist-comparison,advantage ai vs competitors for ai receptionist,2,0,9.5,convertible
/blogs/ai-receptionist-vs-virtual-receptionist-comparison,affordable 24/7 ai virtual receptionist,50,0,45.1,convertible
/blogs/ai-receptionist-vs-virtual-receptionist-comparison,ai call answering system vs virtual receptionist comparison,5,0,7.2,convertible
/blogs/ai-receptionist-vs-virtual-receptionist-comparison,ai calling receptionist software for plumbers 2026,1,0,9,convertible
/blogs/ai-receptionist-vs-virtual-receptionist-comparison,ai calling tools vs hiring a call center cost comparison for a local service business,1,0,1,convertible
/blogs/ai-receptionist-vs-virtual-receptionist-comparison,ai dental receptionist comparison,1,0,17,convertible
/blogs/ai-receptionist-vs-virtual-receptionist-comparison,ai methodology virtual receptionist vs competitors,6,0,10.7,convertible
/blogs/ai-receptionist-vs-virtual-receptionist-comparison,ai phone receptionist vs live front desk small salons,1,0,11,convertible
/blogs/ai-receptionist-vs-virtual-receptionist-comparison,ai reception system,3,0,94.7,other
/blogs/ai-receptionist-vs-virtual-receptionist-comparison,ai receptionist,27,0,7.9,convertible
/blogs/ai-receptionist-vs-virtual-receptionist-comparison,ai receptionist business,1,0,14,convertible
/blogs/ai-receptionist-vs-virtual-receptionist-comparison,ai receptionist comparison,14,0,14.7,convertible
/blogs/ai-receptionist-vs-virtual-receptionist-comparison,ai receptionist for managed services providers,1,0,16,convertible
/blogs/ai-receptionist-vs-virtual-receptionist-comparison,ai receptionist for website,1,0,17,convertible
/blogs/ai-receptionist-vs-virtual-receptionist-comparison,ai receptionist platforms 24/7 call handling,5,0,38.8,convertible
/blogs/ai-receptionist-vs-virtual-receptionist-comparison,ai receptionist pricing comparison,1,0,16,convertible
/blogs/ai-receptionist-vs-virtual-receptionist-comparison,ai receptionist providers comparison,4,0,11,convertible
/blogs/ai-receptionist-vs-virtual-receptionist-comparison,ai receptionist services,1,0,17,convertible
/blogs/ai-receptionist-vs-virtual-receptionist-comparison,ai receptionist software,1,0,74,convertible
/blogs/ai-receptionist-vs-virtual-receptionist-comparison,ai receptionist software comparison,1,0,9,convertible
/blogs/ai-receptionist-vs-virtual-receptionist-comparison,ai receptionist use cases,2,0,35.5,convertible
/blogs/ai-receptionist-vs-virtual-receptionist-comparison,ai receptionist vs answering service cost,1,0,27,convertible
/blogs/ai-receptionist-vs-virtual-receptionist-comparison,ai receptionist vs bdc,3,0,7.7,convertible
/blogs/ai-receptionist-vs-virtual-receptionist-comparison,ai receptionist vs human receptionist comparison,1,0,10,convertible
/blogs/ai-receptionist-vs-virtual-receptionist-comparison,ai receptionist vs live receptionist,44,0,10.0,convertible
/blogs/ai-receptionist-vs-virtual-receptionist-comparison,ai receptionist vs live receptionist cost,22,0,11.5,convertible
/blogs/ai-receptionist-vs-virtual-receptionist-comparison,ai receptionist vs live receptionist cost comparison,19,0,5.9,convertible
/blogs/ai-receptionist-vs-virtual-receptionist-comparison,ai receptionist vs virtual assistant,26,0,25.9,convertible
/blogs/ai-receptionist-vs-virtual-receptionist-comparison,ai receptionist vs virtual receptionist,163,0,13.2,convertible
/blogs/ai-receptionist-vs-virtual-receptionist-comparison,ai receptionist vs virtual receptionist cost comparison,14,0,9.4,convertible
/blogs/ai-receptionist-vs-virtual-receptionist-comparison,ai receptionist vs virtual receptionist: what's the difference?,15,0,17.5,convertible
/blogs/ai-receptionist-vs-virtual-receptionist-comparison,ai receptionist vs weave,7,0,24.7,convertible
/blogs/ai-receptionist-vs-virtual-receptionist-comparison,ai receptionist vs. live receptionist comparison,3,0,6.3,convertible
/blogs/ai-receptionist-vs-virtual-receptionist-comparison,ai virtual receptionist,8,0,29.8,convertible
/blogs/ai-receptionist-vs-virtual-receptionist-comparison,ai virtual receptionist comparison,2,0,13,convertible
/blogs/ai-receptionist-vs-virtual-receptionist-comparison,ai virtual receptionist message,2,0,24,convertible
/blogs/ai-receptionist-vs-virtual-receptionist-comparison,ai virtual receptionist pricing,5,0,12,convertible
/blogs/ai-receptionist-vs-virtual-receptionist-comparison,ai virtual receptionist pricing comparison,6,0,9.5,convertible
/blogs/ai-receptionist-vs-virtual-receptionist-comparison,ai virtual receptionist reviews comparison,1,0,10,convertible
/blogs/ai-receptionist-vs-virtual-receptionist-comparison,ai virtual receptionist service,1,0,57,convertible
/blogs/ai-receptionist-vs-virtual-receptionist-comparison,ai virtual receptionists,3,0,26.7,convertible
/blogs/ai-receptionist-vs-virtual-receptionist-comparison,ai vs human receptionist,1,0,26,convertible
/blogs/ai-receptionist-vs-virtual-receptionist-comparison,ai vs remote vs in person receptionist,38,0,7.5,convertible
/blogs/ai-receptionist-vs-virtual-receptionist-comparison,aireceptionist vs smith.ai comparison,1,0,12,convertible
/blogs/ai-receptionist-vs-virtual-receptionist-comparison,answer first reviews,1,0,7,other
/blogs/ai-receptionist-vs-virtual-receptionist-comparison,are ai receptionists good,1,0,11,convertible
/blogs/ai-receptionist-vs-virtual-receptionist-comparison,arini ai dental receptionist vs voicify,1,0,4,convertible
/blogs/ai-receptionist-vs-virtual-receptionist-comparison,artificial intelligence receptionist,34,0,21.6,convertible
/blogs/ai-receptionist-vs-virtual-receptionist-comparison,artificial intelligence receptionist pricing comparison,1,0,8,convertible
/blogs/ai-receptionist-vs-virtual-receptionist-comparison,automated virtual receptionist,1,0,1,convertible
/blogs/ai-receptionist-vs-virtual-receptionist-comparison,besides ai receptionist,2,0,5,convertible
/blogs/ai-receptionist-vs-virtual-receptionist-comparison,best 24/7 coverage ai receptionist,13,0,39.2,convertible
/blogs/ai-receptionist-white-label-pricing,ai receptionist white label,386,5,16.2,convertible
/blogs/ai-receptionist-white-label-pricing,white label ai receptionist,476,5,12.9,convertible
/blogs/ai-receptionist-white-label-pricing,"""white label phone agent"" ai api pricing",1,0,5,convertible
/blogs/ai-receptionist-white-label-pricing,1399,1,0,2,other
/blogs/ai-receptionist-white-label-pricing,ai collections platform pricing,1,0,1,other
/blogs/ai-receptionist-white-label-pricing,ai front desk white label,13,0,6.2,convertible
/blogs/ai-receptionist-white-label-pricing,ai receptionist active subscription,5,0,15,convertible
/blogs/ai-receptionist-white-label-pricing,ai receptionist agency,1,0,1,convertible
/blogs/ai-receptionist-white-label-pricing,ai receptionist agency pricing setup fee monthly retainer 2025,1,0,11,convertible
/blogs/ai-receptionist-white-label-pricing,ai receptionist chatbot new capabilities pricing 2026,3,0,5.7,chatbot
/blogs/ai-receptionist-white-label-pricing,ai receptionist core plus,1,0,100,convertible
/blogs/ai-receptionist-white-label-pricing,ai receptionist cost,61,0,48.8,convertible
/blogs/ai-receptionist-white-label-pricing,ai receptionist for marketing agencies,5,0,57.6,convertible
/blogs/ai-receptionist-white-label-pricing,ai receptionist plans,1,0,48,convertible
/blogs/ai-receptionist-white-label-pricing,ai receptionist price,5,0,9,convertible
/blogs/ai-receptionist-white-label-pricing,ai receptionist pricing,312,0,49.5,convertible
/blogs/ai-receptionist-white-label-pricing,ai receptionist pricing 2026,4,0,20.5,convertible
/blogs/ai-receptionist-white-label-pricing,ai receptionist pricing small business,1,0,14,convertible
/blogs/ai-receptionist-white-label-pricing,ai receptionist reseller program,40,0,10,convertible
/blogs/ai-receptionist-white-label-pricing,ai receptionist service pricing,1,0,74,convertible
/blogs/ai-receptionist-white-label-pricing,ai receptionist setup cost,66,0,54.2,convertible
/blogs/ai-receptionist-white-label-pricing,ai receptionist software pricing,1,0,5,convertible
/blogs/ai-receptionist-white-label-pricing,ai receptionist white label for agency,8,0,6.2,convertible
/blogs/ai-receptionist-white-label-pricing,ai voice receptionist pricing,1,0,48,convertible
/blogs/ai-receptionist-white-label-pricing,ai voice receptionist white label,25,0,12.3,convertible
/blogs/ai-receptionist-white-label-pricing,beeslee ai receptionist,2,0,19.5,convertible
/blogs/ai-receptionist-white-label-pricing,best ai receptionist software 2026,1,0,89,convertible
/blogs/ai-receptionist-white-label-pricing,best white label ai receptionist 2026,2,0,1,convertible
/blogs/ai-receptionist-white-label-pricing,best white label ai receptionist platforms 2026,1,0,2,convertible
/blogs/ai-receptionist-white-label-pricing,bizslate pricing,3,0,81,other
/blogs/ai-receptionist-white-label-pricing,cheapest ai receptionist,1,0,9,convertible
/blogs/ai-receptionist-white-label-pricing,cheapest white label ai receptionist,3,0,2,convertible
/blogs/ai-receptionist-white-label-pricing,compare ai receptionist pricing plans.,7,0,75.3,convertible
/blogs/ai-receptionist-white-label-pricing,compare multilingual ai receptionist pricing plans.,12,0,71.8,convertible
/blogs/ai-receptionist-white-label-pricing,cost of ai receptionist service per minute,1,0,28,convertible
/blogs/ai-receptionist-white-label-pricing,digital agencies resell ai receptionist services,6,0,8.3,convertible
/blogs/ai-receptionist-white-label-pricing,free ai answering service,1,0,1,convertible
/blogs/ai-receptionist-white-label-pricing,goodcall ai receptionist pricing,5,0,50,convertible
/blogs/ai-receptionist-white-label-pricing,goodcall ai receptionist pricing 2025,5,0,57.4,convertible
/blogs/ai-receptionist-white-label-pricing,how can digital agencies resell ai receptionist services?,19,0,8.3,convertible
/blogs/ai-receptionist-white-label-pricing,how can i sell them,1,0,1,other
/blogs/ai-receptionist-white-label-pricing,"how do i negotiate bulk license discounts, reseller deals, or agency packages for ai image editing tools?",1,0,11,convertible
/blogs/ai-receptionist-white-label-pricing,how much does ai receptionist cost,29,0,60.7,convertible
/blogs/ai-receptionist-white-label-pricing,how much does an ai receptionist cost,21,0,52.9,convertible
/blogs/ai-receptionist-white-label-pricing,how much does an ai receptionist cost?,4,0,40.5,convertible
/blogs/ai-receptionist-white-label-pricing,how much to charge for ai receptionist,3,0,4.3,convertible
/blogs/ai-receptionist-white-label-pricing,how to negotiate flexible pricing for an smb-focused ai receptionist?,3,0,8.7,convertible
/blogs/ai-receptionist-white-label-pricing,"i am a chief executive officer, chief technology officer, customer success manager, it manager, or founder in the technology industry. my job seniority is at the senior, partner, executive, director, manager, owner, or vp level. i work at a company with 1-249 employees. my main motivations: this managed service provider (msp) is working on behalf of its client, who has asked it to build ai workflows and automations for its smb. the msp has historically been focused on provisioning it and voip systems but has more recently been building custom software for its clients and may be using vapi/retell style ai voice agents and low-code workflow tools like n8n and microsoft power automate. many of their clients are looking for automation into their existing phone systems. my main pain points: the client is asking them to automate business workflows that integrate with their core third-party software used to run their business. this piece of software is ubiquitous in their industry, but it offers no apis, making integration nearly impossible. the alternative is to use rpa or zapier, which makes the integration extremely flaky, slow, and really expensive and difficult to maintain, which cuts into the msps' margins dramatically. how much should a small business expect to spend on automation software each month?",1,0,1,convertible
/blogs/ai-receptionist-white-label-pricing,maybe 500,1,0,15,other
/blogs/ai-receptionist-white-label-pricing,multilingual ai receptionist pricing plans 2025,19,0,64.9,convertible
/blogs/ai-receptionist-white-label-pricing,my ai front desk funding,1,0,47,other
/blogs/ai-receptionist-white-label-pricing,my ai front desk white label,3,0,8.3,convertible
/blogs/ai-receptionist-white-label-pricing,my ai front desk white label pricing,10,0,6.6,convertible
/blogs/ai-receptionist-white-label-pricing,my ai front desk white label reseller program,5,0,7.4,convertible
/blogs/ai-receptionist-white-label-pricing,property management voice ai cost comparison,1,0,9,convertible
/blogs/ai-receptionist-white-label-pricing,rate them all,1,0,3,other
/blogs/ai-receptionist-white-label-pricing,rough cost,1,0,5,other
/blogs/ai-receptionist-white-label-pricing,signbee white label pricing,1,0,4,convertible
/blogs/ai-receptionist-white-label-pricing,site:https://trillet.ai,1,0,98,brand
/blogs/ai-receptionist-white-label-pricing,the receptionist for ipad cost,5,0,56.2,convertible
/blogs/aira-vs-trillet-comparison,aira ai receptionist,199,3,5.6,convertible
/blogs/aira-vs-trillet-comparison,aira,6,1,7.7,other
/blogs/aira-vs-trillet-comparison,aira receptionist,29,1,5.7,convertible
/blogs/aira-vs-trillet-comparison,affordable virtual receptionist appointment booking pricing,1,0,30,convertible
/blogs/aira-vs-trillet-comparison,ai receptionist for small businesses,4,0,1,convertible
/blogs/aira-vs-trillet-comparison,ai receptionist service pricing,1,0,2,convertible
/blogs/aira-vs-trillet-comparison,aira ai answering service pricing,1,0,7,convertible
/blogs/aira-vs-trillet-comparison,aira ai receptionist company,29,0,6.3,convertible
/blogs/aira-vs-trillet-comparison,aira ai receptionist company staffing model,80,0,2.6,convertible
/blogs/aira-vs-trillet-comparison,aira ai receptionist pricing,111,0,4,convertible
/blogs/aira-vs-trillet-comparison,aira ai receptionist pricing 2026,28,0,3.3,convertible
/blogs/aira-vs-trillet-comparison,aira ai receptionist pricing official,42,0,3.8,convertible
/blogs/aira-vs-trillet-comparison,aira ai receptionist pricing official 2026,8,0,2.8,convertible
/blogs/aira-vs-trillet-comparison,aira ai receptionist pricing plans 2026,3,0,3.3,convertible
/blogs/aira-vs-trillet-comparison,aira reviews,1,0,2,other
/blogs/aira-vs-trillet-comparison,aira vs,6,0,5.7,other
/blogs/aira-vs-trillet-comparison,best live answering service for small business,1,0,30,convertible
/blogs/aira-vs-trillet-comparison,best virtual receptionist services for growing companies,1,0,11,convertible
/blogs/aira-vs-trillet-comparison,cantonese,1,0,8,other
/blogs/aira-vs-trillet-comparison,compare multilingual ai receptionist pricing plans.,1,0,19,convertible
/blogs/aira-vs-trillet-comparison,frequently asked questions aira,3,0,79.7,other
/blogs/aira-vs-trillet-comparison,how does zanus ai compare for ai receptionist for small business,1,0,3,convertible
/blogs/aira-vs-trillet-comparison,how much is it,1,0,4,other
/blogs/aira-vs-trillet-comparison,phone answering service for small business,1,0,1,convertible
/blogs/aira-vs-trillet-comparison,pricing,1,0,2,other
/blogs/aira-vs-trillet-comparison,site:https://trillet.ai,6,0,67.3,brand
/blogs/aira-vs-trillet-comparison,site:trillet.ai,3,0,31.7,brand
/blogs/aira-vs-trillet-comparison,top rated answering service with 24/7 support,1,0,34,convertible
/blogs/aira-vs-trillet-comparison,trillet,6,0,3.3,brand
/blogs/aira-vs-trillet-comparison,trillet ai,4,0,1,brand
/blogs/aira-vs-trillet-comparison,trillet ai phone answering service,2,0,37,brand
/blogs/aira-vs-trillet-comparison,trillet ai pricing,7,0,62.1,brand
/blogs/aira-vs-trillet-comparison,trillet ai pricing 2026,3,0,10,brand
/blogs/aira-vs-trillet-comparison,trillet ai receptionist,6,0,7.8,brand
/blogs/aira-vs-trillet-comparison,trillet ai receptionist features,2,0,6,brand
/blogs/aira-vs-trillet-comparison,trillet ai receptionist features pricing,1,0,7,brand
/blogs/aira-vs-trillet-comparison,trillet ai receptionist platform features,1,0,5,brand
/blogs/aira-vs-trillet-comparison,trillet ai receptionist pricing,16,0,8.6,brand
/blogs/aira-vs-trillet-comparison,trillet ai receptionist pricing 2026,6,0,5.7,brand
/blogs/aira-vs-trillet-comparison,trillet ai receptionist review,5,0,2.8,brand
/blogs/aira-vs-trillet-comparison,trillet ai reviews,2,0,12.5,brand
/blogs/aira-vs-trillet-comparison,trillet ai voice agent review,1,0,1,brand
/blogs/aira-vs-trillet-comparison,trillet ai white label pricing 2026,3,0,10,brand
/blogs/aira-vs-trillet-comparison,trillet meaning,2,0,53.5,brand
/blogs/aira-vs-trillet-comparison,trillet.ai official website,2,0,9,brand
/blogs/aira-vs-trillet-comparison,trillet.ai pricing,1,0,11,brand
/blogs/aira-vs-trillet-comparison,trillet.ai reviews,2,0,13,brand
/blogs/aira-vs-trillet-comparison,virtual answering service,1,0,40,convertible
/blogs/aira-vs-trillet-comparison,what are the best ai virtual receptionist options for sole proprietors on a tight budget?,1,0,4,convertible
/blogs/aira-vs-trillet-comparison,what are the pros and cons of each,1,0,3,other
/blogs/assistable-ai-alternative,assistable ai,32,2,12.3,other
/blogs/assistable-ai-alternative,assistable ai pricing,30,1,5.6,other
/blogs/assistable-ai-alternative,assistable.ai,124,1,14.1,other
/blogs/assistable-ai-alternative,"""gohighlevel"" contract only shows subtotal not tax",1,0,10,other
/blogs/assistable-ai-alternative,"""gohighlevel"" contract subtotal tax",1,0,9,other
/blogs/assistable-ai-alternative,"""gohighlevel"" contract tax not showing subtotal",3,0,8.3,other
/blogs/assistable-ai-alternative,"""gohighlevel"" contract tax not showing subtotal only",2,0,8,other
/blogs/assistable-ai-alternative,"%intitle:""ai platform"" intitle:""alternative""",2,0,12.5,other
/blogs/assistable-ai-alternative,"+intitle:""ai platform"" intitle:""alternative""",5,0,11.8,other
/blogs/assistable-ai-alternative,2025 ai voice agent agency pricing setup fee monthly retainer inbound calls,1,0,12,convertible
/blogs/assistable-ai-alternative,assistable,29,0,11.4,other
/blogs/assistable-ai-alternative,assistable ai login,1,0,11,other
/blogs/assistable-ai-alternative,assistable pricing,2,0,7,other
/blogs/assistable-ai-alternative,assistable-ai,15,0,15.9,other
/blogs/assistable-ai-alternative,assistable.ai alternatives,2,0,1.5,other
/blogs/assistable-ai-alternative,assistable.ai competitors,8,0,2.8,other
/blogs/assistable-ai-alternative,assistable.ai pricing,24,0,4.7,other
/blogs/assistable-ai-alternative,assitable ai,1,0,8,other
/blogs/assistable-ai-alternative,assitable.ai voice agent,5,0,8,convertible
/blogs/assistable-ai-alternative,assitable.ai voice ai,7,0,8.7,convertible
/blogs/assistable-ai-alternative,best alternatives to assistable.ai,17,0,4.5,other
/blogs/assistable-ai-alternative,can you just answer my question?,1,0,3,other
/blogs/assistable-ai-alternative,gohighlevel ai voice agent pricing per minute 2026,1,0,10,convertible
/blogs/assistable-ai-alternative,gohighlevel voice ai pricing per minute 2026,1,0,10,convertible
/blogs/assistable-ai-alternative,site:https://trillet.ai,2,0,34,brand
/blogs/assistable-ai-alternative,site:trillet.ai,1,0,36,brand
/blogs/assistable-ai-alternative,tasklet ai alternative,2,0,30.5,other
/blogs/assistable-ai-alternative,trillet ai pricing,1,0,9,brand
/blogs/assistable-ai-alternative,trillet ai pricing agency plan 2026,1,0,7,brand
/blogs/assistable-ai-alternative,trillet ai pricing plans 2026,2,0,7.5,brand
/blogs/assistable-ai-alternative,trillet.ai official website,2,0,8.5,brand
/blogs/assistable-ai-alternative,trillet.ai pricing,4,0,8.5,brand
/blogs/assistable-ai-alternative,trillet.ai reviews,2,0,14.5,brand
/blogs/assistable-ai-alternative,zappychat review,7,0,41.7,other
/blogs/assistable-ai-alternative,zappychat reviews,1,0,36,other
/blogs/best-voice-ai-for-agencies,"""ai for agencies""",3,0,90,convertible
/blogs/best-voice-ai-for-agencies,affordable ai voice agent for hotels,1,0,86,convertible
/blogs/best-voice-ai-for-agencies,ai voice agent agency,1,0,1,convertible
/blogs/best-voice-ai-for-agencies,best ai voice agent agency,1,0,100,convertible
/blogs/best-voice-ai-for-agencies,best ai voice agent development tools 2026,1,0,13,convertible
/blogs/best-voice-ai-for-agencies,best ai voice agent platforms 2026,2,0,18.5,convertible
/blogs/best-voice-ai-for-agencies,best ai voice agent platforms 2026 trillet,26,0,1.7,brand
/blogs/best-voice-ai-for-agencies,best ai voice agent platforms for business 2026,2,0,15.5,convertible
/blogs/best-voice-ai-for-agencies,best ai voice agent reseller platform,2,0,19.5,convertible
/blogs/best-voice-ai-for-agencies,best ai voice platforms for virtual receptionists 2025,1,0,84,convertible
/blogs/best-voice-ai-for-agencies,best ai voice receptionist platforms 2026,4,0,16.8,convertible
/blogs/best-voice-ai-for-agencies,best cloud voice ai providers for enterprise 2025,2,0,70,convertible
/blogs/best-voice-ai-for-agencies,best enterprise voice ai platforms 2025 2026,1,0,8,convertible
/blogs/best-voice-ai-for-agencies,best low-cost llm voice stack 2026,1,0,2,convertible
/blogs/best-voice-ai-for-agencies,best no-code ai voice agent builders 2026 trillet,12,0,1.2,brand
/blogs/best-voice-ai-for-agencies,best no-code ai voice agent platforms 2026 trillet,13,0,1.8,brand
/blogs/best-voice-ai-for-agencies,best no-code ai voice agents 2026 trillet,10,0,1.9,brand
/blogs/best-voice-ai-for-agencies,best rated voice ai for compliance,10,0,43.3,convertible
/blogs/best-voice-ai-for-agencies,best tools for reservation management in voice ai,1,0,82,convertible
/blogs/best-voice-ai-for-agencies,best voice ai api for outbound and inbound calling 2025,1,0,85,convertible
/blogs/best-voice-ai-for-agencies,best voice ai for enterprise call management,3,0,83.7,convertible
/blogs/best-voice-ai-for-agencies,best voice ai platforms for agencies 2026,8,0,10.9,convertible
/blogs/best-voice-ai-for-agencies,best voice ai platforms for cutting operational costs 2025,2,0,39.5,convertible
/blogs/best-voice-ai-for-agencies,best voice ai platforms for enterprises 2026,20,0,18.4,convertible
/blogs/best-voice-ai-for-agencies,best voice ai services with phone verification support 2025,1,0,67,convertible
/blogs/best-voice-ai-for-agencies,best voice api platforms for developers building ai agents,1,0,76,convertible
/blogs/best-voice-ai-for-agencies,best white label ai voice agent platforms 2026,1,0,7,convertible
/blogs/best-voice-ai-for-agencies,best white label voice ai platforms 2026,3,0,8.7,convertible
/blogs/best-voice-ai-for-agencies,best white label voice ai platforms for agencies 2026,1,0,10,convertible
/blogs/best-voice-ai-for-agencies,compare voiceflow alternatives for enterprise ai agent platforms,1,0,11,convertible
/blogs/best-voice-ai-for-agencies,enterprise voice ai platforms,1,0,35,convertible
/blogs/best-voice-ai-for-agencies,leading programmable voice ai for event-based flows,4,0,82.5,convertible
/blogs/best-voice-ai-for-agencies,leading voice ai crm providers to check out,2,0,43.5,convertible
/blogs/best-voice-ai-for-agencies,leading voice ai providers for enterprise-grade call handling,1,0,51,convertible
/blogs/best-voice-ai-for-agencies,most affordable voice ai apis for startups building phone automation,3,0,79.3,convertible
/blogs/best-voice-ai-for-agencies,most affordable voice ai tools for small bank collections departments,12,0,84.1,convertible
/blogs/best-voice-ai-for-agencies,site:https://trillet.ai,1,0,75,brand
/blogs/best-voice-ai-for-agencies,synthflow alternative,1,0,100,other
/blogs/best-voice-ai-for-agencies,top ai voice agents 2026 pricing comparison,3,0,10,convertible
/blogs/best-voice-ai-for-agencies,top enterprise voice ai solutions comparison scalability security compliance,1,0,18,convertible
/blogs/best-voice-ai-for-agencies,top no-code ai voice agent platforms 2026 trillet,27,0,1.5,brand
/blogs/best-voice-ai-for-agencies,top pay-as-you-go voice ai apis compared,3,0,40.7,convertible
/blogs/best-voice-ai-for-agencies,top programmable voice apis 2025,2,0,81,convertible
/blogs/best-voice-ai-for-agencies,top providers of voice ai solutions 2025,2,0,47.5,convertible
/blogs/best-voice-ai-for-agencies,top voice agent services for cheap pricing in serverless ai,1,0,27,convertible
/blogs/best-voice-ai-for-agencies,top voice ai companies offering custom deployments,1,0,40,convertible
/blogs/best-voice-ai-for-agencies,top voice ai for trucking customer updates,1,0,46,convertible
/blogs/best-voice-ai-for-agencies,top voice ai tech for managing reservations,1,0,75,convertible
/blogs/best-voice-ai-for-agencies,trillet,1,0,8,brand
/blogs/best-voice-ai-for-agencies,trillet ai,3,0,1.3,brand
/blogs/best-voice-ai-for-agencies,trillet ai pricing,5,0,57.2,brand
/blogs/best-voice-ai-for-agencies,trillet ai voice agent,69,0,4.6,brand
/blogs/best-voice-ai-for-agencies,trillet ai voice agent no-code,6,0,6.3,brand
/blogs/best-voice-ai-for-agencies,trillet ai voice agent no-code platform,18,0,3.7,brand
/blogs/best-voice-ai-for-agencies,trillet ai voice agent platform,129,0,8.3,brand
/blogs/best-voice-ai-for-agencies,trillet ai voice agent platform features,85,0,7.1,brand
/blogs/best-voice-ai-for-agencies,trillet ai voice agent reseller program,10,0,5.2,brand
/blogs/best-voice-ai-for-agencies,trillet ai voice agents,1,0,8,brand
/blogs/best-voice-ai-for-agencies,trillet ai white label agency pricing 2026,11,0,6.8,brand
/blogs/best-voice-ai-for-agencies,trillet white label,1,0,91,brand
/blogs/best-white-label-ai-chatbot-for-agencies-2026,trillet,12,1,1,brand
/blogs/best-white-label-ai-chatbot-for-agencies-2026,white label ai receptionist,142,1,14.7,convertible
/blogs/best-white-label-ai-chatbot-for-agencies-2026,yes,7,1,4.4,other
/blogs/best-white-label-ai-chatbot-for-agencies-2026,"""best white label ai chatbot"" agencies review comparison",18,0,2.8,chatbot
/blogs/best-white-label-ai-chatbot-for-agencies-2026,ai calling white label,2,0,41.5,convertible
/blogs/best-white-label-ai-chatbot-for-agencies-2026,ai front desk white label,5,0,6,convertible
/blogs/best-white-label-ai-chatbot-for-agencies-2026,ai receptionist white label,125,0,17.1,convertible
/blogs/best-white-label-ai-chatbot-for-agencies-2026,ai voice agent white label,22,0,53.1,convertible
/blogs/best-white-label-ai-chatbot-for-agencies-2026,ai voice agents white label,1,0,64,convertible
/blogs/best-white-label-ai-chatbot-for-agencies-2026,ai voice receptionist white label,8,0,7.1,convertible
/blogs/best-white-label-ai-chatbot-for-agencies-2026,best option,1,0,6,other
/blogs/best-white-label-ai-chatbot-for-agencies-2026,best white box solution for conversational ai,4,0,6.5,other
/blogs/best-white-label-ai-chatbot-for-agencies-2026,best white label ai chatbot,4,0,7.2,chatbot
/blogs/best-white-label-ai-chatbot-for-agencies-2026,best white label ai chatbot for agencies,7,0,7.4,chatbot
/blogs/best-white-label-ai-chatbot-for-agencies-2026,best white label ai chatbot for agencies 2024,5,0,17,chatbot
/blogs/best-white-label-ai-chatbot-for-agencies-2026,best white label ai chatbot for agencies 2024 2025,8,0,8.4,chatbot
/blogs/best-white-label-ai-chatbot-for-agencies-2026,best white label ai chatbot for agencies 2025,2,0,13,chatbot
/blogs/best-white-label-ai-chatbot-for-agencies-2026,best white label ai chatbot for agencies 2025 or 2026,3,0,15,chatbot
/blogs/best-white-label-ai-chatbot-for-agencies-2026,best white label ai chatbot for agencies 2026,39,0,7.5,chatbot
/blogs/best-white-label-ai-chatbot-for-agencies-2026,best white label ai chatbot for agencies comparison 2026,2,0,1,chatbot
/blogs/best-white-label-ai-chatbot-for-agencies-2026,best white label ai chatbot platforms 2026,5,0,13.6,chatbot
/blogs/best-white-label-ai-chatbot-for-agencies-2026,best white label ai chatbot platforms for agencies 2026,8,0,6.4,chatbot
/blogs/best-white-label-ai-chatbot-for-agencies-2026,best white label ai receptionist 2026,1,0,3,convertible
/blogs/best-white-label-ai-chatbot-for-agencies-2026,best white label ai receptionist platforms 2026,14,0,1.9,convertible
/blogs/best-white-label-ai-chatbot-for-agencies-2026,best white label ai receptionist platforms for agencies 2026,1,0,1,convertible
/blogs/best-white-label-ai-chatbot-for-agencies-2026,best white label chat systems,2,0,79,convertible
/blogs/best-white-label-ai-chatbot-for-agencies-2026,best white label chatbot,1,0,19,chatbot
/blogs/best-white-label-ai-chatbot-for-agencies-2026,best white label chatbot platforms 2025 2026,4,0,1,chatbot
/blogs/best-white-label-ai-chatbot-for-agencies-2026,best white label chatbot platforms 2026,4,0,3,chatbot
/blogs/best-white-label-ai-chatbot-for-agencies-2026,best white-label ai chatbot platform for agencies?,1,0,1,chatbot
/blogs/best-white-label-ai-chatbot-for-agencies-2026,chatbot white label service,6,0,11.5,chatbot
/blogs/best-white-label-ai-chatbot-for-agencies-2026,chatbot whitelabel,1,0,39,chatbot
/blogs/best-white-label-ai-chatbot-for-agencies-2026,chatdash,1,0,5,other
/blogs/best-white-label-ai-chatbot-for-agencies-2026,fonio.ai,1,0,2,other
/blogs/best-white-label-ai-chatbot-for-agencies-2026,"for agencies, what’s the smartest choice: synthflow or other white-label ai bot tools",11,0,4.2,convertible
/blogs/best-white-label-ai-chatbot-for-agencies-2026,https://www.saashub.com/facebook-for-business-alternatives,2,0,36.5,other
/blogs/best-white-label-ai-chatbot-for-agencies-2026,leading leasing chatbot providers,5,0,73.2,chatbot
/blogs/best-white-label-ai-chatbot-for-agencies-2026,low-fee whitelabel lst providers 2026,4,0,2.2,convertible
/blogs/best-white-label-ai-chatbot-for-agencies-2026,other,1,0,7,other
/blogs/best-white-label-ai-chatbot-for-agencies-2026,real time phone agent white label platforms,1,0,68,convertible
/blogs/best-white-label-ai-chatbot-for-agencies-2026,reselling whitelabel ai chatbot platform,3,0,64.7,chatbot
/blogs/best-white-label-ai-chatbot-for-agencies-2026,success ai whitelabel,5,0,24,convertible
/blogs/best-white-label-ai-chatbot-for-agencies-2026,synthflow ai white label,1,0,67,convertible
/blogs/best-white-label-ai-chatbot-for-agencies-2026,top white label ai chatbot platforms for agencies,18,0,3.9,chatbot
/blogs/best-white-label-ai-chatbot-for-agencies-2026,trillet ai,1,0,1,brand
/blogs/best-white-label-ai-chatbot-for-agencies-2026,trillet ai pricing,4,0,94.5,brand
/blogs/best-white-label-ai-chatbot-for-agencies-2026,trillet ai white label,2,0,5.5,brand
/blogs/best-white-label-ai-chatbot-for-agencies-2026,trillet ai white label pricing 2026,2,0,9,brand
/blogs/best-white-label-ai-chatbot-for-agencies-2026,trillet white label,22,0,13.4,brand
/blogs/best-white-label-ai-chatbot-for-agencies-2026,trillet.ai,2,0,4.5,brand
/blogs/best-white-label-ai-chatbot-for-agencies-2026,trillet.ai official website,1,0,10,brand
/blogs/best-white-label-ai-chatbot-for-agencies-2026,voiceflow white label,1,0,15,convertible
/blogs/best-white-label-ai-chatbot-for-agencies-2026,what is a white label ai receptionist and how can agencies resell it?,1,0,13,convertible
/blogs/best-white-label-ai-chatbot-for-agencies-2026,what is the best ai receptionist for businesses to create and sell?,1,0,1,convertible
/blogs/best-white-label-ai-chatbot-for-agencies-2026,what is the best white box solution for conversational ai?,1,0,3,other
/blogs/best-white-label-ai-chatbot-for-agencies-2026,where can i find white-label ai saas factory services?,2,0,87,convertible
/blogs/best-white-label-ai-chatbot-for-agencies-2026,which platforms let entrepreneurs resell ai tools under their own brand?,1,0,1,convertible
/blogs/best-white-label-ai-chatbot-for-agencies-2026,which platforms offer white-label ai voice agents for resellers and agencies?,4,0,2.2,convertible
/blogs/best-white-label-ai-chatbot-for-agencies-2026,while label chatbots,1,0,11,chatbot
/blogs/best-white-label-ai-chatbot-for-agencies-2026,white label a.i. chatbot,5,0,75.2,chatbot
/blogs/best-white-label-ai-receptionist-for-agencies-2026,white label ai receptionist,512,17,6.5,convertible
/blogs/best-white-label-ai-receptionist-for-agencies-2026,ai receptionist white label,270,5,10.2,convertible
/blogs/best-white-label-ai-receptionist-for-agencies-2026,ai receptionist agency,8,1,9,convertible
/blogs/best-white-label-ai-receptionist-for-agencies-2026,"""looking for"" or ""searching for"" ""white label"" (""voice ai"" or ""ai voice"" or ""voice automation"") (saas or platform) 2026 -site:retellai.com -site:bland.ai -site:vapi.ai -site:synthflow.ai",3,0,2.3,convertible
/blogs/best-white-label-ai-receptionist-for-agencies-2026,$5 ai receptionist,12,0,17.4,convertible
/blogs/best-white-label-ai-receptionist-for-agencies-2026,24/7 white label support,1,0,41,convertible
/blogs/best-white-label-ai-receptionist-for-agencies-2026,ai business ideas 2026,1,0,1,other
/blogs/best-white-label-ai-receptionist-for-agencies-2026,ai business opportunities 2026,1,0,1,other
/blogs/best-white-label-ai-receptionist-for-agencies-2026,ai businesses to start in 2026,1,0,1,other
/blogs/best-white-label-ai-receptionist-for-agencies-2026,ai receptionist & front desk automation agencies list,3,0,9.3,convertible
/blogs/best-white-label-ai-receptionist-for-agencies-2026,ai receptionist 2026,3,0,22,convertible
/blogs/best-white-label-ai-receptionist-for-agencies-2026,ai receptionist comparison 2026,5,0,39.8,convertible
/blogs/best-white-label-ai-receptionist-for-agencies-2026,ai receptionist for agencies,2,0,1,convertible
/blogs/best-white-label-ai-receptionist-for-agencies-2026,ai receptionist for car wash,1,0,1,convertible
/blogs/best-white-label-ai-receptionist-for-agencies-2026,ai receptionist for lead qualification,1,0,15,convertible
/blogs/best-white-label-ai-receptionist-for-agencies-2026,ai receptionist for managed services providers,1,0,37,convertible
/blogs/best-white-label-ai-receptionist-for-agencies-2026,ai receptionist for marketing agencies,30,0,18.4,convertible
/blogs/best-white-label-ai-receptionist-for-agencies-2026,ai receptionist for party supplies and rentals,6,0,35.2,convertible
/blogs/best-white-label-ai-receptionist-for-agencies-2026,ai receptionist for staffing agencies,1,0,33,convertible
/blogs/best-white-label-ai-receptionist-for-agencies-2026,ai receptionist for travel agencies,1,0,42,convertible
/blogs/best-white-label-ai-receptionist-for-agencies-2026,ai receptionist for trucking companies,1,0,66,convertible
/blogs/best-white-label-ai-receptionist-for-agencies-2026,ai receptionist for window film company,1,0,20,convertible
/blogs/best-white-label-ai-receptionist-for-agencies-2026,ai receptionist market saturation 2026,1,0,7,convertible
/blogs/best-white-label-ai-receptionist-for-agencies-2026,ai receptionist reseller program,42,0,14.5,convertible
/blogs/best-white-label-ai-receptionist-for-agencies-2026,ai receptionist software for plumbers 2026,3,0,46,convertible
/blogs/best-white-label-ai-receptionist-for-agencies-2026,ai receptionist spokane,3,0,31.3,convertible
/blogs/best-white-label-ai-receptionist-for-agencies-2026,ai receptionist startup funding 2026,5,0,6.6,convertible
/blogs/best-white-label-ai-receptionist-for-agencies-2026,ai receptionist startup news 2026,3,0,9.3,convertible
/blogs/best-white-label-ai-receptionist-for-agencies-2026,ai receptionist startups 2026 news,1,0,8,convertible
/blogs/best-white-label-ai-receptionist-for-agencies-2026,ai receptionist that understands canadian brokerage terminology like bms and csio,1,0,11,convertible
/blogs/best-white-label-ai-receptionist-for-agencies-2026,ai receptionist white label reddit,1,0,7,convertible
/blogs/best-white-label-ai-receptionist-for-agencies-2026,ai virtual receptionist with top lead qualification features,4,0,44.2,convertible
/blogs/best-white-label-ai-receptionist-for-agencies-2026,ai voice receptionist niches norway 2026,1358,0,6.3,convertible
/blogs/best-white-label-ai-receptionist-for-agencies-2026,ai voice receptionist white label,31,0,6.6,convertible
/blogs/best-white-label-ai-receptionist-for-agencies-2026,as an agency,1,0,2,convertible
/blogs/best-white-label-ai-receptionist-for-agencies-2026,beeslee ai receptionist,10,0,15.6,convertible
/blogs/best-white-label-ai-receptionist-for-agencies-2026,best,1,0,1,other
/blogs/best-white-label-ai-receptionist-for-agencies-2026,best 24/7 coverage ai receptionist,1,0,53,convertible
/blogs/best-white-label-ai-receptionist-for-agencies-2026,best ai receptionist,1,0,8,convertible
/blogs/best-white-label-ai-receptionist-for-agencies-2026,best ai receptionist 2026,49,0,37.4,convertible
/blogs/best-white-label-ai-receptionist-for-agencies-2026,best ai receptionist for 2026,1,0,20,convertible
/blogs/best-white-label-ai-receptionist-for-agencies-2026,best ai receptionist for small business 2026,1,0,73,convertible
/blogs/best-white-label-ai-receptionist-for-agencies-2026,best ai receptionist script customization providers,2,0,16.5,convertible
/blogs/best-white-label-ai-receptionist-for-agencies-2026,best ai receptionist services 2026,1,0,18,convertible
/blogs/best-white-label-ai-receptionist-for-agencies-2026,best ai receptionist software 2025,3,0,89.7,convertible
/blogs/best-white-label-ai-receptionist-for-agencies-2026,best ai virtual reception for efficient appointment booking,1,0,14,convertible
/blogs/best-white-label-ai-receptionist-for-agencies-2026,best ai virtual receptionist for lead qualification 2025,1,0,83,convertible
/blogs/best-white-label-ai-receptionist-for-agencies-2026,best ai voice for virtual receptionist 2025 2026,3,0,13.3,convertible
/blogs/best-white-label-ai-receptionist-for-agencies-2026,best ai voice platforms for virtual receptionists,1,0,19,convertible
/blogs/best-white-label-ai-receptionist-for-agencies-2026,best ai voice receptionist platform 2026,1,0,17,convertible
/blogs/best-white-label-ai-receptionist-for-agencies-2026,best ai voice receptionist platforms 2026,12,0,11.5,convertible
/blogs/best-white-label-ai-receptionist-for-agencies-2026,best email automation platform for agencies,3,0,12.3,convertible
/blogs/best-white-label-ai-receptionist-for-agencies-2026,best niches for ai receptionist 2024 2025,1,0,9,convertible
/blogs/best-white-label-ai-receptionist-for-agencies-2026,best white label ai agent platforms for agencies 2026,3,0,8.3,convertible
/blogs/best-white-label-ai-receptionist-for-agencies-2026,best white label ai chatbot for agencies 2025 or 2026,2,0,17.5,chatbot
/blogs/best-white-label-ai-receptionist-for-agencies-2026,best white label ai chatbot for agencies 2026,4,0,7.5,chatbot
/blogs/best-white-label-ai-receptionist-for-agencies-2026,best white label ai receptionist platforms 2026,4,0,3,convertible
/blogs/best-white-label-ai-receptionist-for-agencies-2026,boulevard ai receptionist,1,0,13,convertible
/blogs/best-white-label-ai-receptionist-for-agencies-2026,business opportunity,1,0,1,other
/blogs/best-white-label-ai-receptionist-for-agencies-2026,but cheaper,1,0,1,other
/blogs/chatdash-alternative,chatdash,870,2,7.4,other
/blogs/chatdash-alternative,chat dash,13,0,8.2,other
/blogs/chatdash-alternative,chat dash ai,2,0,7,other
/blogs/chatdash-alternative,chat-dash,21,0,8.8,other
/blogs/chatdash-alternative,chat-dash alternative,4,0,6,other
/blogs/chatdash-alternative,chatdash ai,72,0,8.2,other
/blogs/chatdash-alternative,chatdash alternative,8,0,3.1,other
/blogs/chatdash-alternative,chatdash alternatives for agencies,4,0,1.5,convertible
/blogs/chatdash-alternative,chatdash pricing,19,0,6.5,other
/blogs/chatdash-alternative,chatdash.ai,4,0,9.5,other
/blogs/chatdash-alternative,chatdashai,10,0,6.6,other
/blogs/chatdash-alternative,dash alternative,3,0,13.7,other
/blogs/chatdash-alternative,dashworks alternatives,1,0,19,other
/blogs/chatdash-alternative,gdpr compliant voice agent platforms 2026,1,0,6,convertible
/blogs/chatdash-alternative,how much it costs,1,0,5,other
/blogs/chatdash-alternative,origin,1,0,9,other
/blogs/chatdash-alternative,parts and vendors alternative,1,0,18,other
/blogs/chatdash-alternative,site:https://trillet.ai,2,0,28,brand
/blogs/chatdash-alternative,site:trillet.ai,3,0,25.3,brand
/blogs/chatdash-alternative,trillet ai white label agency plan pricing 2026,1,0,13,brand
/blogs/chatdash-alternative,trillet.ai,1,0,8,brand
/blogs/chatdash-alternative,voice ai platform,9,0,17.1,convertible
/blogs/chatdash-alternative,voice over agencies,1,0,3,convertible
/blogs/chatdash-alternative,white label chat platform,1,0,2,convertible
/blogs/chatdash-alternative,yes please,1,0,8,other
/blogs/chatdash-alternative,花钱吗,1,0,5,other
/blogs/cheapest-white-label-voice-ai,cheapest white label ai receptionist,10,1,7.5,convertible
/blogs/cheapest-white-label-voice-ai,"""white label"" ""ai receptionist"" pricing",2,0,17,convertible
/blogs/cheapest-white-label-voice-ai,"""white label"" ""voice ai"" ""free trial""",4,0,11,convertible
/blogs/cheapest-white-label-voice-ai,ai receptionist white label,2,0,84,convertible
/blogs/cheapest-white-label-voice-ai,ai voice agent white label,14,0,68.9,convertible
/blogs/cheapest-white-label-voice-ai,ai voice receptionist white label,2,0,8,convertible
/blogs/cheapest-white-label-voice-ai,best branded short link platform for enterprise teams,1,0,17,other
/blogs/cheapest-white-label-voice-ai,best voice ai platforms for small business under $500 monthly?,1,0,1,convertible
/blogs/cheapest-white-label-voice-ai,cheap ai voice generator options for small business under 100 dollars monthly budget,2,0,8,convertible
/blogs/cheapest-white-label-voice-ai,cheapest ai voice agent,3,0,1,convertible
/blogs/cheapest-white-label-voice-ai,cheapest voice ai agent,2,0,7,convertible
/blogs/cheapest-white-label-voice-ai,cheapest voice api options for conversational ai under low budget,1,0,11,convertible
/blogs/cheapest-white-label-voice-ai,cheapest white label voice ai platform,23,0,5.1,convertible
/blogs/cheapest-white-label-voice-ai,combien ça coûte,1,0,2,other
/blogs/cheapest-white-label-voice-ai,conversational ai platforms cheap under 500 monthly budget,2,0,8,other
/blogs/cheapest-white-label-voice-ai,cost of white label dsp,1,0,66,convertible
/blogs/cheapest-white-label-voice-ai,does limy ai offer packages for digital marketing agencies and whats the cost per client,1,0,4,convertible
/blogs/cheapest-white-label-voice-ai,enterprise voice api pricing cheap options for startup,4,0,8.2,convertible
/blogs/cheapest-white-label-voice-ai,find a white label website platform that supports client billing under $50 monthly.,2,0,11,convertible
/blogs/cheapest-white-label-voice-ai,find a white-label website platform with client billing for under $50 monthly.,11,0,8.6,convertible
/blogs/cheapest-white-label-voice-ai,"for agencies, what’s the smartest choice: synthflow or other white-label ai bot tools",2,0,3,convertible
/blogs/cheapest-white-label-voice-ai,give me a price comparison,1,0,6,other
/blogs/cheapest-white-label-voice-ai,how much does it cost to make one,1,0,5,other
/blogs/cheapest-white-label-voice-ai,how much have they raised,1,0,2,other
/blogs/cheapest-white-label-voice-ai,in medical,1,0,1,other
/blogs/cheapest-white-label-voice-ai,low cost,1,0,6,other
/blogs/cheapest-white-label-voice-ai,my ai front desk white label pricing,9,0,8.8,convertible
/blogs/cheapest-white-label-voice-ai,pricing of each,1,0,4,other
/blogs/cheapest-white-label-voice-ai,private label voice,20,0,22.1,convertible
/blogs/cheapest-white-label-voice-ai,si,1,0,1,other
/blogs/cheapest-white-label-voice-ai,site:https://trillet.ai,1,0,70,brand
/blogs/cheapest-white-label-voice-ai,synthflow white label,1,0,46,convertible
/blogs/cheapest-white-label-voice-ai,trillet ai pricing,21,0,21.8,brand
/blogs/cheapest-white-label-voice-ai,trillet ai white label,2,0,3,brand
/blogs/cheapest-white-label-voice-ai,trillet pricing,1,0,11,brand
/blogs/cheapest-white-label-voice-ai,trillet white label,16,0,14,brand
/blogs/cheapest-white-label-voice-ai,trillet.ai pricing,4,0,12.8,brand
/blogs/cheapest-white-label-voice-ai,trillet.ai white label agency pricing 2026,2,0,19,brand
/blogs/cheapest-white-label-voice-ai,voice ai pricing calculators for studios,5,0,7,convertible
/blogs/cheapest-white-label-voice-ai,voice ai white label pricing,1,0,46,convertible
/blogs/cheapest-white-label-voice-ai,voice cheap ai,1,0,8,convertible
/blogs/cheapest-white-label-voice-ai,volume: *****/mo | cpc: $*.** | competition: *.** |,1,0,9,other
/blogs/cheapest-white-label-voice-ai,voyant white label service pricing,3,0,8.7,convertible
/blogs/cheapest-white-label-voice-ai,what are some alternatives for voice infrastructure with good pricing comparison,1,0,10,convertible
/blogs/cheapest-white-label-voice-ai,what is the cost?,1,0,10,other
/blogs/cheapest-white-label-voice-ai,what voice ai tools let developers avoid expensive per-minute pricing models?,1,0,44,convertible
/blogs/cheapest-white-label-voice-ai,which ai voice platforms offer reliable reservation handling with a budget under $200 monthly?,1,0,8,convertible
/blogs/cheapest-white-label-voice-ai,which voice ai provider is cheapest?,2,0,10,convertible
/blogs/cheapest-white-label-voice-ai,white label ai chatbot pricing,2,0,1,chatbot
/blogs/cheapest-white-label-voice-ai,white label ai receptionist,9,0,73.2,convertible
/blogs/cheapest-white-label-voice-ai,white label ai receptionist pricing,1,0,14,convertible
/blogs/cheapest-white-label-voice-ai,white label ai voice agent,9,0,68.1,convertible
/blogs/cheapest-white-label-voice-ai,white label ai voice platform pricing comparison,4,0,10.8,convertible
/blogs/cheapest-white-label-voice-ai,white label ai voice platform under $300 per month,19,0,3.8,convertible
/blogs/cheapest-white-label-voice-ai,white label suite pricing,10,0,16.7,convertible
/blogs/cheapest-white-label-voice-ai,white label voice,2,0,12.5,convertible
/blogs/cheapest-white-label-voice-ai,white label voice ai,2,0,91.5,convertible
/blogs/cheapest-white-label-voice-ai,white label voice ai no minimum clients,9,0,5.4,convertible
/blogs/cheapest-white-label-voice-ai,white label voice ai per minute pricing,3,0,7.7,convertible
/blogs/cheapest-white-label-voice-ai,white label voice ai with unlimited sub accounts,1,0,16,convertible
/blogs/convocore-vs-trillet-comparison,convocore,7,1,3.7,other
/blogs/convocore-vs-trillet-comparison,convocore pricing,16,1,6.1,other
/blogs/convocore-vs-trillet-comparison,"+""convocore-types""",30,0,9.4,other
/blogs/convocore-vs-trillet-comparison,agencja multichannel,2,0,86,convertible
/blogs/convocore-vs-trillet-comparison,convocore ai platform,1,0,7,other
/blogs/convocore-vs-trillet-comparison,convocore company,1,0,3,other
/blogs/convocore-vs-trillet-comparison,convocore.ai,1,0,19,other
/blogs/convocore-vs-trillet-comparison,site:https://trillet.ai,5,0,69.6,brand
/blogs/custom-voice-cloning-for-agencies,"""custom voice cloning"" add-on pricing",12,0,3.8,convertible
/blogs/custom-voice-cloning-for-agencies,"""custom voice cloning"" pricing add-on",15,0,3.7,convertible
/blogs/custom-voice-cloning-for-agencies,sub-second voice cloning vendor,1,0,20,convertible
/blogs/echowin-vs-trillet-comparison,echo chat get paid,14,0,2.6,other
/blogs/echowin-vs-trillet-comparison,echo chat get paid login,3,0,4,other
/blogs/echowin-vs-trillet-comparison,echo.win,1,0,2,other
/blogs/echowin-vs-trillet-comparison,echowin,55,0,15.5,other
/blogs/echowin-vs-trillet-comparison,echowin ai,1,0,19,other
/blogs/echowin-vs-trillet-comparison,echowin ai receptionist,8,0,9.8,convertible
/blogs/echowin-vs-trillet-comparison,echowin company,10,0,4,other
/blogs/echowin-vs-trillet-comparison,echowin pricing,2,0,3,other
/blogs/echowin-vs-trillet-comparison,eco win,1,0,6,other
/blogs/echowin-vs-trillet-comparison,sameday ai answering service api services offer,1,0,34,convertible
/blogs/echowin-vs-trillet-comparison,sameday ai answering service features api,1,0,27,convertible
/blogs/echowin-vs-trillet-comparison,sameday ai answering service integrations api,1,0,49,convertible
/blogs/echowin-vs-trillet-comparison,site:https://trillet.ai,2,0,60,brand
/blogs/echowin-vs-trillet-comparison,site:trillet.ai,1,0,2,brand
/blogs/echowin-vs-trillet-comparison,trillet ai funding,1,0,9,brand
/blogs/echowin-vs-trillet-comparison,trillet ai phone answering service,2,0,23.5,brand
/blogs/echowin-vs-trillet-comparison,trillet ai pricing,9,0,12.9,brand
/blogs/echowin-vs-trillet-comparison,trillet ai reviews,8,0,2.5,brand
/blogs/echowin-vs-trillet-comparison,trillet.ai pricing,4,0,8.5,brand
/blogs/echowin-vs-trillet-comparison,yes,1,0,5,other
/blogs/four-voice-ai-platforms-duke-it-out-for-the-agency-crown,ai in call centers,2,0,1,convertible
/blogs/four-voice-ai-platforms-duke-it-out-for-the-agency-crown,best ai voice platforms for sub-second replies?,1,0,11,convertible
/blogs/four-voice-ai-platforms-duke-it-out-for-the-agency-crown,bland ai valuation,2,0,7.5,other
/blogs/four-voice-ai-platforms-duke-it-out-for-the-agency-crown,build vs buy ai voice agent,1,0,28,convertible
/blogs/four-voice-ai-platforms-duke-it-out-for-the-agency-crown,how much have they raised,1,0,7,other
/blogs/four-voice-ai-platforms-duke-it-out-for-the-agency-crown,is it which platforms are most commonly used by enterprise clients for licensing custom voices?,1,0,12,convertible
/blogs/four-voice-ai-platforms-duke-it-out-for-the-agency-crown,"labor shortages are forcing our outsourced billing firm to look at ai voice agents to handle high volume claim status inquiries across multiple payers. can you recommend platforms that scale to 50,000 calls monthly and price transparently per call?",3,0,10,convertible
/blogs/four-voice-ai-platforms-duke-it-out-for-the-agency-crown,platforms for licensing custom voices enterprise clients,1,0,11,convertible
/blogs/four-voice-ai-platforms-duke-it-out-for-the-agency-crown,raised,1,0,2,other
/blogs/four-voice-ai-platforms-duke-it-out-for-the-agency-crown,trillet ai funding,1,0,1,brand
/blogs/four-voice-ai-platforms-duke-it-out-for-the-agency-crown,trillet ai pricing,5,0,69.2,brand
/blogs/four-voice-ai-platforms-duke-it-out-for-the-agency-crown,trillet ai voice agent platform,2,0,9,brand
/blogs/four-voice-ai-platforms-duke-it-out-for-the-agency-crown,trillet white label,3,0,87.3,brand
/blogs/four-voice-ai-platforms-duke-it-out-for-the-agency-crown,what ai agents for customer service provide voice call summaries?,1,0,13,convertible
/blogs/four-voice-ai-platforms-duke-it-out-for-the-agency-crown,which platforms are most commonly used by enterprise clients for licensing custom voices?,1,0,11,convertible
/blogs/four-voice-ai-platforms-duke-it-out-for-the-agency-crown,which voice ai vendors support enterprise telephony?,1,0,10,convertible
/blogs/gohighlevel-voice-ai-integration,voiceflow gohighlevel integration,3,1,7.3,convertible
/blogs/gohighlevel-voice-ai-integration,"""go high level"" or ""gohighlevel"" ai voice or voice technology or advancements 2026",2,0,9,convertible
/blogs/gohighlevel-voice-ai-integration,"""gohighlevel"" (""white label"" or ""reseller"") (""voice ai"" or ""ai phone"" or ""outbound calling"") 2026 -site:retellai.com -site:bland.ai -site:vapi.ai -site:synthflow.ai",3,0,10,convertible
/blogs/gohighlevel-voice-ai-integration,ai automation ai integration tips,1,0,34,other
/blogs/gohighlevel-voice-ai-integration,ai complete,2,0,25,other
/blogs/gohighlevel-voice-ai-integration,"ai crm real estate integrates with lofty or ""gohighlevel"" or ghl",3,0,8.7,other
/blogs/gohighlevel-voice-ai-integration,ai integrate ai voice assistant with crm analytics for call flow & lead conversion,1,0,82,convertible
/blogs/gohighlevel-voice-ai-integration,ai receptionist ghl integration,36,0,17.7,convertible
/blogs/gohighlevel-voice-ai-integration,ai receptionist gohighlevel integration,3,0,11.7,convertible
/blogs/gohighlevel-voice-ai-integration,ai voice agent go high level,1,0,28,convertible
/blogs/gohighlevel-voice-ai-integration,ai voice integration connector,3,0,40,convertible
/blogs/gohighlevel-voice-ai-integration,ai-native crm vs gohighlevel,1,0,10,other
/blogs/gohighlevel-voice-ai-integration,all in one crm,1,0,1,other
/blogs/gohighlevel-voice-ai-integration,assistable.ai,6,0,39.8,other
/blogs/gohighlevel-voice-ai-integration,assistable.ai gohighlevel integration,8,0,4.5,other
/blogs/gohighlevel-voice-ai-integration,assitable.ai gohighlevel integration,14,0,5.8,other
/blogs/gohighlevel-voice-ai-integration,assitable.ai voice agent gohighlevel integration,17,0,3.4,convertible
/blogs/gohighlevel-voice-ai-integration,best billing api for crm-agnostic workflows,1,0,66,other
/blogs/gohighlevel-voice-ai-integration,best voice ai crm integration solutions,1,0,17,convertible
/blogs/gohighlevel-voice-ai-integration,best voice ai platforms,3,0,16.7,convertible
/blogs/gohighlevel-voice-ai-integration,call answering integration for schedule engine,1,0,20,convertible
/blogs/gohighlevel-voice-ai-integration,cloudtalk gohighlevel integration,3,0,8.3,other
/blogs/gohighlevel-voice-ai-integration,connect gohighlevel to copilot,18,0,33,other
/blogs/gohighlevel-voice-ai-integration,crm virtual assistant,1,0,1,other
/blogs/gohighlevel-voice-ai-integration,custom ai integration,1,0,11,other
/blogs/gohighlevel-voice-ai-integration,custom voice platform,1,0,29,convertible
/blogs/gohighlevel-voice-ai-integration,does voice ai work with existing crm,2,0,78,convertible
/blogs/gohighlevel-voice-ai-integration,fanbasis gohighlevel integration,1,0,24,other
/blogs/gohighlevel-voice-ai-integration,ghl,1,0,1,other
/blogs/gohighlevel-voice-ai-integration,ghl ai,5,0,8.8,other
/blogs/gohighlevel-voice-ai-integration,ghl ai receptionist,1,0,19,convertible
/blogs/gohighlevel-voice-ai-integration,ghl ia,1,0,8,other
/blogs/gohighlevel-voice-ai-integration,ghl integration,2,0,10.5,other
/blogs/gohighlevel-voice-ai-integration,ghl outbound voice ai,2,0,33,convertible
/blogs/gohighlevel-voice-ai-integration,ghl phone integration,7,0,29.7,convertible
/blogs/gohighlevel-voice-ai-integration,ghl voice,5,0,8.8,convertible
/blogs/gohighlevel-voice-ai-integration,ghl voice agent,1,0,26,convertible
/blogs/gohighlevel-voice-ai-integration,ghl voice ai,10,0,10.9,convertible
/blogs/gohighlevel-voice-ai-integration,go high,1,0,2,other
/blogs/gohighlevel-voice-ai-integration,go high level,2,0,2,other
/blogs/gohighlevel-voice-ai-integration,go high level ai integration,4,0,11,other
/blogs/gohighlevel-voice-ai-integration,go high level ai receptionist,1,0,9,convertible
/blogs/gohighlevel-voice-ai-integration,go high level ai voice agent,52,0,21.9,convertible
/blogs/gohighlevel-voice-ai-integration,go high level crm,1,0,2,other
/blogs/gohighlevel-voice-ai-integration,go high level expert,1,0,12,other
/blogs/gohighlevel-voice-ai-integration,go high level integrations,1,0,9,other
/blogs/gohighlevel-voice-ai-integration,go high level voice agent,2,0,23.5,convertible
/blogs/gohighlevel-voice-ai-integration,go high level voice ai,3,0,21,convertible
/blogs/gohighlevel-voice-ai-integration,go high level voicemail,1,0,28,convertible
/blogs/gohighlevel-voice-ai-integration,go high level voicemail drop,2,0,53.5,convertible
/blogs/gohighlevel-voice-ai-integration,go high level voip,2,0,34.5,other
/blogs/gohighlevel-voice-ai-integration,gohighlevel,1,0,5,other
/blogs/gohighlevel-voice-ai-integration,gohighlevel ai,1,0,32,other
/blogs/gohighlevel-voice-ai-integration,gohighlevel ai features integrations,5,0,8.4,other
/blogs/gohighlevel-voice-ai-integration,gohighlevel ai integration,7,0,11.6,other
/blogs/gohighlevel-voice-ai-integration,gohighlevel ai receptionist features,1,0,20,convertible
/blogs/gohighlevel-voice-ai-integration,gohighlevel ai voice,32,0,24.7,convertible
/blogs/gohighlevel-voice-ai-integration,gohighlevel ai voice agent,2,0,30,convertible
/blogs/gohighlevel-voice-ai-integration,gohighlevel ai voice agent integration,2,0,8.5,convertible
/blogs/gohighlevel-voice-ai-integration,gohighlevel ai voice tools,5,0,18.4,convertible
/blogs/gohighlevel-voice-ai-options-built-in-vs-trillet-vs-others,bullet point 2 please,1,1,2,other
/blogs/gohighlevel-voice-ai-options-built-in-vs-trillet-vs-others,assistable.ai,2,0,85.5,other
/blogs/gohighlevel-voice-ai-options-built-in-vs-trillet-vs-others,for voice ai,1,0,5,convertible
/blogs/gohighlevel-voice-ai-options-built-in-vs-trillet-vs-others,ghl ai agent pricing,1,0,10,convertible
/blogs/gohighlevel-voice-ai-options-built-in-vs-trillet-vs-others,ghl ai employee pricing,2,0,8.5,other
/blogs/gohighlevel-voice-ai-options-built-in-vs-trillet-vs-others,ghl ai pricing,3,0,9.7,other
/blogs/gohighlevel-voice-ai-options-built-in-vs-trillet-vs-others,ghl conversation ai pricing,7,0,8.1,other
/blogs/gohighlevel-voice-ai-options-built-in-vs-trillet-vs-others,ghl voice ai pricing,11,0,9.6,convertible
/blogs/gohighlevel-voice-ai-options-built-in-vs-trillet-vs-others,gohighlevel ai employee pricing,1,0,9,other
/blogs/gohighlevel-voice-ai-options-built-in-vs-trillet-vs-others,gohighlevel ai voice,2,0,13,convertible
/blogs/gohighlevel-voice-ai-options-built-in-vs-trillet-vs-others,gohighlevel ai voice agent pricing per minute 2026,4,0,10.2,convertible
/blogs/gohighlevel-voice-ai-options-built-in-vs-trillet-vs-others,gohighlevel ai voice pricing 2026,5,0,9,convertible
/blogs/gohighlevel-voice-ai-options-built-in-vs-trillet-vs-others,gohighlevel ai voice pricing per minute 2026,1,0,8,convertible
/blogs/gohighlevel-voice-ai-options-built-in-vs-trillet-vs-others,gohighlevel ai voice tools,2,0,14.5,convertible
/blogs/gohighlevel-voice-ai-options-built-in-vs-trillet-vs-others,gohighlevel conversation ai pricing per message 2026,2,0,1,other
/blogs/gohighlevel-voice-ai-options-built-in-vs-trillet-vs-others,gohighlevel new feature or pricing or ai voice or lead response 2026,1,0,9,convertible
/blogs/gohighlevel-voice-ai-options-built-in-vs-trillet-vs-others,gohighlevel voice ai,6,0,15.7,convertible
/blogs/gohighlevel-voice-ai-options-built-in-vs-trillet-vs-others,gohighlevel voice ai languages,7,0,11.6,convertible
/blogs/gohighlevel-voice-ai-options-built-in-vs-trillet-vs-others,gohighlevel voice ai pricing,5,0,10.4,convertible
/blogs/gohighlevel-voice-ai-options-built-in-vs-trillet-vs-others,gohighlevel voice ai pricing 2026,1,0,10,convertible
/blogs/gohighlevel-voice-ai-options-built-in-vs-trillet-vs-others,gohighlevel voice ai pricing official 2026,1,0,10,convertible
/blogs/gohighlevel-voice-ai-options-built-in-vs-trillet-vs-others,gohighlevel voice ai pricing per minute 2026,8,0,8.1,convertible
/blogs/gohighlevel-voice-ai-options-built-in-vs-trillet-vs-others,highlevel voice ai pricing,4,0,9.2,convertible
/blogs/gohighlevel-voice-ai-options-built-in-vs-trillet-vs-others,highlevel voice ai pricing per minute,9,0,9.6,convertible
/blogs/gohighlevel-voice-ai-options-built-in-vs-trillet-vs-others,highlevel voice ai pricing per minute 2026,2,0,5,convertible
/blogs/gohighlevel-voice-ai-options-built-in-vs-trillet-vs-others,how much does it cost,1,0,3,other
/blogs/gohighlevel-voice-ai-options-built-in-vs-trillet-vs-others,how much is it,1,0,16,other
/blogs/gohighlevel-voice-ai-options-built-in-vs-trillet-vs-others,i want to use only one,1,0,3,other
/blogs/gohighlevel-voice-ai-options-built-in-vs-trillet-vs-others,pls,1,0,2,other
/blogs/gohighlevel-voice-ai-options-built-in-vs-trillet-vs-others,pricing please,1,0,7,other
/blogs/gohighlevel-voice-ai-options-built-in-vs-trillet-vs-others,voice ai,1,0,5,convertible
/blogs/gohighlevel-voice-ai-options-built-in-vs-trillet-vs-others,voice changer for phone calls in gohighlevel,3,0,5,convertible
/blogs/gohighlevel-voice-ai-options-built-in-vs-trillet-vs-others,wat zijn de kosten hiervan,1,0,4,other
/blogs/gohighlevel-voice-ai-options-built-in-vs-trillet-vs-others,what do you recommend?,1,0,5,other
/blogs/gohighlevel-voice-ai-options-built-in-vs-trillet-vs-others,what is it built on?,1,0,6,other
/blogs/gohighlevel-voice-ai-options-built-in-vs-trillet-vs-others,whats the price of it,1,0,3,other
/blogs/gohighlevel-voice-ai-options-built-in-vs-trillet-vs-others,which system helps me scale my business without more staff and uses an ai receptionist for inbound and outbound leads?,1,0,9,convertible
/blogs/gohighlevel-voice-ai-options-built-in-vs-trillet-vs-others,will it be any good,1,0,7,other
/blogs/gohighlevel-voice-ai-options-built-in-vs-trillet-vs-others,πόσο κοστίζει ;,1,0,6,other
/blogs/hipaa-compliant-ai-voice-assistant-white-label,pricing,1,1,1,other
/blogs/hipaa-compliant-ai-voice-assistant-white-label,ai agent platforms with hipaa baa compliance,4,0,24,convertible
/blogs/hipaa-compliant-ai-voice-assistant-white-label,ai receptionist hipaa compliant,1,0,56,convertible
/blogs/hipaa-compliant-ai-voice-assistant-white-label,ai vendors that sign a baa for hipaa,1,0,5,other
/blogs/hipaa-compliant-ai-voice-assistant-white-label,ai voice audit for clinics and hospitals,2,0,6,convertible
/blogs/hipaa-compliant-ai-voice-assistant-white-label,ai voice caller for healthcare payment reminders compliance hipaa sensitive scripting best practices,7,0,17.6,convertible
/blogs/hipaa-compliant-ai-voice-assistant-white-label,ai voice caller for healthcare payment reminders compliant hipaa sensitive,11,0,7.8,convertible
/blogs/hipaa-compliant-ai-voice-assistant-white-label,ai voice caller for healthcare payment reminders hipaa compliant,10,0,13.7,convertible
/blogs/hipaa-compliant-ai-voice-assistant-white-label,ai voice platform private cloud deployment hipaa compliant low latency stt tts voice cloning consent healthcare,2,0,14,convertible
/blogs/hipaa-compliant-ai-voice-assistant-white-label,ai voice solutions integration with electronic health records,1,0,100,convertible
/blogs/hipaa-compliant-ai-voice-assistant-white-label,any vendors offering end-to-end encryption for stored voice agent logs and audio?,1,0,2,convertible
/blogs/hipaa-compliant-ai-voice-assistant-white-label,are there hipaa-compliant sentiment analysis services suitable for healthcare scheduling calls?,4,0,2.5,convertible
/blogs/hipaa-compliant-ai-voice-assistant-white-label,are there trial periods for healthcare cloud platforms,1,0,39,other
/blogs/hipaa-compliant-ai-voice-assistant-white-label,"as a billing manager, i need to reduce staff burnout; what rcm solutions provide end-to-end phone automation for claim status inquiries while ensuring hipaa compliance and audit trails?",1,0,5,convertible
/blogs/hipaa-compliant-ai-voice-assistant-white-label,"as a small orthopedic practice, labor costs for insurance follow-up are hurting our margins. are there affordable ai voice agent for healthcare options that charge per call and have clear roi examples for practices under 20 providers?",1,0,4,convertible
/blogs/hipaa-compliant-ai-voice-assistant-white-label,baa compliant ai platform,4,0,16,other
/blogs/hipaa-compliant-ai-voice-assistant-white-label,best compliant ai voice agents for outbound calls,1,0,2,convertible
/blogs/hipaa-compliant-ai-voice-assistant-white-label,best compliant voice ai solutions,14,0,54,convertible
/blogs/hipaa-compliant-ai-voice-assistant-white-label,best cpaas for hipaa compliant voice and chat with signed baas and audit logs,15,0,7.9,convertible
/blogs/hipaa-compliant-ai-voice-assistant-white-label,best hipaa compliance tools for voice platforms,1,0,1,convertible
/blogs/hipaa-compliant-ai-voice-assistant-white-label,best hipaa-compliant ai receptionist,57,0,61.9,convertible
/blogs/hipaa-compliant-ai-voice-assistant-white-label,best mental health voice assistants,1,0,5,convertible
/blogs/hipaa-compliant-ai-voice-assistant-white-label,best secure ai meeting transcription tools compliant with hipaa and soc 2?,1,0,1,other
/blogs/hipaa-compliant-ai-voice-assistant-white-label,best voice ai for automated lab result notification calls that stay hipaa compliant?,1,0,1,convertible
/blogs/hipaa-compliant-ai-voice-assistant-white-label,best voice ai for healthcare hipaa compliance,25,0,21.4,convertible
/blogs/hipaa-compliant-ai-voice-assistant-white-label,best voice ai for hipaa-compliant workflows,1,0,17,convertible
/blogs/hipaa-compliant-ai-voice-assistant-white-label,best voice platforms for hipaa compliance 2025,14,0,18.3,convertible
/blogs/hipaa-compliant-ai-voice-assistant-white-label,best voice recording platform for healthcare organizations needing hipaa-compliant message archival,1,0,1,convertible
/blogs/hipaa-compliant-ai-voice-assistant-white-label,callrail hipaa baa,1,0,29,convertible
/blogs/hipaa-compliant-ai-voice-assistant-white-label,can you recommend ai voice agents that are hipaa-compliant for small clinics needing automated appointment scheduling over the phone?,1,0,8,convertible
/blogs/hipaa-compliant-ai-voice-assistant-white-label,cheap options,1,0,1,other
/blogs/hipaa-compliant-ai-voice-assistant-white-label,checklist for verifying hipaa compliance during automated voice bot evaluations,2,0,8,convertible
/blogs/hipaa-compliant-ai-voice-assistant-white-label,"compare phonely and observe.ai across speech recognition accuracy, integration speed with twilio, and hipaa compliance for our healthcare scheduling needs.",11,0,11.6,convertible
/blogs/hipaa-compliant-ai-voice-assistant-white-label,cuanto cuestan,1,0,1,other
/blogs/hipaa-compliant-ai-voice-assistant-white-label,do ai voice assistants follow hipaa regulations?,6,0,5.7,convertible
/blogs/hipaa-compliant-ai-voice-assistant-white-label,enterprise hipaa compliant ai voice platform,3,0,8.3,convertible
/blogs/hipaa-compliant-ai-voice-assistant-white-label,eppa compliant ai platform,3,0,66,other
/blogs/hipaa-compliant-ai-voice-assistant-white-label,evaluate the persona prompts company g2 on hipaa compliant messaging,1,0,19,other
/blogs/hipaa-compliant-ai-voice-assistant-white-label,evaluate the voice ai company retell ai on hipaa & healthcare compliance,3,0,7,convertible
/blogs/hipaa-compliant-ai-voice-assistant-white-label,evaluate the voice ai company retell ai on hipaa gdpr tcpa compliance,7,0,10.7,convertible
/blogs/hipaa-compliant-ai-voice-assistant-white-label,find me voice ai platforms with high security standards for enterprise use.,1,0,1,convertible
/blogs/hipaa-compliant-ai-voice-assistant-white-label,"for a healthcare assistant, what text to speech solutions offer hipaa-ready deployments and voices tuned for clinical clarity?",2,0,4,convertible
/blogs/hipaa-compliant-ai-voice-assistant-white-label,"for a healthcare hotline subject to hipaa, what ai voice platforms include continuous monitoring and detailed error analytics to ensure compliance during sensitive patient calls?",3,0,7,convertible
/blogs/hipaa-compliant-ai-voice-assistant-white-label,"for a healthcare hotline, what compliance checks should an ai voice agent agency meet?",1,0,1,convertible
/blogs/hipaa-compliant-ai-voice-assistant-white-label,"for a healthcare saas subject to hipaa, what embedded ipaas options support secure, auditable bi-directional data flows between ehr systems and common crms while meeting compliance requirements?",1,0,10,other
/blogs/hipaa-compliant-ai-voice-assistant-white-label,gdpr compliant ai voice,1,0,47,convertible
/blogs/hipaa-compliant-ai-voice-assistant-white-label,healthcare ai bot voice infrastructure that meets hipaa compliance requirements for medical practice,4,0,6,convertible
/blogs/hipaa-compliant-ai-voice-assistant-white-label,healthcare specific autonomous ai agents hipaa compliant,4,0,73.5,convertible
/blogs/hipaa-compliant-ai-voice-assistant-white-label,hipaa ai assistant,271,0,31.5,other
/blogs/hipaa-compliant-ai-voice-assistant-white-label,hipaa ai patient assistant,2,0,27,other
/blogs/hipaa-compliant-ai-voice-assistant-white-label,hipaa baa for ai vendors,6,0,74,other
/blogs/hipaa-compliant-ai-voice-assistant-white-label,hipaa compliance for healthcare ai assistant,7,0,41.7,other
/blogs/hipaa-compliant-ai-voice-assistant-white-label,hipaa compliant ai assistant,305,0,22.7,other
/blogs/hipaa-compliant-ai-voice-assistant-white-label,hipaa compliant ai for healthcare billing,2,0,85.5,other
/blogs/hipaa-compliant-ai-voice-assistant-white-label,hipaa compliant ai medical billing platform,1,0,69,other
/blogs/hipaa-compliant-ai-voice-assistant-white-label,hipaa compliant ai phone,25,0,27.3,convertible
/blogs/hipaa-compliant-ai-voice-assistant-white-label,hipaa compliant ai phone answering,14,0,20.5,convertible
/blogs/hipaa-compliant-ai-voice-assistant-white-label,hipaa compliant ai platform,1,0,28,other
/blogs/hipaa-compliant-ai-voice-assistant-white-label,hipaa compliant ai platform cost factors 2026,95,0,22.8,other
/blogs/hipaa-compliant-ai-voice-assistant-white-label,hipaa compliant ai receptionist,30,0,31.2,convertible
/blogs/how-agencies-should-price-voice-ai-services,ai voice assistant platforms cost for business contact center deployments,3,0,10.3,convertible
/blogs/how-agencies-should-price-voice-ai-services,ai voice assistant platforms pricing for contact centers business deployment,1,0,17,convertible
/blogs/how-agencies-should-price-voice-ai-services,cost of ai voice assistants for small business,4,0,19,convertible
/blogs/how-agencies-should-price-voice-ai-services,how much does ai voice technology cost for a mid-size home service business?,16,0,8.3,convertible
/blogs/how-agencies-should-price-voice-ai-services,is it worth paying more for an agency with 24/7 support vs standard business hours?,1,0,7,convertible
/blogs/how-to-choose-white-label-ai-chatbot,"""best white label ai chatbot"" agencies review comparison",72,0,8.8,chatbot
/blogs/how-to-choose-white-label-ai-chatbot,ai chatbot white label,10,0,46.9,chatbot
/blogs/how-to-choose-white-label-ai-chatbot,best white label ai chatbot,1,0,8,chatbot
/blogs/how-to-choose-white-label-ai-chatbot,chatbot white label,11,0,46.8,chatbot
/blogs/how-to-choose-white-label-ai-chatbot,chatbot whitelabel,1,0,78,chatbot
/blogs/how-to-choose-white-label-ai-chatbot,retell ai white label,1,0,39,convertible
/blogs/how-to-choose-white-label-ai-chatbot,site:trillet.ai,1,0,142,brand
/blogs/how-to-choose-white-label-ai-chatbot,trillet ai pricing plans 2026,1,0,10,brand
/blogs/how-to-choose-white-label-ai-chatbot,trillet ai receptionist white label,1,0,9,brand
/blogs/how-to-choose-white-label-ai-chatbot,trillet ai voice platform,1,0,7,brand
/blogs/how-to-choose-white-label-ai-chatbot,trillet ai white label,17,0,7.6,brand
/blogs/how-to-choose-white-label-ai-chatbot,trillet ai white label agency plan pricing 2026,2,0,16,brand
/blogs/how-to-choose-white-label-ai-chatbot,trillet ai white label pricing,29,0,7.1,brand
/blogs/how-to-choose-white-label-ai-chatbot,trillet ai white label pricing agency plan,5,0,9.4,brand
/blogs/how-to-choose-white-label-ai-chatbot,trillet white label,44,0,7.8,brand
/blogs/how-to-choose-white-label-ai-chatbot,trillet.ai,2,0,4.5,brand
/blogs/how-to-choose-white-label-ai-chatbot,trillet.ai pricing,1,0,7,brand
/blogs/how-to-choose-white-label-ai-chatbot,trillet.ai white label,8,0,4.9,brand
/blogs/how-to-choose-white-label-ai-chatbot,trillet.ai white label agency pricing 2026,2,0,17,brand
/blogs/how-to-choose-white-label-ai-chatbot,what should i look for when choosing a white-label ai platform for clients?,9,0,7.7,convertible
/blogs/how-to-choose-white-label-ai-chatbot,white label a.i. chatbot,2,0,66,chatbot
/blogs/how-to-choose-white-label-ai-chatbot,white label ai assessment,16,0,19.1,convertible
/blogs/how-to-choose-white-label-ai-chatbot,white label ai chat api,6,0,56,convertible
/blogs/how-to-choose-white-label-ai-chatbot,white label ai chatbot,61,0,45.6,chatbot
/blogs/how-to-choose-white-label-ai-chatbot,white label ai chatbot platform,5,0,21.4,chatbot
/blogs/how-to-choose-white-label-ai-chatbot,white label ai chatbot pricing,2,0,11,chatbot
/blogs/how-to-choose-white-label-ai-chatbot,white label ai chatbot solution providers,13,0,16.6,chatbot
/blogs/how-to-choose-white-label-ai-chatbot,white label chatbot,43,0,30.0,chatbot
/blogs/how-to-choose-white-label-ai-chatbot,white label chatbot platform,6,0,61.8,chatbot
/blogs/how-to-choose-white-label-ai-chatbot,white label chatbot reseller plan,1,0,87,chatbot
/blogs/how-to-choose-white-label-ai-chatbot,white label chatbot solutions,1,0,68,chatbot
/blogs/how-to-choose-white-label-ai-chatbot,white label chatbots,1,0,68,chatbot
/blogs/how-to-choose-white-label-ai-chatbot,white label conversational ai,2,0,31,convertible
/blogs/how-to-choose-white-label-ai-chatbot,white label llm,1,0,24,convertible
/blogs/how-to-choose-white-label-ai-chatbot,white-labeling ai chatbot for healthcare clinics,3,0,17.3,chatbot
/blogs/how-to-choose-white-label-ai-chatbot,whitelabel ai chatbot,1,0,14,chatbot
/blogs/how-to-choose-white-label-ai-chatbot,whitelabel ai chatbot platform,1,0,54,chatbot
/blogs/how-to-choose-white-label-ai-chatbot,whitelabel ai chatbot platforms,5,0,40.8,chatbot
/blogs/how-to-choose-white-label-ai-chatbot,whitelabel chatbot,12,0,37.2,chatbot
/blogs/how-to-start-ai-chatbot-agency,$99,1,0,10,other
/blogs/how-to-start-ai-chatbot-agency,a marketing agency,1,0,4,convertible
/blogs/how-to-start-ai-chatbot-agency,agency setup,1,0,1,convertible
/blogs/how-to-start-ai-chatbot-agency,agent ai chat bot - by i need leads ltd,1,0,17,chatbot
/blogs/how-to-start-ai-chatbot-agency,ai business,1,0,3,other
/blogs/how-to-start-ai-chatbot-agency,ai business opportunities 2026,1,0,1,other
/blogs/how-to-start-ai-chatbot-agency,ai chatbot agency,53,0,19.2,chatbot
/blogs/how-to-start-ai-chatbot-agency,ai chatbot agency pricing monthly retainer,1,0,10,chatbot
/blogs/how-to-start-ai-chatbot-agency,ai chatbot for agencies,6,0,28,chatbot
/blogs/how-to-start-ai-chatbot-agency,ai chatbot for marketing agencies,14,0,20.2,chatbot
/blogs/how-to-start-ai-chatbot-agency,ai chatbot pricing lead generation customer service 2025,6,0,31.5,chatbot
/blogs/how-to-start-ai-chatbot-agency,ai chatbot setup cost removals,4,0,18.5,chatbot
/blogs/how-to-start-ai-chatbot-agency,ai chatbot setup for agencies,1,0,7,chatbot
/blogs/how-to-start-ai-chatbot-agency,ai receptionist business,1,0,2,convertible
/blogs/how-to-start-ai-chatbot-agency,ai receptionist business reddit,1,0,2,convertible
/blogs/how-to-start-ai-chatbot-agency,ai voice agent appointment booking pricing revenue 2026 --limit 10,1,0,58,convertible
/blogs/how-to-start-ai-chatbot-agency,ai website chatbot for rowlett tx professional offices,8,0,40.6,chatbot
/blogs/how-to-start-ai-chatbot-agency,best ai voice platforms for virtual receptionists,1,0,37,convertible
/blogs/how-to-start-ai-chatbot-agency,best no-code ai voice agent builders 2026 trillet,1,0,16,brand
/blogs/how-to-start-ai-chatbot-agency,best white label ai chatbot for agencies 2025 or 2026,4,0,15.8,chatbot
/blogs/how-to-start-ai-chatbot-agency,best white label ai chatbot for agencies 2026,14,0,15.6,chatbot
/blogs/how-to-start-ai-chatbot-agency,chat agency,1,0,4,convertible
/blogs/how-to-start-ai-chatbot-agency,chat bot agency,1,0,8,chatbot
/blogs/how-to-start-ai-chatbot-agency,chatbot advertising agency,1,0,19,chatbot
/blogs/how-to-start-ai-chatbot-agency,chatbot agency,172,0,17.7,chatbot
/blogs/how-to-start-ai-chatbot-agency,chatbot agency pricing,41,0,18.9,chatbot
/blogs/how-to-start-ai-chatbot-agency,chatbot agengy,3,0,19.7,chatbot
/blogs/how-to-start-ai-chatbot-agency,chatbot agentur,6,0,23.3,chatbot
/blogs/how-to-start-ai-chatbot-agency,chatbot development agency business plan report,16,0,22.6,chatbot
/blogs/how-to-start-ai-chatbot-agency,chatbot discount brokerage launch 2026,3,0,1,chatbot
/blogs/how-to-start-ai-chatbot-agency,chatbot for advertising agency,1,0,21,chatbot
/blogs/how-to-start-ai-chatbot-agency,chatbot for marketing agencies,1,0,18,chatbot
/blogs/how-to-start-ai-chatbot-agency,chatbot for marketing agency,13,0,17.6,chatbot
/blogs/how-to-start-ai-chatbot-agency,chatbot marketing agency,162,0,18.8,chatbot
/blogs/how-to-start-ai-chatbot-agency,chatbots advertising agency,1,0,20,chatbot
/blogs/how-to-start-ai-chatbot-agency,chatbots agency,5,0,30.8,chatbot
/blogs/how-to-start-ai-chatbot-agency,chatbots marketing agency,9,0,19.9,chatbot
/blogs/how-to-start-ai-chatbot-agency,chatpilot agency,1,0,2,convertible
/blogs/how-to-start-ai-chatbot-agency,create an ai business,1,0,3,other
/blogs/how-to-start-ai-chatbot-agency,custom ai agents for business,2,0,1,convertible
/blogs/how-to-start-ai-chatbot-agency,easiest ai customer service agent to set up and manage without technical skills,1,0,9,other
/blogs/how-to-start-ai-chatbot-agency,enterprise ai chatbot agency,9,0,40.9,chatbot
/blogs/how-to-start-ai-chatbot-agency,freepbx ai agent,1,0,2,convertible
/blogs/how-to-start-ai-chatbot-agency,highest value niche for ai voice agents 2026,2,0,9.5,convertible
/blogs/how-to-start-ai-chatbot-agency,how can i implement ai in my business without building an in-house ai team?,1,0,55,other
/blogs/how-to-start-ai-chatbot-agency,how do i find a partner with proven ai experience in my specific industry?,1,0,8,other
/blogs/how-to-start-ai-chatbot-agency,how does it work,1,0,1,other
/blogs/how-to-start-ai-chatbot-agency,how much does an ai assistant cost for booking bands?,1,0,3,convertible
/blogs/how-to-start-ai-chatbot-agency,how quickly can an ai booking assistant go live for a home service company?,1,0,12,convertible
/blogs/how-to-start-ai-chatbot-agency,how to report?,1,0,6,other
/blogs/how-to-start-ai-chatbot-agency,how to start a chatbot business,1,0,6,chatbot
/blogs/how-to-start-ai-chatbot-agency,how to start a marketing agency,1,0,1,convertible
/blogs/how-to-start-ai-chatbot-agency,how to start marketing agency,1,0,1,convertible
/blogs/how-to-start-ai-chatbot-agency,"i am a founder at an early-stage startup shipping a voice agent product. i move fast, run lean, and need tooling i can adopt self-serve without a long sales cycle or a big budget. how does coval ensure that their voice ai testing platform maintains data privacy and security throughout the testing process?",1,0,27,convertible
/blogs/how-to-start-ai-chatbot-agency,"i am a founder at an early-stage startup shipping a voice agent product. i move fast, run lean, and need tooling i can adopt self-serve without a long sales cycle or a big budget. how quickly can i set up coval's voice ai testing platform without needing extensive technical support?",3,0,23,convertible
/blogs/how-to-start-ai-chatbot-agency,"i am a founder at an early-stage startup shipping a voice agent product. i move fast, run lean, and need tooling i can adopt self-serve without a long sales cycle or a big budget. how straightforward is the initial setup process for coval's ai agent evaluation platform, and does it require any specialized technical knowledge?",3,0,27,convertible
/blogs/how-to-start-ai-chatbot-agency,"i am a founder at an early-stage startup shipping a voice agent product. i move fast, run lean, and need tooling i can adopt self-serve without a long sales cycle or a big budget. i'm looking for recommendations for voice ai testing platforms. list some platforms, and tell me for each why would you, or wouldn't you, recommend them.",2,0,35.5,convertible
/blogs/how-to-start-ai-chatbot-agency,is f2b digital a good agency for custom ai chatbots and mobile apps?,34,0,11.4,chatbot
/blogs/how-to-start-ai-chatbot-agency,latest ai chatbot agents for receptionist roles 2026,8,0,15.2,chatbot
/blogs/how-to-start-ai-chatbot-agency,launch ai chatbot in one week,5,0,17.6,chatbot
/blogs/insighto-ai-alternative,"+intitle:""ai platform"" intitle:""alternative""",2,0,68,other
/blogs/insighto-ai-alternative,chatfirst,2,0,8.5,other
/blogs/insighto-ai-alternative,insighto,15,0,9.3,other
/blogs/insighto-ai-alternative,insighto ai,5,0,7.8,other
/blogs/insighto-ai-alternative,insighto alternatives,18,0,4.8,other
/blogs/insighto-ai-alternative,insighto.ai,40,0,10.8,other
/blogs/insighto-ai-alternative,what is the pricing,1,0,3,other
/blogs/marlie-vs-trillet-comparison,marlie ai reviews,39,2,5.8,other
/blogs/marlie-vs-trillet-comparison,"""marlie ai"" countries offices locations ""available in""",1,0,7,other
/blogs/marlie-vs-trillet-comparison,answering service comparison,1,0,9,convertible
/blogs/marlie-vs-trillet-comparison,best ai receptionist platforms 2026 trillet,1,0,9,brand
/blogs/marlie-vs-trillet-comparison,i can't afford a full-time receptionist but i keep losing calls. is there an ai receptionist or virtual answering service that can cover my phones 24/7 for a small business?,1,0,44,convertible
/blogs/marlie-vs-trillet-comparison,mallié ai,2,0,1,other
/blogs/marlie-vs-trillet-comparison,marlet ai,1,0,17,other
/blogs/marlie-vs-trillet-comparison,marley ai,1,0,2,other
/blogs/marlie-vs-trillet-comparison,marli ai,1,0,9,other
/blogs/marlie-vs-trillet-comparison,marlie ai,268,0,6.5,other
/blogs/marlie-vs-trillet-comparison,marlie ai alternatives,36,0,8.4,other
/blogs/marlie-vs-trillet-comparison,marlie ai company,12,0,5.9,other
/blogs/marlie-vs-trillet-comparison,marlie ai official website,3,0,4.7,other
/blogs/marlie-vs-trillet-comparison,marlie ai pricing,8,0,7.4,other
/blogs/marlie-vs-trillet-comparison,marlie ai receptionist pricing,2,0,8.5,convertible
/blogs/marlie-vs-trillet-comparison,marlie.ai,14,0,6.2,other
/blogs/marlie-vs-trillet-comparison,marlie.ai pricing,4,0,4.5,other
/blogs/marlie-vs-trillet-comparison,marlie.ai pricing 2026,4,0,6,other
/blogs/marlie-vs-trillet-comparison,site:https://trillet.ai,4,0,72.2,brand
/blogs/marlie-vs-trillet-comparison,site:trillet.ai,3,0,29,brand
/blogs/marlie-vs-trillet-comparison,trillet,14,0,1.8,brand
/blogs/marlie-vs-trillet-comparison,trillet ai,4,0,1.8,brand
/blogs/marlie-vs-trillet-comparison,trillet ai phone answering service,31,0,9.1,brand
/blogs/marlie-vs-trillet-comparison,trillet ai pricing,21,0,14.1,brand
/blogs/marlie-vs-trillet-comparison,trillet ai pricing 2026,28,0,5.2,brand
/blogs/marlie-vs-trillet-comparison,trillet ai pricing plans 2026,3,0,6,brand
/blogs/marlie-vs-trillet-comparison,trillet ai receptionist platform features,1,0,1,brand
/blogs/marlie-vs-trillet-comparison,trillet ai receptionist pricing,4,0,9.8,brand
/blogs/marlie-vs-trillet-comparison,trillet ai receptionist pricing 2026,1,0,6,brand
/blogs/marlie-vs-trillet-comparison,trillet ai reviews,6,0,8.8,brand
/blogs/marlie-vs-trillet-comparison,trillet ai roofing use cases,1,0,6,brand
/blogs/marlie-vs-trillet-comparison,trillet pricing,1,0,3,brand
/blogs/marlie-vs-trillet-comparison,trillet voice ai platform,4,0,19.5,brand
/blogs/marlie-vs-trillet-comparison,trillet.ai pricing,7,0,7.6,brand
/blogs/my-ai-front-desk-alternative-2026,ai front desk reviews,5,1,10.8,other
/blogs/my-ai-front-desk-alternative-2026,trillet ai reviews,5,1,3.2,brand
/blogs/my-ai-front-desk-alternative-2026,"""my ai front desk""",22,0,5,other
/blogs/my-ai-front-desk-alternative-2026,"""my ai front desk"" ai receptionist",28,0,8,convertible
/blogs/my-ai-front-desk-alternative-2026,"""my ai front desk"" pricing",47,0,7.7,other
/blogs/my-ai-front-desk-alternative-2026,"""my ai front desk"" pricing 2026",1,0,5,other
/blogs/my-ai-front-desk-alternative-2026,"""my ai front desk"" reviews",3,0,9.3,other
/blogs/my-ai-front-desk-alternative-2026,affordable 24/7 ai virtual receptionist 2025,4,0,53.5,convertible
/blogs/my-ai-front-desk-alternative-2026,affordable ai call handling alternatives to ruby my ai front desk,101,0,5.4,convertible
/blogs/my-ai-front-desk-alternative-2026,ai assistant for front desk booking management,4,0,22.2,convertible
/blogs/my-ai-front-desk-alternative-2026,ai call answering service,1,0,4,convertible
/blogs/my-ai-front-desk-alternative-2026,ai front desk for small business,7,0,16.9,other
/blogs/my-ai-front-desk-alternative-2026,ai frontdesk,4,0,21.5,other
/blogs/my-ai-front-desk-alternative-2026,ai phone receptionist,1,0,3,convertible
/blogs/my-ai-front-desk-alternative-2026,ai phone service,4,0,5.2,convertible
/blogs/my-ai-front-desk-alternative-2026,ai receptionist,1,0,16,convertible
/blogs/my-ai-front-desk-alternative-2026,ai receptionist comparison 2026,11,0,36.5,convertible
/blogs/my-ai-front-desk-alternative-2026,ai receptionist competitors 2026,8,0,9.4,convertible
/blogs/my-ai-front-desk-alternative-2026,ai receptionist for construction,1,0,28,convertible
/blogs/my-ai-front-desk-alternative-2026,ai receptionist for home services alternatives,11,0,8.8,convertible
/blogs/my-ai-front-desk-alternative-2026,ai receptionist for vacation rentals,1,0,1,convertible
/blogs/my-ai-front-desk-alternative-2026,ai receptionist platform,1,0,9,convertible
/blogs/my-ai-front-desk-alternative-2026,ai receptionist pricing official my ai front desk 2026,1,0,9,convertible
/blogs/my-ai-front-desk-alternative-2026,ai receptionist reviews,2,0,1,convertible
/blogs/my-ai-front-desk-alternative-2026,ai voice replacing front desks utah,144,0,8.2,convertible
/blogs/my-ai-front-desk-alternative-2026,aifront,1,0,10,other
/blogs/my-ai-front-desk-alternative-2026,aifrontdesk,1,0,9,other
/blogs/my-ai-front-desk-alternative-2026,aifrontdesk.com,9,0,30.7,other
/blogs/my-ai-front-desk-alternative-2026,any better than this,1,0,2,other
/blogs/my-ai-front-desk-alternative-2026,ava ai front desk pricing plans for small to mid-sized businesses,1,0,11,other
/blogs/my-ai-front-desk-alternative-2026,best 24 7 coverage ai receptionist,1,0,27,convertible
/blogs/my-ai-front-desk-alternative-2026,best 24/7 coverage ai receptionist,2,0,42.5,convertible
/blogs/my-ai-front-desk-alternative-2026,best ai answering service 2025,2,0,28,convertible
/blogs/my-ai-front-desk-alternative-2026,best ai booking agent for appliance repair,1,0,9,convertible
/blogs/my-ai-front-desk-alternative-2026,best ai phone answering system,1,0,27,convertible
/blogs/my-ai-front-desk-alternative-2026,best ai phone receptionist 2026,2,0,14.5,convertible
/blogs/my-ai-front-desk-alternative-2026,best ai phone receptionist for enterprises 2025 2026,11,0,9.8,convertible
/blogs/my-ai-front-desk-alternative-2026,best ai phone receptionist for small business 2026,1,0,10,convertible
/blogs/my-ai-front-desk-alternative-2026,best ai phone receptionist for small businesses 2025 2026,1,0,18,convertible
/blogs/my-ai-front-desk-alternative-2026,best ai receptionist 2025 2026 united states,2,0,18,convertible
/blogs/my-ai-front-desk-alternative-2026,best ai receptionist 2026,41,0,27.2,convertible
/blogs/my-ai-front-desk-alternative-2026,best ai receptionist for 2025,16,0,20.1,convertible
/blogs/my-ai-front-desk-alternative-2026,best ai receptionist for businesses with multiple locations 2025 2026,2,0,12,convertible
/blogs/my-ai-front-desk-alternative-2026,best ai receptionist for enterprises 2025 2026,17,0,12.5,convertible
/blogs/my-ai-front-desk-alternative-2026,best ai receptionist for small business 2025,4,0,41.2,convertible
/blogs/my-ai-front-desk-alternative-2026,best ai receptionist for small business 2026,3,0,23.7,convertible
/blogs/my-ai-front-desk-alternative-2026,best ai receptionist platforms 2026,2,0,5,convertible
/blogs/my-ai-front-desk-alternative-2026,best ai receptionist platforms for appointment scheduling 2025 2026,1,0,15,convertible
/blogs/my-ai-front-desk-alternative-2026,best ai receptionist services 2026,1,0,19,convertible
/blogs/my-ai-front-desk-alternative-2026,best ai receptionist software 2025,13,0,20.8,convertible
/blogs/my-ai-front-desk-alternative-2026,best ai receptionist software 2026,17,0,15.6,convertible
/blogs/my-ai-front-desk-alternative-2026,best ai receptionist tools for small businesses 2026,1,0,9,convertible
/blogs/my-ai-front-desk-alternative-2026,best ai technology for virtual reception 2025,1,0,23,other
/blogs/my-ai-front-desk-alternative-2026,best ai virtual receptionist 2026,9,0,21.1,convertible
/blogs/my-ai-front-desk-alternative-2026,best ai virtual receptionist 2026 comparison,14,0,25.7,convertible
/blogs/my-ai-front-desk-alternative-2026,best ai virtual receptionist 24/7 2026,1,0,30,convertible
/blogs/my-ai-front-desk-alternative-2026,best ai virtual receptionist appointment scheduling 2026,1,0,24,convertible
/blogs/my-ai-front-desk-alternative-2026,best ai virtual receptionist for appointment scheduling 2025 2026,2,0,20.5,convertible
/blogs/my-ai-front-desk-alternative-2026,best ai virtual receptionist for enterprises 2025 2026,10,0,17,convertible
/blogs/my-ai-front-desk-alternative-2026,best ai virtual receptionist services 2025,7,0,26.7,convertible
/blogs/my-ai-front-desk-white-label-alternative,my ai front desk white label,12,1,4.8,convertible
/blogs/my-ai-front-desk-white-label-alternative,"""my ai front desk"" pricing",1,0,10,other
/blogs/my-ai-front-desk-white-label-alternative,ai receptionist reseller program,7,0,5,convertible
/blogs/my-ai-front-desk-white-label-alternative,ai receptionist white label,39,0,64.5,convertible
/blogs/my-ai-front-desk-white-label-alternative,ai voice agents white label,1,0,6,convertible
/blogs/my-ai-front-desk-white-label-alternative,best ai voice agent reseller platform,1,0,1,convertible
/blogs/my-ai-front-desk-white-label-alternative,best white label programs,1,0,21,convertible
/blogs/my-ai-front-desk-white-label-alternative,how much does it cost,1,0,8,other
/blogs/my-ai-front-desk-white-label-alternative,my ai front desk,24,0,15.2,other
/blogs/my-ai-front-desk-white-label-alternative,my ai front desk alternative,9,0,8.2,other
/blogs/my-ai-front-desk-white-label-alternative,my ai front desk alternatives,4,0,14,other
/blogs/my-ai-front-desk-white-label-alternative,my ai front desk company staffing model,1,0,7,other
/blogs/my-ai-front-desk-white-label-alternative,my ai front desk pricing,1,0,23,other
/blogs/my-ai-front-desk-white-label-alternative,my ai front desk white label pricing,1,0,6,convertible
/blogs/my-ai-front-desk-white-label-alternative,myaifrontdesk alternative,1,0,5,other
/blogs/my-ai-front-desk-white-label-alternative,what is the best ai receptionist for businesses to create and sell?,1,0,5,convertible
/blogs/my-ai-front-desk-white-label-alternative,which vendor will white-label the ai agent with our clinic’s branding?,1,0,6,convertible
/blogs/my-ai-front-desk-white-label-alternative,white label ai receptionist,86,0,54.8,convertible
/blogs/my-ai-front-desk-white-label-alternative,white label email,2,0,14.5,convertible
/blogs/my-ai-front-desk-white-label-alternative,white label sandboxes,1,0,88,convertible
/blogs/nexa-vs-trillet-comparison,can ai chatbots handle complex customer inquiries?,1,0,13,chatbot
/blogs/nexa-vs-trillet-comparison,how does accuracy compare between ai and live answering agents for booking appointments?,1,0,3,convertible
/blogs/nexa-vs-trillet-comparison,nexa jobs,1,0,6,other
/blogs/nexa-vs-trillet-comparison,nexa pricing,1,0,1,other
/blogs/nexa-vs-trillet-comparison,nexa virtual receptionist pricing,1,0,17,convertible
/blogs/nexa-vs-trillet-comparison,nexa virtual receptionist pricing 2026,3,0,8.7,convertible
/blogs/nexa-vs-trillet-comparison,pricing ?,1,0,2,other
/blogs/nexa-vs-trillet-comparison,site:https://trillet.ai,3,0,80.7,brand
/blogs/nexa-vs-trillet-comparison,site:trillet.ai,3,0,30.7,brand
/blogs/nexa-vs-trillet-comparison,trillet ai phone answering service,1,0,42,brand
/blogs/nexa-vs-trillet-comparison,trillet ai pricing,2,0,45.5,brand
/blogs/phonely-vs-trillet-comparison,phonely review,1,1,7,convertible
/blogs/phonely-vs-trillet-comparison,ai receptionist for small business,1,0,1,convertible
/blogs/phonely-vs-trillet-comparison,ai receptionist for small businesses,4,0,1,convertible
/blogs/phonely-vs-trillet-comparison,best ai receptionist platforms 2026 trillet,1,0,18,brand
/blogs/phonely-vs-trillet-comparison,best answering services,1,0,26,convertible
/blogs/phonely-vs-trillet-comparison,best my ai front desk alternatives,1,0,5,other
/blogs/phonely-vs-trillet-comparison,best phonely alternative for healthcare,7,0,3.3,convertible
/blogs/phonely-vs-trillet-comparison,"compare phonely and observe.ai across speech recognition accuracy, integration speed with twilio, and hipaa compliance for our healthcare scheduling needs.",2,0,9.5,convertible
/blogs/phonely-vs-trillet-comparison,does phonely support integrations,1,0,6,convertible
/blogs/phonely-vs-trillet-comparison,does phonely support multilingual voice agents,1,0,1,convertible
/blogs/phonely-vs-trillet-comparison,does phonely support sms,1,0,6,convertible
/blogs/phonely-vs-trillet-comparison,how do smartphones compare in ai-powered voice assistant call features,1,0,32,convertible
/blogs/phonely-vs-trillet-comparison,how does phonely compare to observe.ai for call recording and compliance tracking?,1,0,9,convertible
/blogs/phonely-vs-trillet-comparison,how does phonely compare to retell,126,0,6.4,convertible
/blogs/phonely-vs-trillet-comparison,i need an ai voice agent platform that can handle appointment scheduling and payment processing. does phonely have native crm integrations and how does it stack up against retell ai for this use case?,1,0,12,convertible
/blogs/phonely-vs-trillet-comparison,i'm comparing phone answering systems and need to know how phonely stacks up against five9 and ringcentral on conversation quality and setup time.,1,0,1,convertible
/blogs/phonely-vs-trillet-comparison,i'm comparing phonely against retell.ai for a virtual receptionist. which one has better speech recognition accuracy and faster setup?,5,0,10.6,convertible
/blogs/phonely-vs-trillet-comparison,is phonely any good,1,0,10,convertible
/blogs/phonely-vs-trillet-comparison,is phonely hipaa compliant for healthcare,13,0,5.7,convertible
/blogs/phonely-vs-trillet-comparison,our clinic receives 200 appointment calls a day and we're drowning in missed calls. we need phonely or a similar voice ai that can automatically schedule appointments and send confirmations to our system. what's the best option?,1,0,5,convertible
/blogs/phonely-vs-trillet-comparison,phonely,1,0,2,convertible
/blogs/phonely-vs-trillet-comparison,phonely ai alternatives,9,0,8.4,convertible
/blogs/phonely-vs-trillet-comparison,phonely ai answering service pricing,8,0,8.8,convertible
/blogs/phonely-vs-trillet-comparison,phonely ai compliance hipaa soc 2 gdpr,2,0,2,convertible
/blogs/phonely-vs-trillet-comparison,phonely ai compliance hipaa soc2,2,0,4,convertible
/blogs/phonely-vs-trillet-comparison,phonely ai enterprise features pricing customers,2,0,6.5,convertible
/blogs/phonely-vs-trillet-comparison,phonely ai enterprise features pricing review,4,0,5.2,convertible
/blogs/phonely-vs-trillet-comparison,phonely ai enterprise features pricing reviews,2,0,6.5,convertible
/blogs/phonely-vs-trillet-comparison,phonely ai enterprise pricing,1,0,8,convertible
/blogs/phonely-vs-trillet-comparison,phonely ai features pricing enterprise,1,0,7,convertible
/blogs/phonely-vs-trillet-comparison,phonely ai hipaa baa,1,0,8,convertible
/blogs/phonely-vs-trillet-comparison,phonely ai hipaa compliance,1,0,6,convertible
/blogs/phonely-vs-trillet-comparison,phonely ai latency,1,0,1,convertible
/blogs/phonely-vs-trillet-comparison,phonely ai latency voice quality,1,0,10,convertible
/blogs/phonely-vs-trillet-comparison,phonely ai low latency,1,0,10,convertible
/blogs/phonely-vs-trillet-comparison,phonely ai phone answering service,1,0,9,convertible
/blogs/phonely-vs-trillet-comparison,phonely ai pricing,12,0,7.8,convertible
/blogs/phonely-vs-trillet-comparison,phonely ai pricing 2026,9,0,5,convertible
/blogs/phonely-vs-trillet-comparison,phonely ai pricing enterprise,1,0,7,convertible
/blogs/phonely-vs-trillet-comparison,phonely ai pricing model 2026,1,0,4,convertible
/blogs/phonely-vs-trillet-comparison,phonely ai pricing plans,1,0,7,convertible
/blogs/phonely-vs-trillet-comparison,phonely ai pricing plans 2026,2,0,4,convertible
/blogs/phonely-vs-trillet-comparison,phonely ai receptionist,4,0,6.8,convertible
/blogs/phonely-vs-trillet-comparison,phonely ai receptionist pricing,5,0,6.4,convertible
/blogs/phonely-vs-trillet-comparison,phonely ai reviews,16,0,7.9,convertible
/blogs/phonely-vs-trillet-comparison,phonely alternatives,2,0,8.5,convertible
/blogs/phonely-vs-trillet-comparison,phonely pricing,83,0,7.1,convertible
/blogs/phonely-vs-trillet-comparison,phonely pricing and plans,23,0,8.4,convertible
/blogs/phonely-vs-trillet-comparison,phonely pricing for small business,34,0,8.4,convertible
/blogs/phonely-vs-trillet-comparison,phonely reviews,3,0,7.3,convertible
/blogs/phonely-vs-trillet-comparison,phonely reviews 2026,7,0,7.1,convertible
/blogs/phonely-vs-trillet-comparison,phonely reviews and ratings,1,0,11,convertible
/blogs/phonely-vs-trillet-comparison,phonely reviews from contact center managers,1,0,5,convertible
/blogs/phonely-vs-trillet-comparison,phonely vs bland for customer service,1,0,7,convertible
/blogs/phonely-vs-trillet-comparison,phonely vs bland.ai for outbound campaigns,1,0,9,convertible
/blogs/phonely-vs-trillet-comparison,phonely vs retell for customer service,1,0,9,convertible
/blogs/phonely-vs-trillet-comparison,phonely.ai,2,0,50.5,convertible
/blogs/phonely-vs-trillet-comparison,phonely.ai pricing,3,0,4,convertible
/blogs/phonely-vs-trillet-comparison,site:https://trillet.ai,2,0,57.5,brand
/blogs/phonely-vs-trillet-comparison,site:trillet.ai,1,0,52,brand
/blogs/playai-alternatives-2026,"""playai"" outbound calling",3,0,8.7,convertible
/blogs/playai-alternatives-2026,"""playai"" outbound calls",1,0,7,convertible
/blogs/playai-alternatives-2026,"""playai"" telephony outbound",2,0,7.5,other
/blogs/playai-alternatives-2026,evaluate the generative ai for speech / voice technology company playht on conversational ai,1,0,3,convertible
/blogs/playai-alternatives-2026,how much do they cost to use,1,0,8,other
/blogs/playai-alternatives-2026,play ht,4,0,3.2,other
/blogs/playai-alternatives-2026,play ht voice cloning free,1,0,2,convertible
/blogs/playai-alternatives-2026,play.ht,4,0,7.2,other
/blogs/playai-alternatives-2026,play.ht free,1,0,2,other
/blogs/playai-alternatives-2026,play.ht shutdown 2026,1,0,2,other
/blogs/playai-alternatives-2026,playai,1,0,3,other
/blogs/playai-alternatives-2026,playht,10,0,3.5,other
/blogs/playai-alternatives-2026,playht rebrand playai official 2026,1,0,8,other
/blogs/playai-alternatives-2026,playht review,2,0,1,other
/blogs/playai-alternatives-2026,playht shut down official 2026,1,0,2,other
/blogs/playai-alternatives-2026,playht shut down service 2026 official,1,0,11,other
/blogs/playai-alternatives-2026,site:https://trillet.ai,1,0,47,brand
/blogs/playai-alternatives-2026,trillet ai funding,1,0,6,brand
/blogs/playai-alternatives-2026,voice ai agent enterprise 2026 meta play ai acquisition,4,0,5,convertible
/blogs/playai-alternatives-2026,what are the professional-grade ai text to speech solutions available in the market today?,1,0,18,other
/blogs/retell-ai-white-label-alternative,retell ai white label,130,4,6.7,convertible
/blogs/retell-ai-white-label-alternative,how much it costs,1,1,4,other
/blogs/retell-ai-white-label-alternative,retell partners,1,1,46,other
/blogs/retell-ai-white-label-alternative,retell white label,70,1,5.8,convertible
/blogs/retell-ai-white-label-alternative,affordable ai call center solutions,1,0,1,convertible
/blogs/retell-ai-white-label-alternative,all in platform,1,0,2,other
/blogs/retell-ai-white-label-alternative,alternatives to retell ai software,17,0,19.4,other
/blogs/retell-ai-white-label-alternative,best ai voice agent reseller platform,1,0,1,convertible
/blogs/retell-ai-white-label-alternative,best alternatives to retell ai,3,0,15.3,other
/blogs/retell-ai-white-label-alternative,best retell ai alternative for customer service,1,0,21,other
/blogs/retell-ai-white-label-alternative,braincx ai vs retell ai,1,0,11,other
/blogs/retell-ai-white-label-alternative,build myself,1,0,2,other
/blogs/retell-ai-white-label-alternative,but cheaper,1,0,7,other
/blogs/retell-ai-white-label-alternative,cortellis api alternative data model,1,0,89,other
/blogs/retell-ai-white-label-alternative,dashboard.retellai.com,1,0,18,other
/blogs/retell-ai-white-label-alternative,does testing the bot cost money on retell ai,9,0,46.1,other
/blogs/retell-ai-white-label-alternative,evaluate retell ai on operational cost reduction through voice ai,3,0,11,convertible
/blogs/retell-ai-white-label-alternative,evaluate the ai-native erp company quickbooks on alternatives to rillet,4,0,90.8,other
/blogs/retell-ai-white-label-alternative,evaluate the g2 - aeo insights - product company slack on retell ai,1,0,14,other
/blogs/retell-ai-white-label-alternative,evaluate the voice ai company retell ai on activation & onboarding,4,0,8.5,convertible
/blogs/retell-ai-white-label-alternative,evaluate the voice ai company retell ai on white label & reselling,109,0,2.6,convertible
/blogs/retell-ai-white-label-alternative,how much does retell ai cost,1,0,21,other
/blogs/retell-ai-white-label-alternative,"i keep seeing retell ai recommended for voice agents but want to know actual costs. what does it charge per minute or per call, and what are cheaper alternatives worth considering?",1,0,10,convertible
/blogs/retell-ai-white-label-alternative,i need an ai voice agent platform that can handle appointment scheduling and payment processing. does phonely have native crm integrations and how does it stack up against retell ai for this use case?,1,0,12,convertible
/blogs/retell-ai-white-label-alternative,is it evaluate the voice ai company retell ai on crm integration,1,0,12,convertible
/blogs/retell-ai-white-label-alternative,is it evaluate the voice ai company retell ai on white label & reselling,3,0,2,convertible
/blogs/retell-ai-white-label-alternative,is retell ai hipaa compliant,1,0,3,other
/blogs/retell-ai-white-label-alternative,is this agency,1,0,2,convertible
/blogs/retell-ai-white-label-alternative,most affordable voice ai tools for small bank collections departments,1,0,1,convertible
/blogs/retell-ai-white-label-alternative,official retell ai pricing voice agent 2026,1,0,11,convertible
/blogs/retell-ai-white-label-alternative,open source alternative to retell,23,0,18.6,other
/blogs/retell-ai-white-label-alternative,open-source alternatives to retell ai,12,0,24.2,other
/blogs/retell-ai-white-label-alternative,retail ai api,1,0,21,other
/blogs/retell-ai-white-label-alternative,retell,4,0,15.8,other
/blogs/retell-ai-white-label-alternative,retell account,8,0,7.1,other
/blogs/retell-ai-white-label-alternative,retell ai,1,0,32,other
/blogs/retell-ai-white-label-alternative,retell ai affiliate program,4,0,9.5,other
/blogs/retell-ai-white-label-alternative,retell ai alternative,84,0,15.1,other
/blogs/retell-ai-white-label-alternative,retell ai alternatives,78,0,17.3,other
/blogs/retell-ai-white-label-alternative,retell ai alternatives for ecommerce,30,0,17.3,other
/blogs/retell-ai-white-label-alternative,retell ai api,2,0,16,other
/blogs/retell-ai-white-label-alternative,retell ai api documentation,1,0,15,other
/blogs/retell-ai-white-label-alternative,retell ai api local mock development stub,11,0,10.6,other
/blogs/retell-ai-white-label-alternative,retell ai api local mock development testing,16,0,7.8,other
/blogs/retell-ai-white-label-alternative,retell ai api mock local development,41,0,6.3,other
/blogs/retell-ai-white-label-alternative,retell ai api mock local development stub,1,0,10,other
/blogs/retell-ai-white-label-alternative,retell ai april 2026,12,0,10.3,other
/blogs/retell-ai-white-label-alternative,retell ai baa,2,0,8.5,other
/blogs/retell-ai-white-label-alternative,retell ai blog,4,0,8.8,other
/blogs/retell-ai-white-label-alternative,retell ai brand,11,0,8.8,other
/blogs/retell-ai-white-label-alternative,retell ai branded phone number timeframe,5,0,10.8,convertible
/blogs/retell-ai-white-label-alternative,retell ai cofounders,1,0,23,other
/blogs/retell-ai-white-label-alternative,retell ai company,1,0,3,other
/blogs/retell-ai-white-label-alternative,retell ai company invoice billing invoice,27,0,9.6,convertible
/blogs/retell-ai-white-label-alternative,retell ai competitor,17,0,16.6,other
/blogs/retell-ai-white-label-alternative,retell ai competitors,14,0,30.3,other
/blogs/retell-ai-white-label-alternative,retell ai cost,4,0,39.5,other
/blogs/retell-ai-white-label-alternative,retell ai crunchbase,4,0,25.5,other
/blogs/retell-ai-white-label-alternative,retell ai dpa,1,0,20,other
/blogs/retell-ai-white-label-alternative,retell ai enterprise plan,2,0,21,other
/blogs/smith-ai-alternative-2026,best smith.ai alternative for healthcare,3,0,18.7,other
/blogs/smith-ai-alternative-2026,best smith.ai alternatives,1,0,1,other
/blogs/smith-ai-alternative-2026,best smith.ai alternatives 2025,4,0,5.2,other
/blogs/smith-ai-alternative-2026,best smith.ai alternatives 2025 2026,2,0,1.5,other
/blogs/smith-ai-alternative-2026,best smith.ai alternatives 2026,3,0,2.7,other
/blogs/smith-ai-alternative-2026,cost per month,1,0,3,other
/blogs/smith-ai-alternative-2026,evaluate the ai virtual reception company smith.ai,2,0,15,other
/blogs/smith-ai-alternative-2026,evaluate the ai virtual reception company smith.ai on ai voice,3,0,8.3,convertible
/blogs/smith-ai-alternative-2026,evaluate the customer support company smith.ai on answering service,1,0,11,convertible
/blogs/smith-ai-alternative-2026,evaluate the prompt expansion company smith.ai on demo automation,1,0,12,other
/blogs/smith-ai-alternative-2026,evaluate the prompt expansion company smith.ai on employee intranet,1,0,7,other
/blogs/smith-ai-alternative-2026,evaluate the prompt expansion company smith.ai on product suites,9,0,9.2,other
/blogs/smith-ai-alternative-2026,evaluate the service‑industry automation company smith.ai on ai text and voice,2,0,11,convertible
/blogs/smith-ai-alternative-2026,"for intake calls and screening leads, is smith.ai really top tier or do other virtual receptionist services do it better?",3,0,4.7,convertible
/blogs/smith-ai-alternative-2026,highest rated hybrid ai-human crm model 2026,3,0,9,other
/blogs/smith-ai-alternative-2026,how does smith.ai's virtual receptionist service compare to other providers?,1,0,5,convertible
/blogs/smith-ai-alternative-2026,image smith ai alternative,7,0,6.4,other
/blogs/smith-ai-alternative-2026,live human,1,0,6,other
/blogs/smith-ai-alternative-2026,phonely ai alternatives,2,0,20,convertible
/blogs/smith-ai-alternative-2026,site:https://trillet.ai,3,0,77.7,brand
/blogs/smith-ai-alternative-2026,site:trillet.ai,2,0,13,brand
/blogs/smith-ai-alternative-2026,smith ai alternative,2,0,19.5,other
/blogs/smith-ai-alternative-2026,smith ai alternatives,5,0,12.8,other
/blogs/smith-ai-alternative-2026,smith ai hybrid vs pure ai receptionist,10,0,6.7,convertible
/blogs/smith-ai-alternative-2026,smith ai pricing plans which tier,5,0,7,other
/blogs/smith-ai-alternative-2026,smith.ai ai receptionist features pricing 2026,4,0,10.8,convertible
/blogs/smith-ai-alternative-2026,smith.ai ai receptionist official 2026,1,0,5,convertible
/blogs/smith-ai-alternative-2026,smith.ai ai receptionist pricing 2026,111,0,7.8,convertible
/blogs/smith-ai-alternative-2026,smith.ai ai receptionist pricing 2026 official,31,0,8.6,convertible
/blogs/smith-ai-alternative-2026,smith.ai ai receptionist pricing features 2026,11,0,9.8,convertible
/blogs/smith-ai-alternative-2026,smith.ai ai receptionist pricing official 2026,36,0,8.7,convertible
/blogs/smith-ai-alternative-2026,smith.ai ai receptionist pricing plans 2026,4,0,8.2,convertible
/blogs/smith-ai-alternative-2026,smith.ai ai receptionist pricing small business 2026,7,0,9.3,convertible
/blogs/smith-ai-alternative-2026,smith.ai alternative,12,0,11.6,other
/blogs/smith-ai-alternative-2026,smith.ai alternative for home service contractors with crm booking,1,0,8,convertible
/blogs/smith-ai-alternative-2026,smith.ai alternatives,1,0,29,other
/blogs/smith-ai-alternative-2026,smith.ai alternatives 2026,1,0,6,other
/blogs/smith-ai-alternative-2026,smith.ai answering service pricing 2026,2,0,8.5,convertible
/blogs/smith-ai-alternative-2026,smith.ai competitors 2026,1,0,6,other
/blogs/smith-ai-alternative-2026,smith.ai human-first receptionist pricing plans 2025 per minute,1,0,15,convertible
/blogs/smith-ai-alternative-2026,smith.ai pricing,1,0,13,other
/blogs/smith-ai-alternative-2026,smith.ai pricing 2026,38,0,6.5,other
/blogs/smith-ai-alternative-2026,smith.ai pricing 2026 ai receptionist,5,0,8.8,convertible
/blogs/smith-ai-alternative-2026,smith.ai pricing ai receptionist 2026,42,0,7.9,convertible
/blogs/smith-ai-alternative-2026,smith.ai pricing ai receptionist 2026 official,10,0,8.9,convertible
/blogs/smith-ai-alternative-2026,smith.ai pricing ai receptionist official 2026,8,0,8,convertible
/blogs/smith-ai-alternative-2026,smith.ai pricing ai receptionist plans 2026,4,0,9.2,convertible
/blogs/smith-ai-alternative-2026,smith.ai pricing and features 2026,3,0,8,other
/blogs/smith-ai-alternative-2026,smith.ai pricing and reviews 2026,1,0,8,other
/blogs/smith-ai-alternative-2026,smith.ai pricing official 2026,4,0,7.2,other
/blogs/smith-ai-alternative-2026,smith.ai pricing official ai receptionist 2026,1,0,9,convertible
/blogs/smith-ai-alternative-2026,smith.ai pricing official receptionist 2026,8,0,9,convertible
/blogs/smith-ai-alternative-2026,smith.ai pricing plans 2026,6,0,8.8,other
/blogs/smith-ai-alternative-2026,smith.ai pricing receptionist 2026,6,0,6,convertible
/blogs/smith-ai-alternative-2026,smith.ai pricing receptionist 2026 official,2,0,6,convertible
/blogs/smith-ai-alternative-2026,smith.ai pricing receptionist official 2026,8,0,8.4,convertible
/blogs/smith-ai-alternative-2026,smith.ai pricing virtual receptionist 2026,1,0,10,convertible
/blogs/smith-ai-alternative-2026,smith.ai pricing virtual receptionist official 2026,1,0,12,convertible
/blogs/smith-ai-alternative-2026,smith.ai receptionist pricing 2026,16,0,9.3,convertible
/blogs/smith-ai-alternative-2026,smith.ai receptionist pricing official 2026,1,0,7,convertible
/blogs/stammer-ai-alternative,best white label ai platforms for msps,2,0,9.5,convertible
/blogs/stammer-ai-alternative,best white label ai solution for msps,2,0,11,convertible
/blogs/stammer-ai-alternative,build and sell,1,0,6,other
/blogs/stammer-ai-alternative,cost,1,0,4,other
/blogs/stammer-ai-alternative,give example,1,0,5,other
/blogs/stammer-ai-alternative,leading white-label voice assistant platforms,5,0,8.4,convertible
/blogs/stammer-ai-alternative,pricing,1,0,5,other
/blogs/stammer-ai-alternative,rootle ai alternatives,2,0,20,other
/blogs/stammer-ai-alternative,site:https://trillet.ai,4,0,44.5,brand
/blogs/stammer-ai-alternative,site:trillet.ai,2,0,44.5,brand
/blogs/stammer-ai-alternative,stammer ai,3,0,25.3,other
/blogs/stammer-ai-alternative,stammer ai alternative,1,0,5,other
/blogs/stammer-ai-alternative,stammer ai company overview,5,0,2.6,other
/blogs/stammer-ai-alternative,stammer ai official website,1,0,3,other
/blogs/stammer-ai-alternative,stammer ai pricing,42,0,8.2,other
/blogs/stammer-ai-alternative,stammer ai reviews,3,0,10.3,other
/blogs/stammer-ai-alternative,stammer company,2,0,3,other
/blogs/stammer-ai-alternative,stammer.ai,5,0,20.6,other
/blogs/stammer-ai-alternative,stammer.ai pricing,15,0,8.3,other
/blogs/stammer-ai-alternative,trillet ai,1,0,1,brand
/blogs/stammer-ai-alternative,trillet ai pricing,1,0,1,brand
/blogs/stammer-ai-alternative,trillet ai reviews,2,0,1.5,brand
/blogs/stammer-ai-alternative,trillet.ai pricing,1,0,3,brand
/blogs/stammer-ai-alternative,usage-based vs flat-rate ai voice agent pricing,1,0,19,convertible
/blogs/stammer-ai-alternative,what are the top business ai female voice tools available right now?,1,0,24,convertible
/blogs/stammer-ai-alternative,what packages bundle both chatbot and voice automation for under $5k per month?,3,0,2.3,chatbot
/blogs/stammer-ai-alternative,white label automation software,1,0,1,convertible
/blogs/stammer-ai-alternative,white-label ai marketing platforms for digital marketing agencies us,1,0,10,convertible
/blogs/synthflow-alternative-for-agencies,compare pricing,1,0,10,other
/blogs/synthflow-alternative-for-agencies,evaluate sonant ai against synthflow for reducing missed calls in an independent insurance agency setting.,16,0,11,convertible
/blogs/synthflow-alternative-for-agencies,how much dose it cost,1,0,16,other
/blogs/synthflow-alternative-for-agencies,pricing tiers please,1,0,3,other
/blogs/synthflow-alternative-for-agencies,site:https://trillet.ai,2,0,66,brand
/blogs/synthflow-alternative-for-agencies,site:trillet.ai,1,0,9,brand
/blogs/synthflow-alternative-for-agencies,synthflow affiliate program,1,0,7,other
/blogs/synthflow-alternative-for-agencies,synthflow agency plan pricing 2026,2,0,5.5,convertible
/blogs/synthflow-alternative-for-agencies,synthflow agency white label pricing 2026,1,0,4,convertible
/blogs/synthflow-alternative-for-agencies,synthflow ai alternative,1,0,13,other
/blogs/synthflow-alternative-for-agencies,synthflow ai alternatives for ecommerce,2,0,11.5,other
/blogs/synthflow-alternative-for-agencies,synthflow ai pricing 2026 official,1,0,7,other
/blogs/synthflow-alternative-for-agencies,synthflow ai pricing 2026 voice agents,2,0,9.5,convertible
/blogs/synthflow-alternative-for-agencies,synthflow ai pricing official 2026,11,0,9.2,other
/blogs/synthflow-alternative-for-agencies,synthflow ai pricing official voice agent,2,0,8,convertible
/blogs/synthflow-alternative-for-agencies,synthflow ai pricing official voice agent 2026,1,0,11,convertible
/blogs/synthflow-alternative-for-agencies,synthflow ai pricing official voice agents,3,0,11.7,convertible
/blogs/synthflow-alternative-for-agencies,synthflow ai pricing official voice agents 2026,1,0,11,convertible
/blogs/synthflow-alternative-for-agencies,synthflow ai pricing per minute 2026,13,0,9.2,other
/blogs/synthflow-alternative-for-agencies,synthflow ai pricing plans 2026,5,0,10.4,other
/blogs/synthflow-alternative-for-agencies,synthflow ai pricing voice agent 2026 official,2,0,10,convertible
/blogs/synthflow-alternative-for-agencies,synthflow ai pricing voice agent official,1,0,10,convertible
/blogs/synthflow-alternative-for-agencies,synthflow ai pricing voice agent official 2026,1,0,10,convertible
/blogs/synthflow-alternative-for-agencies,synthflow ai pricing voice agents 2026,2,0,9,convertible
/blogs/synthflow-alternative-for-agencies,synthflow ai pricing voice agents 2026 official,1,0,7,convertible
/blogs/synthflow-alternative-for-agencies,synthflow ai pricing voice agents official,2,0,10,convertible
/blogs/synthflow-alternative-for-agencies,synthflow ai pricing voice agents official 2026,1,0,7,convertible
/blogs/synthflow-alternative-for-agencies,synthflow ai voice agent pricing 2026,1,0,11,convertible
/blogs/synthflow-alternative-for-agencies,synthflow ai voice agent pricing official 2026,2,0,10,convertible
/blogs/synthflow-alternative-for-agencies,synthflow ai white label pricing,1,0,11,convertible
/blogs/synthflow-alternative-for-agencies,synthflow alternative,1633,0,10.5,other
/blogs/synthflow-alternative-for-agencies,synthflow alternatives,3,0,10.7,other
/blogs/synthflow-alternative-for-agencies,synthflow pricing,5,0,17,other
/blogs/synthflow-alternative-for-agencies,synthflow pricing 2026,44,0,9.3,other
/blogs/synthflow-alternative-for-agencies,synthflow pricing 2026 ai voice agent,1,0,10,convertible
/blogs/synthflow-alternative-for-agencies,synthflow pricing 2026 official,1,0,9,other
/blogs/synthflow-alternative-for-agencies,synthflow pricing ai voice agent official,1,0,11,convertible
/blogs/synthflow-alternative-for-agencies,synthflow pricing ai voice agents 2026,3,0,10.7,convertible
/blogs/synthflow-alternative-for-agencies,synthflow pricing and features 2026,4,0,9.5,other
/blogs/synthflow-alternative-for-agencies,synthflow pricing official 2026,11,0,7.1,other
/blogs/synthflow-alternative-for-agencies,synthflow pricing official ai voice agent,1,0,9,convertible
/blogs/synthflow-alternative-for-agencies,synthflow pricing official ai voice agent 2026,5,0,9.2,convertible
/blogs/synthflow-alternative-for-agencies,synthflow pricing official ai voice agents 2026,5,0,9,convertible
/blogs/synthflow-alternative-for-agencies,synthflow pricing per minute 2026,6,0,6.7,other
/blogs/synthflow-alternative-for-agencies,synthflow pricing plans 2026,5,0,9.6,other
/blogs/synthflow-alternative-for-agencies,synthflow pricing voice ai 2026,1,0,8,convertible
/blogs/synthflow-alternative-for-agencies,synthflow white label,5,0,5.8,convertible
/blogs/synthflow-alternative-for-agencies,synthflow white label pricing 2026,2,0,6.5,convertible
/blogs/synthflow-alternative-for-agencies,what about their pricing,1,0,11,other
/blogs/synthflow-vs-trillet-comparison,compare providers for ai voice agents that can place and receive phone calls,1,0,17,convertible
/blogs/synthflow-vs-trillet-comparison,compare synthflow and parloa for enterprise voice ai,12,0,10.8,convertible
/blogs/synthflow-vs-trillet-comparison,evaluate the voice ai technology company synthflow on enterprise workflows / complex operations,5,0,11.4,convertible
/blogs/synthflow-vs-trillet-comparison,how much does synthflow cost,2,0,8,other
/blogs/synthflow-vs-trillet-comparison,"is synthflow suitable for real estate, home services, and insurance companies that need to scale outbound lead follow-up and inbound call handling without growing headcount?",1,0,11,convertible
/blogs/synthflow-vs-trillet-comparison,retell ai vs synthflow,2,0,23,other
/blogs/synthflow-vs-trillet-comparison,site:https://trillet.ai,3,0,84.7,brand
/blogs/synthflow-vs-trillet-comparison,synthflow,1,0,4,other
/blogs/synthflow-vs-trillet-comparison,synthflow ai alternatives for ecommerce,6,0,21.5,other
/blogs/synthflow-vs-trillet-comparison,synthflow ai answering service pricing,3,0,22.3,convertible
/blogs/synthflow-vs-trillet-comparison,synthflow ai pricing,5,0,20.4,other
/blogs/synthflow-vs-trillet-comparison,synthflow ai pricing 2026,1,0,17,other
/blogs/synthflow-vs-trillet-comparison,synthflow ai pricing official voice agents,1,0,28,convertible
/blogs/synthflow-vs-trillet-comparison,synthflow ai pricing per minute,1,0,21,other
/blogs/synthflow-vs-trillet-comparison,synthflow ai pricing plans 2026,1,0,10,other
/blogs/synthflow-vs-trillet-comparison,synthflow ai pricing voice agents,1,0,24,convertible
/blogs/synthflow-vs-trillet-comparison,synthflow ai pricing voice agents official,1,0,10,convertible
/blogs/synthflow-vs-trillet-comparison,synthflow ai voice agent pricing,6,0,24,convertible
/blogs/synthflow-vs-trillet-comparison,synthflow ai white label pricing,1,0,24,convertible
/blogs/synthflow-vs-trillet-comparison,synthflow pricing,49,0,24.6,other
/blogs/synthflow-vs-trillet-comparison,synthflow pricing 2026,1,0,33,other
/blogs/synthflow-vs-trillet-comparison,synthflow pricing official 2026,3,0,9,other
/blogs/synthflow-vs-trillet-comparison,synthflow pricing per minute,3,0,20,other
/blogs/synthflow-vs-trillet-comparison,synthflow pricing per minute 2026,1,0,10,other
/blogs/synthflow-vs-trillet-comparison,synthflow review,1,0,29,other
/blogs/synthflow-vs-trillet-comparison,synthflow vs retell,4,0,20,other
/blogs/synthflow-vs-trillet-comparison,synthflow white label,3,0,14,convertible
/blogs/synthflow-vs-trillet-comparison,trillet ai pricing agency plan 2026,1,0,9,brand
/blogs/synthflow-vs-trillet-comparison,trillet ai pricing plans 2026,1,0,10,brand
/blogs/synthflow-vs-trillet-comparison,trillet ai reviews,1,0,1,brand
/blogs/synthflow-vs-trillet-comparison,trillet white label,1,0,11,brand
/blogs/synthflow-vs-trillet-comparison,"we're a sales team looking to automate cold calling at scale. what can phonely do that synthflow cannot, and what's the learning curve for our reps?",1,0,6,convertible
/blogs/synthflow-vs-trillet-comparison,"what's the cost of running separate tools for outbound email, voice ai, inbound chat, and lead routing?",1,0,14,convertible
/blogs/top-10-white-label-voice-ai-platforms-for-agencies-2026,votel ai,112,3,9.1,other
/blogs/top-10-white-label-voice-ai-platforms-for-agencies-2026,best,1,1,4,other
/blogs/top-10-white-label-voice-ai-platforms-for-agencies-2026,bro which is best,1,1,1,other
/blogs/top-10-white-label-voice-ai-platforms-for-agencies-2026,thinkrr.ai reviews,2,1,16,other
/blogs/top-10-white-label-voice-ai-platforms-for-agencies-2026,votel.ai reviews,32,1,9.6,other
/blogs/top-10-white-label-voice-ai-platforms-for-agencies-2026,white label voice ai free trial,1,1,15,convertible
/blogs/top-10-white-label-voice-ai-platforms-for-agencies-2026,"""gohighlevel"" (""white label"" or ""reseller"") (""voice ai"" or ""ai phone"" or ""outbound calling"") 2026 -site:retellai.com -site:bland.ai -site:vapi.ai -site:synthflow.ai",12,0,6.7,convertible
/blogs/top-10-white-label-voice-ai-platforms-for-agencies-2026,"""looking for"" or ""searching for"" ""white label"" (""voice ai"" or ""ai voice"" or ""voice automation"") (saas or platform) 2026 -site:retellai.com -site:bland.ai -site:vapi.ai -site:synthflow.ai",1,0,5,convertible
/blogs/top-10-white-label-voice-ai-platforms-for-agencies-2026,"%intitle:""ai platform"" intitle:""best""",2,0,18.5,other
/blogs/top-10-white-label-voice-ai-platforms-for-agencies-2026,"%intitle:""ai platform"" intitle:""top""",3,0,10,other
/blogs/top-10-white-label-voice-ai-platforms-for-agencies-2026,acrisure voice ai technology,1,0,92,convertible
/blogs/top-10-white-label-voice-ai-platforms-for-agencies-2026,ada lagi,1,0,1,other
/blogs/top-10-white-label-voice-ai-platforms-for-agencies-2026,ai calling white label,2,0,50.5,convertible
/blogs/top-10-white-label-voice-ai-platforms-for-agencies-2026,ai document parsing apis white labeling saas providers,3,0,61.3,convertible
/blogs/top-10-white-label-voice-ai-platforms-for-agencies-2026,ai receptionist white label,1,0,2,convertible
/blogs/top-10-white-label-voice-ai-platforms-for-agencies-2026,ai voice agent white label,103,0,23.0,convertible
/blogs/top-10-white-label-voice-ai-platforms-for-agencies-2026,ai voice agents providers white-label reseller programs,8,0,8.5,convertible
/blogs/top-10-white-label-voice-ai-platforms-for-agencies-2026,ai voice agents white label,104,0,23.6,convertible
/blogs/top-10-white-label-voice-ai-platforms-for-agencies-2026,ai voice receptionist white label,4,0,4.5,convertible
/blogs/top-10-white-label-voice-ai-platforms-for-agencies-2026,ai voice wrapper,3,0,16.3,convertible
/blogs/top-10-white-label-voice-ai-platforms-for-agencies-2026,any more?,1,0,17,other
/blogs/top-10-white-label-voice-ai-platforms-for-agencies-2026,assistable.ai,3,0,73,other
/blogs/top-10-white-label-voice-ai-platforms-for-agencies-2026,assistable.ai pricing,2,0,9.5,other
/blogs/top-10-white-label-voice-ai-platforms-for-agencies-2026,best ai virtual reception script customization companies,1,0,10,other
/blogs/top-10-white-label-voice-ai-platforms-for-agencies-2026,best ai voice agent platforms for agencies 2026,1,0,10,convertible
/blogs/top-10-white-label-voice-ai-platforms-for-agencies-2026,best ai voice agent reseller platform,13,0,11.2,convertible
/blogs/top-10-white-label-voice-ai-platforms-for-agencies-2026,best ai voice agent reseller platform. my location is usa.,12,0,3.9,convertible
/blogs/top-10-white-label-voice-ai-platforms-for-agencies-2026,best ai voice generators with commercial rights 2026,8,0,9.9,convertible
/blogs/top-10-white-label-voice-ai-platforms-for-agencies-2026,best ai voice platforms for virtual receptionists 2025,1,0,56,convertible
/blogs/top-10-white-label-voice-ai-platforms-for-agencies-2026,best branded calling platforms used by systems integrators?,1,0,8,convertible
/blogs/top-10-white-label-voice-ai-platforms-for-agencies-2026,best enterprise voice ai platforms 2026,3,0,9.7,convertible
/blogs/top-10-white-label-voice-ai-platforms-for-agencies-2026,best hipaa compliant voice ai platforms 2025 2026,6,0,9.3,convertible
/blogs/top-10-white-label-voice-ai-platforms-for-agencies-2026,best no-code ai voice agent builders 2026 trillet,1,0,9,brand
/blogs/top-10-white-label-voice-ai-platforms-for-agencies-2026,best tools for reservation management in voice ai,1,0,90,convertible
/blogs/top-10-white-label-voice-ai-platforms-for-agencies-2026,best voice ai platforms for agencies 2026,4,0,13,convertible
/blogs/top-10-white-label-voice-ai-platforms-for-agencies-2026,best voice ai platforms for enterprises 2026,7,0,9.7,convertible
/blogs/top-10-white-label-voice-ai-platforms-for-agencies-2026,best voice ai systems with direct phone number access,1,0,27,convertible
/blogs/top-10-white-label-voice-ai-platforms-for-agencies-2026,best voice recognition platforms for enterprise workflows 2025 2026,1,0,8,convertible
/blogs/top-10-white-label-voice-ai-platforms-for-agencies-2026,best white label ai,5,0,30.2,convertible
/blogs/top-10-white-label-voice-ai-platforms-for-agencies-2026,best white label ai agent platforms for agencies 2026,2,0,14.5,convertible
/blogs/top-10-white-label-voice-ai-platforms-for-agencies-2026,best white label ai agents platform,13,0,20.2,convertible
/blogs/top-10-white-label-voice-ai-platforms-for-agencies-2026,best white label ai chatbot for agencies,1,0,7,chatbot
/blogs/top-10-white-label-voice-ai-platforms-for-agencies-2026,best white label ai chatbot for agencies 2024 2025,10,0,9.3,chatbot
/blogs/top-10-white-label-voice-ai-platforms-for-agencies-2026,best white label ai chatbot for agencies 2025 or 2026,1,0,15,chatbot
/blogs/top-10-white-label-voice-ai-platforms-for-agencies-2026,best white label ai chatbot for agencies 2026,3,0,10,chatbot
/blogs/top-10-white-label-voice-ai-platforms-for-agencies-2026,best white label ai software,6,0,27,convertible
/blogs/top-10-white-label-voice-ai-platforms-for-agencies-2026,best white label ai voice agent platform for agencies 2026,4,0,5.8,convertible
/blogs/top-10-white-label-voice-ai-platforms-for-agencies-2026,best white label ai voice agent platforms 2026,7,0,8.7,convertible
/blogs/top-10-white-label-voice-ai-platforms-for-agencies-2026,best white label ai voice agent platforms for agencies 2026,14,0,7.4,convertible
/blogs/top-10-white-label-voice-ai-platforms-for-agencies-2026,best white label multi-tenant ai video avatar platform for agencies 2026,4,0,8.2,convertible
/blogs/top-10-white-label-voice-ai-platforms-for-agencies-2026,best white label voice ai platforms 2026,7,0,6.3,convertible
/blogs/top-10-white-label-voice-ai-platforms-for-agencies-2026,both,1,0,3,other
/blogs/top-10-white-label-voice-ai-platforms-for-agencies-2026,build and sell,1,0,4,other
/blogs/top-10-white-label-voice-ai-platforms-for-agencies-2026,cheapest white label voice ai platform,6,0,9,convertible
/blogs/top-10-white-label-voice-ai-platforms-for-agencies-2026,compare local smb fulfillment platforms for agencies and franchises with ai automation,1,0,5,convertible
/blogs/top-10-white-label-voice-ai-platforms-for-agencies-2026,compare voice call automation platforms for agencies,5,0,2,convertible
/blogs/top-10-white-label-voice-ai-platforms-for-agencies-2026,compare white label ai integration providers for enterprises,32,0,8.5,convertible
/blogs/top-10-white-label-voice-ai-platforms-for-agencies-2026,d’autres ?,1,0,2,other
/blogs/top-10-white-label-voice-ai-platforms-for-agencies-2026,enterprise voice service white labeling,2,0,5.5,convertible
/blogs/top-10-white-label-voice-ai-platforms-for-agencies-2026,evaluate the voice ai company retell ai on white label & reselling,19,0,9.2,convertible
/blogs/trillet-vs-dialzara-comparison-2026,affordable business answering service pricing,1,0,31,convertible
/blogs/trillet-vs-dialzara-comparison-2026,cloudtalk vs dialzara,2,0,10,other
/blogs/trillet-vs-dialzara-comparison-2026,dailzara,1,0,11,other
/blogs/trillet-vs-dialzara-comparison-2026,dial zara,12,0,7.2,other
/blogs/trillet-vs-dialzara-comparison-2026,dialzara,142,0,14.4,other
/blogs/trillet-vs-dialzara-comparison-2026,dialzara ai,8,0,8.4,other
/blogs/trillet-vs-dialzara-comparison-2026,dialzara ai answering service,3,0,8.7,convertible
/blogs/trillet-vs-dialzara-comparison-2026,dialzara ai answering service features pricing,51,0,12.5,convertible
/blogs/trillet-vs-dialzara-comparison-2026,dialzara ai answering service pricing,49,0,13,convertible
/blogs/trillet-vs-dialzara-comparison-2026,dialzara ai answering service pricing 2025,53,0,10.1,convertible
/blogs/trillet-vs-dialzara-comparison-2026,dialzara ai answering service pricing features,40,0,11.2,convertible
/blogs/trillet-vs-dialzara-comparison-2026,dialzara ai pricing,27,0,8.7,other
/blogs/trillet-vs-dialzara-comparison-2026,dialzara ai pricing 2026,17,0,5.7,other
/blogs/trillet-vs-dialzara-comparison-2026,dialzara ai receptionist pricing,18,0,8.9,convertible
/blogs/trillet-vs-dialzara-comparison-2026,dialzara ai receptionist pricing 2026,4,0,8.2,convertible
/blogs/trillet-vs-dialzara-comparison-2026,dialzara ai receptionist pricing features,1,0,7,convertible
/blogs/trillet-vs-dialzara-comparison-2026,dialzara ai receptionist pricing official,13,0,9.2,convertible
/blogs/trillet-vs-dialzara-comparison-2026,dialzara ai receptionist pricing official 2026,4,0,8.2,convertible
/blogs/trillet-vs-dialzara-comparison-2026,dialzara ai receptionist review 2026,3,0,9,convertible
/blogs/trillet-vs-dialzara-comparison-2026,dialzara alternative,7,0,14.1,other
/blogs/trillet-vs-dialzara-comparison-2026,dialzara alternatives,1,0,3,other
/blogs/trillet-vs-dialzara-comparison-2026,dialzara company,8,0,11.2,other
/blogs/trillet-vs-dialzara-comparison-2026,dialzara ecommerce alternative,10,0,10.6,other
/blogs/trillet-vs-dialzara-comparison-2026,dialzara official website,1,0,5,other
/blogs/trillet-vs-dialzara-comparison-2026,dialzara pricing,47,0,9.5,other
/blogs/trillet-vs-dialzara-comparison-2026,dialzara pricing 2026,32,0,7.5,other
/blogs/trillet-vs-dialzara-comparison-2026,dialzara pricing ai answering service,67,0,12.2,convertible
/blogs/trillet-vs-dialzara-comparison-2026,dialzara pricing ai receptionist,8,0,8.9,convertible
/blogs/trillet-vs-dialzara-comparison-2026,dialzara pricing ai receptionist 2026,5,0,9.8,convertible
/blogs/trillet-vs-dialzara-comparison-2026,dialzara pricing ai receptionist official,5,0,10.6,convertible
/blogs/trillet-vs-dialzara-comparison-2026,dialzara pricing ai receptionist official 2026,2,0,9,convertible
/blogs/trillet-vs-dialzara-comparison-2026,dialzara pricing official,18,0,8.8,other
/blogs/trillet-vs-dialzara-comparison-2026,dialzara pricing official 2026,5,0,9.4,other
/blogs/trillet-vs-dialzara-comparison-2026,dialzara pricing official ai receptionist,11,0,9.6,convertible
/blogs/trillet-vs-dialzara-comparison-2026,dialzara pricing plans 2026,15,0,8.1,other
/blogs/trillet-vs-dialzara-comparison-2026,dialzara review,28,0,7.2,other
/blogs/trillet-vs-dialzara-comparison-2026,dialzara reviews,94,0,8.4,other
/blogs/trillet-vs-dialzara-comparison-2026,dialzara.com pricing,2,0,4,other
/blogs/trillet-vs-dialzara-comparison-2026,dialzara.com review,5,0,6.8,other
/blogs/trillet-vs-dialzara-comparison-2026,flat rate answering service companies,1,0,29,convertible
/blogs/trillet-vs-dialzara-comparison-2026,how does nextphone compare to dialzara for a home services business needing an ai answering service?,47,0,10.1,convertible
/blogs/trillet-vs-dialzara-comparison-2026,how many customers,1,0,7,other
/blogs/trillet-vs-dialzara-comparison-2026,jenny ai vs dialzara,63,0,6.8,other
/blogs/trillet-vs-dialzara-comparison-2026,nextphone vs dialzara ai answering service,2,0,8.5,convertible
/blogs/trillet-vs-dialzara-comparison-2026,nextphone vs dialzara ai answering service for home services,24,0,9.3,convertible
/blogs/trillet-vs-dialzara-comparison-2026,nextphone vs dialzara for home services ai answering service,4,0,10.2,convertible
/blogs/trillet-vs-dialzara-comparison-2026,schedule appointments,1,0,5,convertible
/blogs/trillet-vs-dialzara-comparison-2026,site:https://trillet.ai,2,0,86,brand
/blogs/trillet-vs-dialzara-comparison-2026,site:trillet.ai,4,0,36.8,brand
/blogs/trillet-vs-dialzara-comparison-2026,trillet ai for hvac companies,41,0,9.1,brand
/blogs/trillet-vs-dialzara-comparison-2026,trillet ai for hvac lead qualification,4,0,11,brand
/blogs/trillet-vs-dialzara-comparison-2026,trillet ai pricing,13,0,7.2,brand
/blogs/trillet-vs-dialzara-comparison-2026,trillet ai reviews,1,0,1,brand
/blogs/trillet-vs-dialzara-comparison-2026,yes,1,0,4,other
/blogs/trillet-vs-goodcall-comparison-2026,best smith.ai alternatives,1,0,5,other
/blogs/trillet-vs-goodcall-comparison-2026,goodcall ai answering service pricing 2025,2,0,8.5,convertible
/blogs/trillet-vs-goodcall-comparison-2026,goodcall ai phone agent pricing official 2026,1,0,7,convertible
/blogs/trillet-vs-goodcall-comparison-2026,goodcall ai receptionist pricing,1,0,1,convertible
/blogs/trillet-vs-goodcall-comparison-2026,goodcall ai receptionist pricing 2025,5,0,7.6,convertible
/blogs/trillet-vs-goodcall-comparison-2026,goodcall.com,1,0,29,convertible
/blogs/trillet-vs-goodcall-comparison-2026,trillet ai phone answering service,12,0,20.6,brand
/blogs/trillet-vs-goodcall-comparison-2026,trillet ai pricing,1,0,8,brand
/blogs/trillet-vs-goodcall-comparison-2026,yes,1,0,4,other
/blogs/trillet-vs-hey-rosie-comparison,hey rosie,302,1,6.1,other
/blogs/trillet-vs-hey-rosie-comparison,ai answering service for auto shops,5,0,1,convertible
/blogs/trillet-vs-hey-rosie-comparison,ask rosie,2,0,5.5,other
/blogs/trillet-vs-hey-rosie-comparison,hey rosie ai,21,0,9.0,other
/blogs/trillet-vs-hey-rosie-comparison,hey rosie ai reviews,6,0,9.2,other
/blogs/trillet-vs-hey-rosie-comparison,hey rosie alternative,65,0,4.8,other
/blogs/trillet-vs-hey-rosie-comparison,heyrosi,4,0,7.2,other
/blogs/trillet-vs-hey-rosie-comparison,heyrosie,118,0,9.3,other
/blogs/trillet-vs-hey-rosie-comparison,heyrosie ai,33,0,8.7,other
/blogs/trillet-vs-hey-rosie-comparison,heyrosie alternatives,18,0,6.1,other
/blogs/trillet-vs-hey-rosie-comparison,heyrosie reviews,48,0,8.7,other
/blogs/trillet-vs-hey-rosie-comparison,heyrosie reviews saas tools last 18 months,41,0,9.6,other
/blogs/trillet-vs-hey-rosie-comparison,phone,1,0,8,convertible
/blogs/trillet-vs-hey-rosie-comparison,phonely vs retell for customer service,1,0,6,convertible
/blogs/trillet-vs-hey-rosie-comparison,rosie ai alternative,47,0,11.3,other
/blogs/trillet-vs-hey-rosie-comparison,rosie ai alternatives,10,0,12.5,other
/blogs/trillet-vs-hey-rosie-comparison,rosie ai answering service,1,0,8,convertible
/blogs/trillet-vs-hey-rosie-comparison,rosie ai answering service heyrosie.com,27,0,25.9,convertible
/blogs/trillet-vs-hey-rosie-comparison,rosie ai answering service pricing 2025,1,0,26,convertible
/blogs/trillet-vs-hey-rosie-comparison,rosie ai answering service review,2,0,14.5,convertible
/blogs/trillet-vs-hey-rosie-comparison,rosie ai answering service reviews,8,0,19,convertible
/blogs/trillet-vs-hey-rosie-comparison,rosie ai answering service reviews 2025,10,0,12.3,convertible
/blogs/trillet-vs-hey-rosie-comparison,rosie ai cost,4,0,18.8,other
/blogs/trillet-vs-hey-rosie-comparison,rosie ai pricing,3,0,19,other
/blogs/trillet-vs-hey-rosie-comparison,rosie ai pricing 2026,1,0,10,other
/blogs/trillet-vs-hey-rosie-comparison,rosie ai receptionist heyrosie,7,0,10.1,convertible
/blogs/trillet-vs-hey-rosie-comparison,rosie ai receptionist heyrosie company staffing model,9,0,10.8,convertible
/blogs/trillet-vs-hey-rosie-comparison,rosie ai reviews,2,0,17,other
/blogs/trillet-vs-hey-rosie-comparison,rosie ai vs goodcall,5,0,28,convertible
/blogs/trillet-vs-hey-rosie-comparison,rosie alternative,2,0,7.5,other
/blogs/trillet-vs-hey-rosie-comparison,rosie vs callrail,7,0,9.7,convertible
/blogs/trillet-vs-hey-rosie-comparison,site:trillet.ai,1,0,91,brand
/blogs/trillet-vs-hey-rosie-comparison,trillet ai phone answering service,1,0,47,brand
/blogs/trillet-vs-hey-rosie-comparison,trillet ai reviews,2,0,6,brand
/blogs/trillet-vs-hey-rosie-comparison,what is latest digital bot for callinghttps://heyrosie.com/,1,0,11,convertible
/blogs/trillet-vs-hey-rosie-comparison,what’s the cost?,1,0,7,other
/blogs/trillet-vs-my-ai-front-desk-comparison-2026,best intake software to reduce front desk workload 2025,1,0,95,other
/blogs/trillet-vs-my-ai-front-desk-comparison-2026,how does my ai front desk compare to other virtual receptionist services,2,0,38.5,convertible
/blogs/trillet-vs-my-ai-front-desk-comparison-2026,myaifrontdesk alternative,1,0,14,other
/blogs/trillet-vs-my-ai-front-desk-comparison-2026,smiledog vs my ai front desk,12,0,6.3,other
/blogs/trillet-vs-my-ai-front-desk-comparison-2026,trillet,30,0,1,brand
/blogs/trillet-vs-my-ai-front-desk-comparison-2026,trillet ai,2,0,1,brand
/blogs/trillet-vs-my-ai-front-desk-comparison-2026,trillet ai company staffing model,17,0,7.9,brand
/blogs/trillet-vs-my-ai-front-desk-comparison-2026,trillet ai phone answering service,19,0,17.4,brand
/blogs/trillet-vs-my-ai-front-desk-comparison-2026,trillet ai receptionist,3,0,5.7,brand
/blogs/trillet-vs-my-ai-front-desk-comparison-2026,trillet ai receptionist company,13,0,6.8,brand
/blogs/trillet-vs-my-ai-front-desk-comparison-2026,trillet ai receptionist company staffing model,1,0,5,brand
/blogs/trillet-vs-retell-vs-vapi-comparison,ai वॉइस कॉल ऑटोमेशन प्लेटफॉर्म फीचर्स की तुलना,1,0,2,other
/blogs/trillet-vs-retell-vs-vapi-comparison,automatisierte telecom-qa-plattform für voice-ai-anbieter,1,0,10,convertible
/blogs/trillet-vs-retell-vs-vapi-comparison,bland ai vs vapi vs retell ai for sales calls,2,0,77.5,convertible
/blogs/trillet-vs-retell-vs-vapi-comparison,braincx ai vs retell ai,1,0,1,other
/blogs/trillet-vs-retell-vs-vapi-comparison,conduit.ai vs retell ai vs bland ai for property management company which better for booking inquiries crm integration multi channel,1,0,2,convertible
/blogs/trillet-vs-retell-vs-vapi-comparison,heygen synthesia d-id tavus soul machines elevenlabs retell ai standin delphi coachvox ai competitor moves last 24 hours,1,0,10,other
/blogs/trillet-vs-retell-vs-vapi-comparison,i need an ai voice agent platform that can handle appointment scheduling and payment processing. does phonely have native crm integrations and how does it stack up against retell ai for this use case?,1,0,2,convertible
/blogs/trillet-vs-retell-vs-vapi-comparison,retell ai alternatives,4,0,4.2,other
/blogs/trillet-vs-retell-vs-vapi-comparison,retell ai book appointments feature,1,0,11,convertible
/blogs/trillet-vs-retell-vs-vapi-comparison,retell ai competitors,3,0,10,other
/blogs/trillet-vs-retell-vs-vapi-comparison,retell ai features,1,0,2,other
/blogs/trillet-vs-retell-vs-vapi-comparison,retell ai modular pricing,8,0,28.4,other
/blogs/trillet-vs-retell-vs-vapi-comparison,retell ai on-prem deployment,1,0,7,other
/blogs/trillet-vs-retell-vs-vapi-comparison,retell ai on-premise deployment,2,0,6.5,other
/blogs/trillet-vs-retell-vs-vapi-comparison,retell ai platform features,33,0,3.5,other
/blogs/trillet-vs-retell-vs-vapi-comparison,retell ai pricing,1,0,3,other
/blogs/trillet-vs-retell-vs-vapi-comparison,retell ai pricing $0.07 per minute,1,0,11,other
/blogs/trillet-vs-retell-vs-vapi-comparison,retell ai pricing $0.07 per minute voice agent,1,0,11,convertible
/blogs/trillet-vs-retell-vs-vapi-comparison,retell ai pricing for enterprise,1,0,9,other
/blogs/trillet-vs-retell-vs-vapi-comparison,retell ai pricing per minute 2026,11,0,10.4,other
/blogs/trillet-vs-retell-vs-vapi-comparison,retell ai reviews,2,0,8.5,other
/blogs/trillet-vs-retell-vs-vapi-comparison,retell ai supported languages,1,0,6,other
/blogs/trillet-vs-retell-vs-vapi-comparison,retell ai supported languages docs,5,0,9.6,other
/blogs/trillet-vs-retell-vs-vapi-comparison,retell ai voice quality review,1,0,8,convertible
/blogs/trillet-vs-retell-vs-vapi-comparison,retell ai vs,1,0,10,other
/blogs/trillet-vs-retell-vs-vapi-comparison,retell ai vs vapi comparison,1,0,10,other
/blogs/trillet-vs-retell-vs-vapi-comparison,retell ai vs vapi vs bland ai 2026 comparison,1,0,40,other
/blogs/trillet-vs-retell-vs-vapi-comparison,retell ai vs vapi vs bland ai comparison 2026,1,0,39,other
/blogs/trillet-vs-retell-vs-vapi-comparison,retell api,1,0,23,other
/blogs/trillet-vs-retell-vs-vapi-comparison,retell prompting guide,1,0,31,other
/blogs/trillet-vs-retell-vs-vapi-comparison,retell vs delight,3,0,68,other
/blogs/trillet-vs-retell-vs-vapi-comparison,retell vs vapi,1,0,99,other
/blogs/trillet-vs-retell-vs-vapi-comparison,retell vs vapi pricing,1,0,7,other
/blogs/trillet-vs-retell-vs-vapi-comparison,retellai api,1,0,47,other
/blogs/trillet-vs-retell-vs-vapi-comparison,rillet api,1,0,87,other
/blogs/trillet-vs-retell-vs-vapi-comparison,site:trillet.ai,1,0,120,brand
/blogs/trillet-vs-retell-vs-vapi-comparison,trillet,1,0,1,brand
/blogs/trillet-vs-retell-vs-vapi-comparison,trillet ai,1,0,10,brand
/blogs/trillet-vs-retell-vs-vapi-comparison,trillet ai pricing,3,0,76,brand
/blogs/trillet-vs-retell-vs-vapi-comparison,vapi ai modular pricing,8,0,8.9,other
/blogs/trillet-vs-retell-vs-vapi-comparison,vapi pricing per minute 0.05,1,0,11,other
/blogs/trillet-vs-retell-vs-vapi-comparison,vapi pricing per minute 2026,4,0,11,other
/blogs/trillet-vs-retell-vs-vapi-comparison,vapi vs callrail,1,0,81,convertible
/blogs/trillet-vs-retell-vs-vapi-comparison,vapi vs retell ai hipaa compliance and soc2 details 2026,1,0,7,other
/blogs/trillet-vs-retell-vs-vapi-comparison,voicecall,1,0,1,convertible
/blogs/trillet-vs-retell-vs-vapi-comparison,what ai voice agent allows you to filter and review specific calls based on outcome or sentiment,1,0,1,convertible
/blogs/trillet-vs-retell-vs-vapi-comparison,what ai voice assistants software delivers measurable business value within first three months of deployment?,1,0,13,convertible
/blogs/trillet-vs-retell-vs-vapi-comparison,what are the best alternatives to retell ai?,1,0,11,other
/blogs/trillet-vs-retell-vs-vapi-comparison,what is retell ai,1,0,12,other
/blogs/trillet-vs-retell-vs-vapi-comparison,what? what do you mean?,1,0,3,other
/blogs/trillet-vs-retell-vs-vapi-comparison,which ai customer service agents support headless or api-first deployment?,1,0,14,other
/blogs/trillet-vs-ruby-comparison-2026,ruby answering,1,0,9,convertible
/blogs/trillet-vs-ruby-comparison-2026,ruby answering service cost,2,0,25.5,convertible
/blogs/trillet-vs-ruby-comparison-2026,trillet,12,0,1,brand
/blogs/trillet-vs-ruby-comparison-2026,trillet company,1,0,7,brand
/blogs/trillet-vs-smith-ai-comparison-2026,trillet ai reviews,8,1,3.8,brand
/blogs/trillet-vs-smith-ai-comparison-2026,ai answering service,1,0,22,convertible
/blogs/trillet-vs-smith-ai-comparison-2026,best answering service for small business,1,0,43,convertible
/blogs/trillet-vs-smith-ai-comparison-2026,callrail vs smith ai,15,0,12.9,convertible
/blogs/trillet-vs-smith-ai-comparison-2026,chat smith review,1,0,3,other
/blogs/trillet-vs-smith-ai-comparison-2026,evaluate the prompt expansion company smith.ai on bot platforms,1,0,89,other
/blogs/trillet-vs-smith-ai-comparison-2026,evaluate the service‑industry automation company smith.ai on after hour call handling,1,0,12,convertible
/blogs/trillet-vs-smith-ai-comparison-2026,evaluate the service‑industry automation company smith.ai on answering service for home services,1,0,17,convertible
/blogs/trillet-vs-smith-ai-comparison-2026,evaluate the service‑industry automation company smith.ai on speed to lead for home services,6,0,7.3,other
/blogs/trillet-vs-smith-ai-comparison-2026,"for intake calls and screening leads, is smith.ai really top tier or do other virtual receptionist services do it better?",2,0,7.5,convertible
/blogs/trillet-vs-smith-ai-comparison-2026,home services answering service,1,0,11,convertible
/blogs/trillet-vs-smith-ai-comparison-2026,is smith.ai better than a live answering service,5,0,16.2,convertible
/blogs/trillet-vs-smith-ai-comparison-2026,site:trillet.ai,1,0,129,brand
/blogs/trillet-vs-smith-ai-comparison-2026,smith ai pro plan call limits,1,0,1,convertible
/blogs/trillet-vs-smith-ai-comparison-2026,smith.ai lead management features review,3,0,16,other
/blogs/trillet-vs-smith-ai-comparison-2026,smith.ai vs other virtual receptionist companies – which one actually gives the best value for money?,1,0,13,convertible
/blogs/trillet-vs-smith-ai-comparison-2026,trillet ai,1,0,1,brand
/blogs/trillet-vs-smith-ai-comparison-2026,trillet ai phone answering service,26,0,24.0,brand
/blogs/trillet-vs-smith-ai-comparison-2026,trillet ai pricing,13,0,6.8,brand
/blogs/trillet-vs-smith-ai-comparison-2026,trillet ai pricing 2026,2,0,5.5,brand
/blogs/trillet-vs-smith-ai-comparison-2026,trillet ai pricing plans 2026,4,0,5.2,brand
/blogs/trillet-vs-smith-ai-comparison-2026,trillet ai receptionist,15,0,1,brand
/blogs/trillet-vs-smith-ai-comparison-2026,trillet ai receptionist pricing,1,0,8,brand
/blogs/trillet-vs-smith-ai-comparison-2026,trillet ai roofing use cases,21,0,5.2,brand
/blogs/trillet-vs-smith-ai-comparison-2026,trillet company,14,0,9.6,brand
/blogs/trillet-vs-smith-ai-comparison-2026,trillet.ai pricing,4,0,9.5,brand
/blogs/trillet-vs-smith-ai-comparison-2026,trillets,1,0,12,brand
/blogs/trillet-vs-smith-ai-comparison-2026,us based alternative to smith.ai,1,0,29,other
/blogs/trillet-vs-smith-ai-comparison-2026,what is smith ai,1,0,1,other
/blogs/trillet-vs-smith-ai-comparison-2026,what is the best ai virtual receptionist for customer service calls ?,1,0,1,convertible
/blogs/trillet-vs-smith-ai-comparison-2026,what is the difference between patlive and smith.ai,1,0,44,other
/blogs/trillet-vs-smith-ai-comparison-2026,what pricing levels should i expect from tools similar to rillet?,1,0,10,other
/blogs/trillet-vs-smith-ai-comparison-2026,which one cost the least,1,0,6,other
/blogs/upfirst-vs-trillet-comparison,does upfirst offer 24/7 call answering with call summaries sent by text,3,0,7,convertible
/blogs/upfirst-vs-trillet-comparison,pricing?,1,0,1,other
/blogs/upfirst-vs-trillet-comparison,site:https://trillet.ai,1,0,92,brand
/blogs/upfirst-vs-trillet-comparison,site:trillet.ai,2,0,12,brand
/blogs/upfirst-vs-trillet-comparison,trillet,4,0,1.2,brand
/blogs/upfirst-vs-trillet-comparison,trillet ai phone answering service,6,0,15,brand
/blogs/upfirst-vs-trillet-comparison,trillet ai pricing,4,0,38.2,brand
/blogs/upfirst-vs-trillet-comparison,upfirst ai,1,0,6,other
/blogs/upfirst-vs-trillet-comparison,upfirst ai answering service,6,0,11.7,convertible
/blogs/upfirst-vs-trillet-comparison,upfirst ai answering service pricing,6,0,13.7,convertible
/blogs/upfirst-vs-trillet-comparison,upfirst ai answering service pricing features,15,0,13.4,convertible
/blogs/upfirst-vs-trillet-comparison,upfirst ai company staffing model,1,0,11,other
/blogs/upfirst-vs-trillet-comparison,upfirst ai phone answering service,6,0,11.2,convertible
/blogs/upfirst-vs-trillet-comparison,upfirst ai pricing,1,0,10,other
/blogs/upfirst-vs-trillet-comparison,upfirst ai receptionist,1,0,30,convertible
/blogs/upfirst-vs-trillet-comparison,upfirst alternatives,4,0,19.8,other
/blogs/upfirst-vs-trillet-comparison,upfirst phone,1,0,6,convertible
/blogs/upfirst-vs-trillet-comparison,upfirst.ai,1,0,16,other
/blogs/upfirst-vs-trillet-comparison,upfirst.ai ai answering service,4,0,17.8,convertible
/blogs/vapi-alternative-for-agencies,api and white label solutions,18,0,63.6,convertible
/blogs/vapi-alternative-for-agencies,best ai phone answering system,1,0,31,convertible
/blogs/vapi-alternative-for-agencies,difference between api and white label,1,0,84,convertible
/blogs/vapi-alternative-for-agencies,evaluate the voice ai company retell ai on white label & reselling,1,0,1,convertible
/blogs/vapi-alternative-for-agencies,lead generation,1,0,1,other
/blogs/vapi-alternative-for-agencies,no es ninguna de las dos,1,0,1,other
/blogs/vapi-alternative-for-agencies,retell ai white label,1,0,19,convertible
/blogs/vapi-alternative-for-agencies,retell vs vapi,1,0,32,other
/blogs/vapi-alternative-for-agencies,site:https://trillet.ai,2,0,67,brand
/blogs/vapi-alternative-for-agencies,trillet white label,6,0,29.8,brand
/blogs/vapi-alternative-for-agencies,vapi,1,0,6,other
/blogs/vapi-alternative-for-agencies,vapi ai alternatives,1,0,27,other
/blogs/vapi-alternative-for-agencies,vapi alternative,10,0,20.2,other
/blogs/vapi-alternative-for-agencies,vapi alternative india,1,0,27,other
/blogs/vapi-alternative-for-agencies,vapi vs callrail,2,0,48.5,convertible
/blogs/vapi-alternative-for-agencies,vapi vs retell,1,0,29,other
/blogs/vapi-alternative-for-agencies,vapi white label,5,0,13.4,convertible
/blogs/vapi-alternative-for-agencies,vapi wrapper,1,0,10,other
/blogs/vapi-alternative-for-agencies,voiceaiwrapper,3,0,61,convertible
/blogs/vapi-alternative-for-agencies,white label api,70,0,72.6,convertible
/blogs/vapi-alternative-for-agencies,white label api integration,12,0,61.5,convertible
/blogs/vapi-alternative-for-agencies,white label email marketing services,1,0,26,convertible
/blogs/vapi-alternative-for-agencies,white label va,2,0,61,convertible
/blogs/vapi-alternative-for-agencies,whitelabel api,4,0,65.2,convertible
/blogs/vapi-white-label-options-compared,"""vapi""",1,0,99,other
/blogs/vapi-white-label-options-compared,difference between api and white label,9,0,64.2,convertible
/blogs/vapi-white-label-options-compared,evaluate the voice ai company retell ai on white label & reselling,1,0,1,convertible
/blogs/vapi-white-label-options-compared,fapify review,1,0,1,other
/blogs/vapi-white-label-options-compared,is that real,1,0,5,other
/blogs/vapi-white-label-options-compared,lead generation,1,0,4,other
/blogs/vapi-white-label-options-compared,site:https://trillet.ai,1,0,77,brand
/blogs/vapi-white-label-options-compared,site:trillet.ai,1,0,94,brand
/blogs/vapi-white-label-options-compared,trillet ai white label,1,0,9,brand
/blogs/vapi-white-label-options-compared,vaap vs white label voice ai difference,2,0,1,convertible
/blogs/vapi-white-label-options-compared,vapi,1,0,5,other
/blogs/vapi-white-label-options-compared,vapi ai pricing per minute 0.05,2,0,12,other
/blogs/vapi-white-label-options-compared,vapi ai pricing per minute 2025 2026,1,0,9,other
/blogs/vapi-white-label-options-compared,vapi competitors and differentiators,2,0,10,other
/blogs/vapi-white-label-options-compared,vapi downtime,6,0,7,other
/blogs/vapi-white-label-options-compared,vapi per minute cost,1,0,4,other
/blogs/vapi-white-label-options-compared,vapi pricing 0.05 per minute platform fee,6,0,11.2,other
/blogs/vapi-white-label-options-compared,vapi pricing 2026,7,0,10.4,other
/blogs/vapi-white-label-options-compared,vapi pricing per minute 2026,2,0,10,other
/blogs/vapi-white-label-options-compared,vapi voice api pricing,1,0,9,convertible
/blogs/vapi-white-label-options-compared,vapi vs callrail,2,0,22,convertible
/blogs/vapi-white-label-options-compared,vapi white label,30,0,10.2,convertible
/blogs/vapi-white-label-options-compared,vapi white label dashboard,1,0,10,convertible
/blogs/vapi-white-label-options-compared,vapi whitelabel,1,0,9,convertible
/blogs/vapi-white-label-options-compared,vapi wrapper,3,0,8,other
/blogs/vapi-white-label-options-compared,vapi.ai,3,0,73.3,other
/blogs/vapi-white-label-options-compared,vapi.ai pricing 0.05 per minute,2,0,11,other
/blogs/vapi-white-label-options-compared,vapify,98,0,10.0,other
/blogs/vapi-white-label-options-compared,vapify ai,1,0,7,other
/blogs/vapi-white-label-options-compared,voice ai wrapper,1,0,56,convertible
/blogs/vapi-white-label-options-compared,voice ai wrapper pricing,4,0,7.8,convertible
/blogs/vapi-white-label-options-compared,voiceaiwrapper,1,0,6,convertible
/blogs/vapi-white-label-options-compared,voicerr,1,0,7,convertible
/blogs/vapi-white-label-options-compared,voicerr ai,3,0,18.7,convertible
/blogs/vapi-white-label-options-compared,weitere?,1,0,1,other
/blogs/vapi-white-label-options-compared,which is free,1,0,1,other
/blogs/vapi-white-label-options-compared,white label api,23,0,77.8,convertible
/blogs/vapi-white-label-options-compared,whitelabel api,2,0,71,convertible
/blogs/vapi-white-label-options-compared,whitelabel api service,2,0,77.5,convertible
/blogs/vapi-white-label-options-compared,yes,2,0,3,other
/blogs/voice-agent-for-dental-practices-reseller,"""202,485"" dentists 2024 ada",4,0,8.5,other
/blogs/voice-agent-for-dental-practices-reseller,"""middleware"" dental ai receptionist or voicify competitor",2,0,10.5,convertible
/blogs/voice-agent-for-dental-practices-reseller,"""middleware"" or ""api overlay"" dental ai receptionist or voicify competitor",1,0,9,convertible
/blogs/voice-agent-for-dental-practices-reseller,"%""202,485"" dentists 2024",1,0,2,other
/blogs/voice-agent-for-dental-practices-reseller,"%""202,485"" dentists 2024 ada",50,0,8.8,other
/blogs/voice-agent-for-dental-practices-reseller,"+""202,485"" dentists 2024 ada",1,0,4,other
/blogs/voice-agent-for-dental-practices-reseller,affordable business answering service pricing,1,0,26,convertible
/blogs/voice-agent-for-dental-practices-reseller,ai agent for dental,1,0,86,convertible
/blogs/voice-agent-for-dental-practices-reseller,ai answering service for dentists,2,0,3.5,convertible
/blogs/voice-agent-for-dental-practices-reseller,ai answering service for dentists / clinics / real estate,4,0,57.2,convertible
/blogs/voice-agent-for-dental-practices-reseller,ai dental care,1,0,49,other
/blogs/voice-agent-for-dental-practices-reseller,ai lead manager for dentists,1,0,92,other
/blogs/voice-agent-for-dental-practices-reseller,ai receptionist for dentist,2,0,9,convertible
/blogs/voice-agent-for-dental-practices-reseller,ai voice agent for dental office inbound calls pricing and setup time what should i expect,1,0,4,convertible
/blogs/voice-agent-for-dental-practices-reseller,ai voice assistant for reducing dental no-shows,3,0,56.3,convertible
/blogs/voice-agent-for-dental-practices-reseller,answering service for dentists,1,0,82,convertible
/blogs/voice-agent-for-dental-practices-reseller,best dental practice,2,0,58,other
/blogs/voice-agent-for-dental-practices-reseller,companies that buy dental practices,1,0,19,other
/blogs/voice-agent-for-dental-practices-reseller,dental ai admin,1,0,34,other
/blogs/voice-agent-for-dental-practices-reseller,dental ai company,2,0,43,other
/blogs/voice-agent-for-dental-practices-reseller,dental ai receptionist ai voice agent competitors voicify,2,0,14,convertible
/blogs/voice-agent-for-dental-practices-reseller,dental ai receptionist competitors 2026,1,0,83,convertible
/blogs/voice-agent-for-dental-practices-reseller,dental ai receptionist voice agent competitors voicify,1,0,6,convertible
/blogs/voice-agent-for-dental-practices-reseller,dental answering service,4,0,16.5,convertible
/blogs/voice-agent-for-dental-practices-reseller,dental intel pricing,1,0,1,other
/blogs/voice-agent-for-dental-practices-reseller,dental intelligence pricing,4,0,1,other
/blogs/voice-agent-for-dental-practices-reseller,dental patient leads,3,0,4.7,other
/blogs/voice-agent-for-dental-practices-reseller,dental phone answering service,3,0,17.7,convertible
/blogs/voice-agent-for-dental-practices-reseller,dental practice agents,1,0,19,other
/blogs/voice-agent-for-dental-practices-reseller,dental practice ai,1,0,21,other
/blogs/voice-agent-for-dental-practices-reseller,dental reception,1,0,4,other
/blogs/voice-agent-for-dental-practices-reseller,dental voice ai,1,0,64,convertible
/blogs/voice-agent-for-dental-practices-reseller,how do digital appointment reminders reduce missed visits,1,0,19,convertible
/blogs/voice-agent-for-dental-practices-reseller,how does zanus ai compare for ai receptionist for small business,1,0,10,convertible
/blogs/voice-agent-for-dental-practices-reseller,identify top agencies specializing in ai voice agents for automated dental patient intake.,6,0,6.8,convertible
/blogs/voice-agent-for-dental-practices-reseller,identify top-rated ai tools for streamlining dental appointment confirmations.,1,0,6,convertible
/blogs/voice-agent-for-dental-practices-reseller,implement ai voice agent for dental appointment reminders,1,0,1,convertible
/blogs/voice-agent-for-dental-practices-reseller,missed calls dental office solution,1,0,20,convertible
/blogs/voice-agent-for-dental-practices-reseller,open dental marketplace voice ai receptionist dental,1,0,6,convertible
/blogs/voice-agent-for-dental-practices-reseller,orbit dental ai voice agent,1,0,10,convertible
/blogs/voice-agent-for-dental-practices-reseller,reducing voicemail leakage in dental clinics,8,0,91.4,convertible
/blogs/voice-agent-for-dental-practices-reseller,service providers selling voice,2,0,85,convertible
/blogs/voice-agent-for-dental-practices-reseller,site:https://trillet.ai,1,0,81,brand
/blogs/voice-agent-for-dental-practices-reseller,site:trillet.ai,1,0,107,brand
/blogs/voice-agent-for-dental-practices-reseller,starting a dental practice,1,0,30,other
/blogs/voice-agent-for-dental-practices-reseller,toothy.ai customer facing voice agents,1,0,5,convertible
/blogs/voice-agent-for-dental-practices-reseller,top ai voice agents for dental practices 2025 2026,9,0,2.3,convertible
/blogs/voice-agent-for-dental-practices-reseller,top dental ai voice agents 2025 2026,1,0,7,convertible
/blogs/voice-agent-for-dental-practices-reseller,top dental ai voice agents 2025 or 2026,1,0,3,convertible
/blogs/voice-agent-for-dental-practices-reseller,voice ai solutions,1,0,64,convertible
/blogs/voice-agent-for-dental-practices-reseller,voice search for dentists,9,0,32.1,convertible
/blogs/voice-agent-for-dental-practices-reseller,voice stack dental,1,0,17,convertible
/blogs/voice-agent-for-dental-practices-reseller,voicify vs competitors dental ai voice agent,1,0,7,convertible
/blogs/voice-agent-for-dental-practices-reseller,white-label ai production for agencies,1,0,1,convertible
/blogs/voice-agent-for-dental-practices-reseller,who provides the best white-label dentist appointment scheduling for practices?,4,0,7,convertible
/blogs/voice-agent-for-dental-practices-reseller,yes,1,0,3,other
/blogs/voice-agent-for-dental-practices-reseller,yes ?,1,0,6,other
/blogs/voice-agent-for-insurance-agencies,ai answering service for insurance agents,18,0,22.7,convertible
/blogs/voice-agent-for-insurance-agencies,ai phone agent for insurance agents,4,0,17.2,convertible
/blogs/voice-agent-for-insurance-agencies,ai receptionist for insurance agencies,3,0,13.3,convertible
/blogs/voice-agent-for-insurance-agencies,ai receptionist for insurance agents,1,0,27,convertible
/blogs/voice-agent-for-insurance-agencies,ai receptionist for insurance brokers,5,0,18.4,convertible
/blogs/voice-agent-for-insurance-agencies,ai voice agent for insurance,3,0,19,convertible
/blogs/voice-agent-for-insurance-agencies,ai voice agent for insurance agents,9,0,17.2,convertible
/blogs/voice-agent-for-insurance-agencies,ai voice agent insurance agency,5,0,19,convertible
/blogs/voice-agent-for-insurance-agencies,ai voice agent insurance claims,6,0,24.5,convertible
/blogs/voice-agent-for-insurance-agencies,ai voice agents for insurance,84,0,29.9,convertible
/blogs/voice-agent-for-insurance-agencies,ai voice agents for sales for insurance agents,7,0,11.1,convertible
/blogs/voice-agent-for-insurance-agencies,are policy lift or superagent credible ai receptionist options for an insurance agency,5,0,5.8,convertible
/blogs/voice-agent-for-insurance-agencies,"are there digital platforms that can show bindable business insurance quotes from carriers licensed in my state within minutes, and how do i find agents near me who use them?",2,0,5,other
/blogs/voice-agent-for-insurance-agencies,best ai voice agents for insurance,16,0,42.4,convertible
/blogs/voice-agent-for-insurance-agencies,brand voice for insurance agents,7,0,26.7,convertible
/blogs/voice-agent-for-insurance-agencies,can ai calling agents be used for insurance companies?,1,0,48,convertible
/blogs/voice-agent-for-insurance-agencies,how do insurance teams test claims intake voice agents end to end?,1,0,13,convertible
/blogs/voice-agent-for-insurance-agencies,how to deploy voice ai for insurance broker support and policy servicing?,4,0,9.5,convertible
/blogs/voice-agent-for-insurance-agencies,inbound ai agents lead handling insurance agencies,2,0,11,convertible
/blogs/voice-agent-for-insurance-agencies,insurance agencies inbound ai agents challenges,1,0,6,convertible
/blogs/voice-agent-for-insurance-agencies,insurance agency ai answering service,25,0,21.9,convertible
/blogs/voice-agent-for-insurance-agencies,insurance agency phone system ai,1,0,67,convertible
/blogs/voice-agent-for-insurance-agencies,insurance ai phone agent,2,0,47,convertible
/blogs/voice-agent-for-insurance-agencies,insurance ai voice agent,10,0,17.5,convertible
/blogs/voice-agent-for-insurance-agencies,insurance voice,5,0,15.8,convertible
/blogs/voice-agent-for-insurance-agencies,insurance voice ai,3,0,32.7,convertible
/blogs/voice-agent-for-insurance-agencies,insurance voicemail marketing,3,0,78,convertible
/blogs/voice-agent-for-insurance-agencies,is it leading ai voice agent providers for insurance companies,56,0,37,convertible
/blogs/voice-agent-for-insurance-agencies,leading ai voice agent providers for insurance companies,18,0,45.5,convertible
/blogs/voice-agent-for-insurance-agencies,leading voice ai for insurance support lines,2,0,47,convertible
/blogs/voice-agent-for-insurance-agencies,most reliable ai voice agents for insurance companies,7,0,59.6,convertible
/blogs/voice-agent-for-insurance-agencies,site:https://trillet.ai,3,0,85,brand
/blogs/voice-agent-for-insurance-agencies,site:trillet.ai,1,0,75,brand
/blogs/voice-agent-for-insurance-agencies,trillet white label,2,0,57,brand
/blogs/voice-agent-for-insurance-agencies,voice ai agent for insurance,1,0,11,convertible
/blogs/voice-agent-for-insurance-agencies,voice ai for insurance,80,0,24.3,convertible
/blogs/voice-agent-for-insurance-agencies,voice ai for insurance agents,1,0,28,convertible
/blogs/voice-agent-for-insurance-agencies,voice ai for mid-market insurance agencies with assigned account managers,5,0,4.4,convertible
/blogs/voice-agent-for-insurance-agencies,voice ai in insurance,1,0,11,convertible
/blogs/voice-agent-for-insurance-agencies,voice ai proven with ontario insurance brokerages,4,0,4,convertible
/blogs/voice-agent-for-insurance-agencies,voice insurance,1,0,11,convertible
/blogs/voice-agent-for-insurance-agencies,what ai tools for insurance agents offer the best customization?,1,0,2,other
/blogs/voice-agent-for-insurance-agencies,what can we put underwriting agents on that stays in our vpc without a per-query bill that scales with usage?,10,0,59,other
/blogs/voice-agent-for-insurance-agencies,which ai voice agents can handle insurance claims intake (fnol) and account servicing calls in regulated environments?,7,0,7.6,convertible
/blogs/voice-agent-for-insurance-agencies,which voice ai solutions can handle complex insurance quote requests 24/7 for my agency?,14,0,5.6,convertible
/blogs/voice-agent-for-insurance-agencies,which voice ai vendors specialize in insurance policy inquiries and claims support?,1,0,11,convertible
/blogs/voice-agent-reseller-program-comparison,ai answering service partner program,1,0,1,convertible
/blogs/voice-agent-reseller-program-comparison,ai receptionist reseller program,85,0,25.9,convertible
/blogs/voice-agent-reseller-program-comparison,ai voice agent reseller program,1,0,16,convertible
/blogs/voice-agent-reseller-program-comparison,ai voice agents platforms with high margins for resellers,15,0,8.9,convertible
/blogs/voice-agent-reseller-program-comparison,ai voice agents providers white-label reseller programs,1,0,30,convertible
/blogs/voice-agent-reseller-program-comparison,best ai voice agent reseller platform,58,0,10,convertible
/blogs/voice-agent-reseller-program-comparison,best ai voice agent reseller platform. my location is usa.,11,0,4.8,convertible
/blogs/voice-agent-reseller-program-comparison,best it reseller programs,1,0,13,convertible
/blogs/voice-agent-reseller-program-comparison,fanletic reviews,1,0,1,other
/blogs/voice-agent-reseller-program-comparison,how to resell ai voice agents. my location is usa.,3,0,9.3,convertible
/blogs/voice-agent-reseller-program-comparison,reseller ai voice solutions,3,0,50.7,convertible
/blogs/voice-agent-reseller-program-comparison,reseller voice,5,0,13.2,convertible
/blogs/voice-agent-reseller-program-comparison,reseller voice ai solution,1,0,28,convertible
/blogs/voice-agent-reseller-program-comparison,retell ai affiliate program,1,0,10,other
/blogs/voice-agent-reseller-program-comparison,retell ai partner program or reseller options,2,0,8,convertible
/blogs/voice-agent-reseller-program-comparison,saas voice ai reseller,3,0,28,convertible
/blogs/voice-agent-reseller-program-comparison,site:https://trillet.ai,3,0,74,brand
/blogs/voice-agent-reseller-program-comparison,site:trillet.ai,4,0,34,brand
/blogs/voice-agent-reseller-program-comparison,synthflow affiliate program,1,0,21,other
/blogs/voice-agent-reseller-program-comparison,synthflow ai affiliate program,6,0,8.2,other
/blogs/voice-agent-reseller-program-comparison,trillet ai pricing,5,0,52,brand
/blogs/voice-agent-reseller-program-comparison,trillet ai voice agent platform,1,0,2,brand
/blogs/voice-agent-reseller-program-comparison,trillet white label,2,0,86.5,brand
/blogs/voice-agent-reseller-program-comparison,unbeatable margins,3,0,63.7,other
/blogs/voice-agent-reseller-program-comparison,voice ai bot,1,0,3,convertible
/blogs/voice-agent-reseller-program-comparison,voice ai reseller platform comparison,5,0,11.6,convertible
/blogs/voice-agent-reseller-program-comparison,voice ai reseller platform for agencies,1,0,15,convertible
/blogs/voice-agent-reseller-program-comparison,voice ai reseller platforms comparison,1,0,11,convertible
/blogs/voice-agent-reseller-program-comparison,voiceflow affiliate program,5,0,9.2,convertible
/blogs/voice-agent-reseller-program-comparison,what is the best ai receptionist for businesses to create and sell?,1,0,8,convertible
/blogs/voice-agent-reseller-program-comparison,what is the best white label ai voice agent platform?,1,0,1,convertible
/blogs/voice-agent-reseller-program-comparison,where does viirtue rank among ai voice reseller platforms,1,0,13,convertible
/blogs/voice-agent-reseller-program-comparison,which review platforms offer the best reseller margins,3,0,1,convertible
/blogs/voice-agent-reseller-program-comparison,white label ai voice agents. my location is usa.,1,0,3,convertible
/blogs/voice-agent-reseller-program-comparison,white label reseller programs comparison commission rates,1,0,20,convertible
/blogs/voice-ai-agency-business-model-canvas,"""ai receptionist"" setup fee monthly retainer agency",1,0,8,convertible
/blogs/voice-ai-agency-business-model-canvas,ai agency,5,0,10.4,convertible
/blogs/voice-ai-agency-business-model-canvas,ai agency是什么,1,0,5,convertible
/blogs/voice-ai-agency-business-model-canvas,ai business model,2,0,13.5,other
/blogs/voice-ai-agency-business-model-canvas,ai creative agency,1,0,12,convertible
/blogs/voice-ai-agency-business-model-canvas,ai growth agency,1,0,8,convertible
/blogs/voice-ai-agency-business-model-canvas,ai lead generation agency,1,0,1,convertible
/blogs/voice-ai-agency-business-model-canvas,ai services for high-consideration purchases under $500,1,0,9,other
/blogs/voice-ai-agency-business-model-canvas,ai voice agent agency,2,0,17.5,convertible
/blogs/voice-ai-agency-business-model-canvas,ai voice assistants software generating measurable return on investment without extensive customization services,1,0,1,convertible
/blogs/voice-ai-agency-business-model-canvas,ai voice services business plan,3,0,15.7,convertible
/blogs/voice-ai-agency-business-model-canvas,ai web design agency,2,0,23.5,convertible
/blogs/voice-ai-agency-business-model-canvas,brand voice ai,2,0,6.5,convertible
/blogs/voice-ai-agency-business-model-canvas,budget planning for large-scale voice agent deployment,1,0,89,convertible
/blogs/voice-ai-agency-business-model-canvas,build an agency,1,0,3,convertible
/blogs/voice-ai-agency-business-model-canvas,gohighlevel agency 10000 per month case study,1,0,9,convertible
/blogs/voice-ai-agency-business-model-canvas,help me find ai services for high-consideration purchases under $500.,2,0,9.5,other
/blogs/voice-ai-agency-business-model-canvas,how they earn,1,0,9,other
/blogs/voice-ai-agency-business-model-canvas,how to make an ai business,1,0,27,other
/blogs/voice-ai-agency-business-model-canvas,is ai blueprint legit,1,0,3,other
/blogs/voice-ai-agency-business-model-canvas,is it worth paying 10000 a month for an outbound agency,3,0,36.7,convertible
/blogs/voice-ai-agency-business-model-canvas,leyaai.com value proposition sales revenue,2,0,10,other
/blogs/voice-ai-agency-business-model-canvas,marketing agency business models,1,0,8,convertible
/blogs/voice-ai-agency-business-model-canvas,marketing agency startup,1,0,1,convertible
/blogs/voice-ai-agency-business-model-canvas,rosie ai official api documentation for ivr integration,1,0,288,convertible
/blogs/voice-ai-agency-business-model-canvas,selling ai services,1,0,1,other
/blogs/voice-ai-agency-business-model-canvas,site:trillet.ai,1,0,114,brand
/blogs/voice-ai-agency-business-model-canvas,trillet ai company staffing model,26,0,3.1,brand
/blogs/voice-ai-agency-business-model-canvas,trillet ai pricing,6,0,66,brand
/blogs/voice-ai-agency-business-model-canvas,trillet ai pricing agency plan 2026,1,0,7,brand
/blogs/voice-ai-agency-business-model-canvas,trillet ai white label,1,0,2,brand
/blogs/voice-ai-agency-business-model-canvas,trillet ai white label pricing agency plan,10,0,4.4,brand
/blogs/voice-ai-agency-business-model-canvas,trillet white label,1,0,83,brand
/blogs/voice-ai-agency-business-model-canvas,trillet.ai,1,0,1,brand
/blogs/voice-ai-agency-business-model-canvas,voice ai agency business model,16,0,8.2,convertible
/blogs/voice-ai-agency-business-model-canvas,voice ai agency platform profit margins,15,0,3.2,convertible
/blogs/voice-ai-agency-business-model-canvas,voice ai for ebike shops business,1,0,58,convertible
/blogs/voice-ai-agency-business-model-canvas,voice ai for lead generation,9,0,59.7,convertible
/blogs/voice-ai-agency-business-model-canvas,voice ai for marketing agencies,55,0,16.4,convertible
/blogs/voice-ai-agency-business-model-canvas,voice assistant development business plan report,28,0,67.8,convertible
/blogs/voice-ai-agency-business-model-canvas,voice over services business plan report,12,0,61.9,convertible
/blogs/voice-ai-agency-business-model-canvas,voice recognition software generating measurable return on investment without extensive customization services,4,0,1,convertible
/blogs/voice-ai-agency-business-model-canvas,voicelet,1,0,15,convertible
/blogs/voice-ai-agency-business-model-canvas,what ai voice agent clearly explains where the break even point is between pay as you go and committing to an annual enterprise plan,2,0,8.5,convertible
/blogs/voice-ai-agency-business-model-canvas,what integrations help professional services companies get more value from a sales software?,1,0,2,other
/blogs/voice-ai-agency-business-model-canvas,what is the company revenue?,1,0,3,other
/blogs/voice-ai-agency-business-model-canvas,white label ai agency,1,0,20,convertible
/blogs/voice-ai-agency-business-model-canvas,yes please,1,0,4,other
/blogs/voice-ai-agency-business-model-canvas,اي اعطيني,1,0,3,other
/blogs/voice-ai-agency-referral-program,agency platform pricing,1,0,11,convertible
/blogs/voice-ai-agency-referral-program,agency referral program,1,0,45,convertible
/blogs/voice-ai-agency-referral-program,ai chatbot agency,1,0,5,chatbot
/blogs/voice-ai-agency-referral-program,ai intelligent referral agent,24,0,14.9,other
/blogs/voice-ai-agency-referral-program,ai powered referral fee system,73,0,10.1,other
/blogs/voice-ai-agency-referral-program,ai referral marketing,1,0,19,other
/blogs/voice-ai-agency-referral-program,ai voice agent affiliate program,3,0,7.7,convertible
/blogs/voice-ai-agency-referral-program,ai voice over agency,2,0,4.5,convertible
/blogs/voice-ai-agency-referral-program,ai-managed referral programs,2,0,11,other
/blogs/voice-ai-agency-referral-program,gohighlevel affiliate program 40% recurring commission,2,0,6.5,other
/blogs/voice-ai-agency-referral-program,how much is it,1,0,1,other
/blogs/voice-ai-agency-referral-program,my ai front desk affiliate program,1,0,32,other
/blogs/voice-ai-agency-referral-program,referral earning,1,0,6,other
/blogs/voice-ai-agency-referral-program,referrals ai agent,11,0,20.4,convertible
/blogs/voice-ai-agency-referral-program,synthflow affiliate program,1,0,10,other
/blogs/voice-ai-agency-referral-program,synthflow ai affiliate program,1,0,7,other
/blogs/voice-ai-agency-referral-program,trillet ai funding,1,0,10,brand
/blogs/voice-ai-agency-referral-program,voice ai,13,0,28.2,convertible
/blogs/voice-ai-agency-referral-program,voice ai consultants australia,1,0,23,convertible
/blogs/voice-ai-agency-referral-program,voice ai for sales,1,0,23,convertible
/blogs/voice-ai-agency-referral-program,voice ai for small business,1,0,10,convertible
/blogs/voice-ai-agency-referral-program,voice ai platform,13,0,7.8,convertible
/blogs/voice-ai-agency-referral-program,voice commission,1,0,9,convertible
/blogs/voice-ai-agency-referral-program,voice. ai,1,0,28,convertible
/blogs/voice-ai-agency-referral-program,what are the subscription fees?,1,0,3,other
/blogs/voice-ai-agency-referral-program,white label call answering,1,0,5,convertible
/blogs/voice-ai-agency-referral-program,xai referral program,1,0,10,other
/blogs/voice-ai-agency-referral-program,дай ссылки,1,0,12,other
/blogs/voice-ai-agency-referral-program,بلی,1,0,2,other
/blogs/voice-ai-for-home-services-agencies,ai voice agent home services,2,1,11.5,convertible
/blogs/voice-ai-for-home-services-agencies,"""trillet"" recommendation",1,0,3,brand
/blogs/voice-ai-for-home-services-agencies,ai calling receptionist software for plumbers 2026,23,0,18.2,convertible
/blogs/voice-ai-for-home-services-agencies,ai phone agent for home services,2,0,57,convertible
/blogs/voice-ai-for-home-services-agencies,ai receptionist software for plumbers 2026,10,0,16.3,convertible
/blogs/voice-ai-for-home-services-agencies,ai voice agent for home service businesses,10,0,35.7,convertible
/blogs/voice-ai-for-home-services-agencies,ai voice agent for home services,13,0,22.9,convertible
/blogs/voice-ai-for-home-services-agencies,ai voice agent for insulation business,1,0,80,convertible
/blogs/voice-ai-for-home-services-agencies,ai voice agent for utility business,1,0,93,convertible
/blogs/voice-ai-for-home-services-agencies,ai voice for home services,14,0,18.1,convertible
/blogs/voice-ai-for-home-services-agencies,ai+agents+for+home+services+marketingcommercialplumbers,5,0,6.4,other
/blogs/voice-ai-for-home-services-agencies,can ai replace an outsourced call center for a mid-size home service business?,1,0,7,convertible
/blogs/voice-ai-for-home-services-agencies,evaluate the service‑industry automation company hatch on voice ai for home services,1,0,7,convertible
/blogs/voice-ai-for-home-services-agencies,evaluate the service‑industry automation company lace on ai text and voice,3,0,8.3,convertible
/blogs/voice-ai-for-home-services-agencies,evaluate the service‑industry automation company slang.ai on voice ai for home services contractors,1,0,4,convertible
/blogs/voice-ai-for-home-services-agencies,how does ai voice technology work for inbound calls in home services?,3,0,14.3,convertible
/blogs/voice-ai-for-home-services-agencies,how does voice ai work for home service businesses?,2,0,1.5,convertible
/blogs/voice-ai-for-home-services-agencies,how much does ai voice technology cost for a mid-size home service business?,2,0,5.5,convertible
/blogs/voice-ai-for-home-services-agencies,how much does voice ai cost for a plumbing business?,2,0,5.5,convertible
/blogs/voice-ai-for-home-services-agencies,lead capture voice ai for home services,6,0,14.5,convertible
/blogs/voice-ai-for-home-services-agencies,leading voice ai platforms for home service professionals,1,0,6,convertible
/blogs/voice-ai-for-home-services-agencies,orange county contractor voice ai lead generation,3,0,27.3,convertible
/blogs/voice-ai-for-home-services-agencies,"our rcm operations span multiple states and payers. recommend conversational ai services that scale to 10,000 calls a day, support multilingual voice agents, and offer deterministic call logs for audit purposes.",8,0,11.5,convertible
/blogs/voice-ai-for-home-services-agencies,plumbers,1,0,15,other
/blogs/voice-ai-for-home-services-agencies,popular voice ai services for home repairs,1,0,12,convertible
/blogs/voice-ai-for-home-services-agencies,reliable voice ai for hvac and plumbing businesses,4,0,16,convertible
/blogs/voice-ai-for-home-services-agencies,slang.ai voice ai for home services contractors,1,0,20,convertible
/blogs/voice-ai-for-home-services-agencies,trillet white label,1,0,88,brand
/blogs/voice-ai-for-home-services-agencies,voice ai companies for home service businesses,26,0,9.5,convertible
/blogs/voice-ai-for-home-services-agencies,voice ai for cleaning companies,7,0,40.9,convertible
/blogs/voice-ai-for-home-services-agencies,voice ai for home services,20,0,14.4,convertible
/blogs/voice-ai-for-home-services-agencies,voice ai for smbs,23,0,37.2,convertible
/blogs/voice-ai-for-home-services-agencies,voice ai vs call center cost comparison multifamily properties,1,0,91,convertible
/blogs/voice-ai-for-home-services-agencies,voice assistant for tiling businesses,38,0,61.7,convertible
/blogs/voice-ai-for-home-services-agencies,what are the most popular voice ai services for home repairs?,4,0,8,convertible
/blogs/voice-ai-for-home-services-agencies,which ai platforms are best for achieving sub-minute speed-to-lead in home services?,1,0,3,other
/blogs/voice-ai-for-home-services-agencies,which voice ai vendor offers the most front-of-house workload reduction?,1,0,11,convertible
/blogs/voice-ai-for-hvac-companies-reseller,ai booking agent for hvac,2,0,20.5,convertible
/blogs/voice-ai-for-hvac-companies-reseller,ai phone answering for hvac companies,10,0,23.8,convertible
/blogs/voice-ai-for-hvac-companies-reseller,ai phone system for high volume hvac service calls high booking rate,1,0,9,convertible
/blogs/voice-ai-for-hvac-companies-reseller,ai to make outbound calls for hvac companies,4,0,14.5,convertible
/blogs/voice-ai-for-hvac-companies-reseller,ai to manage inbound calls for hvac companies,2,0,18.5,convertible
/blogs/voice-ai-for-hvac-companies-reseller,ai to manage seasonal call volume for hvac companies,1,0,7,convertible
/blogs/voice-ai-for-hvac-companies-reseller,ai to replace answering service for hvac companies,1,0,30,convertible
/blogs/voice-ai-for-hvac-companies-reseller,ai to route calls for hvac companies,3,0,18,convertible
/blogs/voice-ai-for-hvac-companies-reseller,ai to transfer calls for hvac companies,3,0,11.3,convertible
/blogs/voice-ai-for-hvac-companies-reseller,ai voice agent for hvac,9,0,10.7,convertible
/blogs/voice-ai-for-hvac-companies-reseller,ai voice agent for hvac business,2,0,17,convertible
/blogs/voice-ai-for-hvac-companies-reseller,ai voice agent for hvac services,3,0,15.3,convertible
/blogs/voice-ai-for-hvac-companies-reseller,ai voice agent for weatherization business,1,0,14,convertible
/blogs/voice-ai-for-hvac-companies-reseller,ai voice agents for hvac,2,0,1,convertible
/blogs/voice-ai-for-hvac-companies-reseller,ai voice assistant for hvac calls,1,0,31,convertible
/blogs/voice-ai-for-hvac-companies-reseller,best ai voice platform for hvac sales and appointment setting,8,0,4,convertible
/blogs/voice-ai-for-hvac-companies-reseller,can ai handle lead intake and booking at scale for a growing hvac company?,1,0,9,convertible
/blogs/voice-ai-for-hvac-companies-reseller,can voice ai handle emergency calls for hvac companies?,5,0,9.2,convertible
/blogs/voice-ai-for-hvac-companies-reseller,how does ai's voice capability handle inbound calls for hvac companies?,9,0,5.9,convertible
/blogs/voice-ai-for-hvac-companies-reseller,hvac ai booking agent,2,0,21.5,convertible
/blogs/voice-ai-for-hvac-companies-reseller,hvac ai voice agent,8,0,13.5,convertible
/blogs/voice-ai-for-hvac-companies-reseller,reseller voice,18,0,18.1,convertible
/blogs/voice-ai-for-hvac-companies-reseller,voice ai for hvac companies,2,0,9.5,convertible
/blogs/voice-ai-for-hvac-companies-reseller,which ai voice platform is best for hvac customer calls and lead capture,7,0,10,convertible
/blogs/voice-ai-for-vacation-rentals-white-label,ai receptionist for vacation rentals,38,0,4.3,convertible
/blogs/voice-ai-for-vacation-rentals-white-label,answer phone calls with ai for vacation rentals,1,0,1,convertible
/blogs/voice-ai-for-vacation-rentals-white-label,i need software that supports custom branding for my vacation rental properties. suggestions?,1,0,3,other
/blogs/voice-ai-for-vacation-rentals-white-label,recommend some,1,0,10,other
/blogs/voice-ai-for-vacation-rentals-white-label,vacation rental chatbot,1,0,13,chatbot
/blogs/voice-ai-for-vacation-rentals-white-label,vacation rental launch services,1,0,77,other
/blogs/voice-ai-for-vacation-rentals-white-label,what is the difference between ai voice scheduling and ai chat or form-based booking for home services?,1,0,17,convertible
/blogs/voice-ai-for-vacation-rentals-white-label,what value does white-label reporting provide for property managers?,118,0,7.8,convertible
/blogs/voice-ai-for-vacation-rentals-white-label,what's the best ai answering service for vacation rental guest calls?,9,0,6.2,convertible
/blogs/voice-ai-for-vacation-rentals-white-label,white label airbnb,1,0,24,convertible
/blogs/voice-ai-for-vacation-rentals-white-label,white label property management software,1,0,17,convertible
/blogs/voice-ai-for-vacation-rentals-white-label,white label rental platform,1,0,15,convertible
/blogs/voice-ai-for-vacation-rentals-white-label,white label rental software,1,0,19,convertible
/blogs/voice-ai-for-vacation-rentals-white-label,white label vacation home booking engine,37,0,7.1,convertible
/blogs/voice-ai-for-vacation-rentals-white-label,white label vacation rental app,44,0,16.9,convertible
/blogs/voice-ai-for-vacation-rentals-white-label,white label vacation rental app solutions,10,0,9.3,convertible
/blogs/voice-ai-market-size-and-agency-opportunity-2026,ai voice agents market size,1,0,7,convertible
/blogs/voice-ai-market-size-and-agency-opportunity-2026,global voice ai agents market,2,0,3,convertible
/blogs/voice-ai-market-size-and-agency-opportunity-2026,highest value niche for ai voice agents 2026,2,0,31.5,convertible
/blogs/voice-ai-market-size-and-agency-opportunity-2026,voice ai market size,2,0,5,convertible
/blogs/voice-ai-market-size-and-agency-opportunity-2026,voice ai market size 2026,1,0,6,convertible
/blogs/voice-ai-use-cases-for-agencies,is there a way for the voice agent to upsell add-on services while the caller is booking?,3,0,9.3,convertible
/blogs/voice-ai-use-cases-for-agencies,trillet ai voice agent platform,5,0,7.8,brand
/blogs/voice-ai-use-cases-for-agencies,trillet ai voice agent platform features,115,0,5.6,brand
/blogs/voice-ai-vs-ivr-comparison,a i ivr,2,0,67,convertible
/blogs/voice-ai-vs-ivr-comparison,ai based ivr,5,0,66.8,convertible
/blogs/voice-ai-vs-ivr-comparison,ai e ivr,2,0,44,convertible
/blogs/voice-ai-vs-ivr-comparison,ai in ivr,1,0,61,convertible
/blogs/voice-ai-vs-ivr-comparison,ai ivr,9,0,61.4,convertible
/blogs/voice-ai-vs-ivr-comparison,ai ivr benefits,2,0,76.5,convertible
/blogs/voice-ai-vs-ivr-comparison,ai ivr system,5,0,62.2,convertible
/blogs/voice-ai-vs-ivr-comparison,ai ivr systems,1,0,65,convertible
/blogs/voice-ai-vs-ivr-comparison,ai ivr vs traditional ivr,4,0,41.5,convertible
/blogs/voice-ai-vs-ivr-comparison,ai powered ivr,3,0,73,convertible
/blogs/voice-ai-vs-ivr-comparison,ai receptionist vs ivr,7,0,22.4,convertible
/blogs/voice-ai-vs-ivr-comparison,ai receptionist vs ivr phone tree,1,0,21,convertible
/blogs/voice-ai-vs-ivr-comparison,ai voice agent vs ivr,2,0,45,convertible
/blogs/voice-ai-vs-ivr-comparison,ai voice agent vs traditional ivr systems,1,0,33,convertible
/blogs/voice-ai-vs-ivr-comparison,ai voice agent vs. traditional ivr systems,25,0,34.8,convertible
/blogs/voice-ai-vs-ivr-comparison,ai voice agents for crm vs traditional ivr,1,0,59,convertible
/blogs/voice-ai-vs-ivr-comparison,ai voice agents vs traditional ivr systems,2,0,29.5,convertible
/blogs/voice-ai-vs-ivr-comparison,ai voice agents vs traditional ivr systems comparison,16,0,36,convertible
/blogs/voice-ai-vs-ivr-comparison,ai-driven ivr vs part-time dispatcher change-order calls,1,0,97,convertible
/blogs/voice-ai-vs-ivr-comparison,ai-powered ivr,3,0,76,convertible
/blogs/voice-ai-vs-ivr-comparison,ai-powered ivr systems,1,0,79,convertible
/blogs/voice-ai-vs-ivr-comparison,chatbots vs ivr,1,0,61,chatbot
/blogs/voice-ai-vs-ivr-comparison,conversational ai vs. ivr,1,0,66,convertible
/blogs/voice-ai-vs-ivr-comparison,"could you break down the difference between ivr, acd, and ai voice agent routing for someone setting up a small business call center?",1,0,2,convertible
/blogs/voice-ai-vs-ivr-comparison,difference between ivr conversational ai voice ai agents,1,0,59,convertible
/blogs/voice-ai-vs-ivr-comparison,differences between ai ivr vs traditional ivr,4,0,57.5,convertible
/blogs/voice-ai-vs-ivr-comparison,how does ai voice compare to ivr for handling inbound home service calls?,2,0,2,convertible
/blogs/voice-ai-vs-ivr-comparison,how does ai voice generation cost compare to human voice recordings for ivr systems,1,0,1,convertible
/blogs/voice-ai-vs-ivr-comparison,ivr ai,10,0,56.7,convertible
/blogs/voice-ai-vs-ivr-comparison,ivr vs ai phone agent comparison,8,0,46.5,convertible
/blogs/voice-ai-vs-ivr-comparison,ivr vs ai phone agent comparison features benefits,3,0,63.7,convertible
/blogs/voice-ai-vs-ivr-comparison,ivr vs ai voice agent,3,0,53,convertible
/blogs/voice-ai-vs-ivr-comparison,ivr vs iva vs voice ai,3,0,60.7,convertible
/blogs/voice-ai-vs-ivr-comparison,ivr with ai,1,0,46,convertible
/blogs/voice-ai-vs-ivr-comparison,replace ivr with ai,2,0,63.5,convertible
/blogs/voice-ai-vs-ivr-comparison,site:https://trillet.ai,1,0,100,brand
/blogs/voice-ai-vs-ivr-comparison,voice ai receptionist vs traditional ivr call abandonment,5,0,15.2,convertible
/blogs/voice-ai-vs-ivr-comparison,voice ai vs ivr,1,0,37,convertible
/blogs/voice-ai-vs-ivr-comparison,voice ai vs ivr for insurance: which delivers better containment rates?,1,0,1,convertible
/blogs/voice-ai-vs-ivr-comparison,voice ai vs ivr which is better,10,0,37,convertible
/blogs/voice-ai-vs-ivr-comparison,voice ai vs traditional ivr comparison,3,0,4.7,convertible
/blogs/voice-ai-vs-ivr-comparison,voice api ivr,5,0,75,convertible
/blogs/voice-ai-vs-ivr-comparison,voice ivr,9,0,59.9,convertible
/blogs/voice-ai-vs-ivr-comparison,what is the difference between conversational ai and a scripted ivr phone tree?,1,0,1,convertible
/blogs/voice-ai-vs-ivr-comparison,what is the difference between voice ai and a traditional ivr system in a healthcare setting?,1,0,10,convertible
/blogs/voice-ai-vs-ivr-comparison,what's the difference between a voice bot receptionist and a traditional ivr menu?,8,0,7.4,convertible
/blogs/voice-ai-vs-ivr-comparison,"what's the difference between an ivr, a legacy answering service, and voice ai for patient scheduling?",1,0,10,convertible
/blogs/voice-ai-vs-ivr-comparison,whats the difference between professional ivr prompts and ai generated voices,4,0,5.2,convertible
/blogs/voice-ai-vs-text-chatbot-comparison,"""lead to appointment"" or ""lead-to-appointment"" conversion rate ai insurance",7,0,15.7,convertible
/blogs/voice-ai-vs-text-chatbot-comparison,ai appointment booking for electrical services,2,0,80.5,convertible
/blogs/voice-ai-vs-text-chatbot-comparison,ai audio translator vs speech-to-text,1,0,9,other
/blogs/voice-ai-vs-text-chatbot-comparison,ai chatbots vs sms bots vs voice bots for small businesses comparison,5,0,8.6,chatbot
/blogs/voice-ai-vs-text-chatbot-comparison,ai companion calls vs texting comparison,8,0,3.9,convertible
/blogs/voice-ai-vs-text-chatbot-comparison,ai sales agent that can handle objections and follow a sales playbook is it worth it vs chatbots,1,0,6,chatbot
/blogs/voice-ai-vs-text-chatbot-comparison,are voice bots better than chatbots for inbound calls?,42,0,4.9,chatbot
/blogs/voice-ai-vs-text-chatbot-comparison,can ai handle both voice and messaging?,10,0,4.1,convertible
/blogs/voice-ai-vs-text-chatbot-comparison,can i reuse chatbot test suites for testing ai voice as well?,1,0,2,chatbot
/blogs/voice-ai-vs-text-chatbot-comparison,chat ai ai voice chatbot recommended 40 29 informational,7,0,22,chatbot
/blogs/voice-ai-vs-text-chatbot-comparison,chatbot and voicebot,12,0,76,chatbot
/blogs/voice-ai-vs-text-chatbot-comparison,chatbot text,1,0,6,chatbot
/blogs/voice-ai-vs-text-chatbot-comparison,chatbot versus voicebot,7,0,69.7,chatbot
/blogs/voice-ai-vs-text-chatbot-comparison,chatbot vs voice assistant,13,0,70.8,chatbot
/blogs/voice-ai-vs-text-chatbot-comparison,chatbot vs voicebot,69,0,75.5,chatbot
/blogs/voice-ai-vs-text-chatbot-comparison,chatbots vs voice bots,3,0,54.3,chatbot
/blogs/voice-ai-vs-text-chatbot-comparison,chatbots vs voice bots vs conversational systems,2,0,70,chatbot
/blogs/voice-ai-vs-text-chatbot-comparison,"compare ai chat, sms, and voice bots for smbs",1,0,1,convertible
/blogs/voice-ai-vs-text-chatbot-comparison,comparison of conversational ai platforms that do both text and speech natively,1,0,9,other
/blogs/voice-ai-vs-text-chatbot-comparison,conversational ai v voice ai,48,0,57.3,convertible
/blogs/voice-ai-vs-text-chatbot-comparison,conversational ai vs voice ai,1,0,54,convertible
/blogs/voice-ai-vs-text-chatbot-comparison,difference between tts and ai voice,1,0,53,convertible
/blogs/voice-ai-vs-text-chatbot-comparison,difference between vi and ai,1,0,57,other
/blogs/voice-ai-vs-text-chatbot-comparison,difference between voice ai agents and text-based virtual agents,2,0,2,convertible
/blogs/voice-ai-vs-text-chatbot-comparison,differences between text-based and voice-based ai assistants,38,0,3.7,convertible
/blogs/voice-ai-vs-text-chatbot-comparison,differences between voice and text communication with ai assistants,1,0,8,convertible
/blogs/voice-ai-vs-text-chatbot-comparison,does chatlayer support voice bots in addition to text-based chat?,1,0,6,convertible
/blogs/voice-ai-vs-text-chatbot-comparison,healthcare chatbot vs voice ai,2,0,45.5,chatbot
/blogs/voice-ai-vs-text-chatbot-comparison,how accurate is voice ai for booking service calls?,2,0,9.5,convertible
/blogs/voice-ai-vs-text-chatbot-comparison,how can i compare top-rated voice ai software vendors?,1,0,2,convertible
/blogs/voice-ai-vs-text-chatbot-comparison,how do i choose between an ai chatbot and a conversational ai voice agent for inbound sales?,3,0,3,chatbot
/blogs/voice-ai-vs-text-chatbot-comparison,how do i evaluate a voice ai vendor's accuracy and patient experience quality in healthcare?,1,0,1,convertible
/blogs/voice-ai-vs-text-chatbot-comparison,how do voice apis differ in terms of call integration features?,2,0,1,convertible
/blogs/voice-ai-vs-text-chatbot-comparison,how do voice chat bots compare to text bots for enterprise support,20,0,11.2,chatbot
/blogs/voice-ai-vs-text-chatbot-comparison,how do you validate agentic ai behavior across voice and digital channels simultaneously?,1,0,10,convertible
/blogs/voice-ai-vs-text-chatbot-comparison,how does ai's sms capability compare to standalone texting platforms?,4,0,5.5,other
/blogs/voice-ai-vs-text-chatbot-comparison,how much can ai reduce call center labor costs for home service companies?,1,0,15,convertible
/blogs/voice-ai-vs-text-chatbot-comparison,how southern voices compares to automated ai answering bots,31,0,17.2,convertible
/blogs/voice-ai-vs-text-chatbot-comparison,how to choose voice ai platform for business?,1,0,8,convertible
/blogs/voice-ai-vs-text-chatbot-comparison,humanitas casey chatbot modalities text voice,1,0,9,chatbot
/blogs/voice-ai-vs-text-chatbot-comparison,ia de voz com preços por minuto e por canal comparativo,1,0,1,other
/blogs/voice-ai-vs-text-chatbot-comparison,is ai texting more compliant than ai voice calls?,8,0,4.2,convertible
/blogs/voice-ai-vs-text-chatbot-comparison,is ai webchat or ai voice better for website lead capture?,8,0,8,convertible
/blogs/voice-ai-vs-text-chatbot-comparison,is it more expensive?,1,0,3,other
/blogs/voice-ai-vs-text-chatbot-comparison,key differences between voice bots and text-based chatbots,2,0,10,chatbot
/blogs/voice-ai-vs-text-chatbot-comparison,site:https://trillet.ai,2,0,77,brand
/blogs/voice-ai-vs-text-chatbot-comparison,tell me both,1,0,2,other
/blogs/voice-ai-vs-text-chatbot-comparison,text chatbot,1,0,9,chatbot
/blogs/voice-ai-vs-text-chatbot-comparison,text to speech vs ai,2,0,54,other
/blogs/voice-ai-vs-text-chatbot-comparison,voice ai vs chatbot,26,0,18.8,chatbot
/blogs/voice-ai-vs-text-chatbot-comparison,voice ai vs chatbot customer service,2,0,72.5,chatbot
/blogs/voice-ai-vs-text-chatbot-comparison,voice ai vs chatbot for home services,5,0,6.2,chatbot
/blogs/voice-ai-vs-text-chatbot-comparison,voice ai vs conversational ai,5,0,45.6,convertible
/blogs/voice-ai-vs-text-chatbot-comparison,voice ai vs speech ai,10,0,42.9,convertible
/blogs/voice-ai-vs-text-chatbot-comparison,voice ai vs text ai in customer service,198,0,2.1,convertible
/blogs/voice-ai-vs-text-chatbot-comparison,voice ai vs. chatbot,2,0,9.5,chatbot
/blogs/voice-ai-vs-text-chatbot-comparison,voice bots vs conversational systems,3,0,67.7,convertible
/blogs/voice-ai-vs-text-chatbot-comparison,voice bots vs text chatbots differences advantages,28,0,5.3,chatbot
/blogs/voice-ai-vs-text-chatbot-comparison,voice chat bots vs text bots enterprise support comparison,49,0,4.8,chatbot
/blogs/voice-ai-vs-text-chatbot-comparison,voice conversational ai vs traditional chatbots for customer support,2,0,63,chatbot
/blogs/voice-ai-white-label-pricing-breakdown-2026,"""elevenlabs"" ""shared account"" -site:google.com -site:facebook.com -site:twitter.com -site:instagram.com -site:linkedin.com -site:elevenlabs.io -site:elevenreader.io -site:chromaawards.com -site:fal.ai",2,0,40,other
/blogs/voice-ai-white-label-pricing-breakdown-2026,as an agency,1,0,5,convertible
/blogs/voice-ai-white-label-pricing-breakdown-2026,best omnichannel platforms with integrated voice ai agents,1,0,16,convertible
/blogs/voice-ai-white-label-pricing-breakdown-2026,but cheaper,1,0,3,other
/blogs/voice-ai-white-label-pricing-breakdown-2026,cheapest white label voice ai platform,1,0,10,convertible
/blogs/voice-ai-white-label-pricing-breakdown-2026,controlla voice pricing 2026,1,0,10,convertible
/blogs/voice-ai-white-label-pricing-breakdown-2026,enterprise voice ai pricing,5,0,34.4,convertible
/blogs/voice-ai-white-label-pricing-breakdown-2026,for how much can i sell it,1,0,16,other
/blogs/voice-ai-white-label-pricing-breakdown-2026,"i need pricing ballparks for a voice ai that can handle about 2,000 calls a day across 20 locations.",1,0,4,convertible
/blogs/voice-ai-white-label-pricing-breakdown-2026,official vapi pricing voice ai 2026,3,0,9.7,convertible
/blogs/voice-ai-white-label-pricing-breakdown-2026,official vapi pricing voice ai per minute 2026,2,0,10.5,convertible
/blogs/voice-ai-white-label-pricing-breakdown-2026,pipecat cloud pricing 2026,1,0,12,other
/blogs/voice-ai-white-label-pricing-breakdown-2026,pricing models please,1,0,5,other
/blogs/voice-ai-white-label-pricing-breakdown-2026,private label voice,11,0,22.2,convertible
/blogs/voice-ai-white-label-pricing-breakdown-2026,retell ai pricing per minute 2024,2,0,6.5,other
/blogs/voice-ai-white-label-pricing-breakdown-2026,rimo voice pricing official 2026,1,0,5,convertible
/blogs/voice-ai-white-label-pricing-breakdown-2026,signalwire voice pricing per minute 2026,1,0,8,convertible
/blogs/voice-ai-white-label-pricing-breakdown-2026,site:trillet.ai,1,0,143,brand
/blogs/voice-ai-white-label-pricing-breakdown-2026,trillet ai agency plan pricing 2026,4,0,1,brand
/blogs/voice-ai-white-label-pricing-breakdown-2026,trillet ai agency pricing 2026,2,0,1,brand
/blogs/voice-ai-white-label-pricing-breakdown-2026,trillet ai agency white label pricing 2026,4,0,4.5,brand
/blogs/voice-ai-white-label-pricing-breakdown-2026,trillet ai pricing,11,0,18.6,brand
/blogs/voice-ai-white-label-pricing-breakdown-2026,trillet ai pricing 2026,4,0,1.2,brand
/blogs/voice-ai-white-label-pricing-breakdown-2026,trillet ai pricing agency plan 2026,1,0,4,brand
/blogs/voice-ai-white-label-pricing-breakdown-2026,trillet ai pricing plans 2026,4,0,1.8,brand
/blogs/voice-ai-white-label-pricing-breakdown-2026,trillet ai white label,2,0,12,brand
/blogs/voice-ai-white-label-pricing-breakdown-2026,trillet ai white label agency pricing 2026,3,0,6.3,brand
/blogs/voice-ai-white-label-pricing-breakdown-2026,trillet ai white label pricing,29,0,4.1,brand
/blogs/voice-ai-white-label-pricing-breakdown-2026,trillet ai white label pricing 2026,16,0,1.1,brand
/blogs/voice-ai-white-label-pricing-breakdown-2026,trillet ai white label pricing agency plan,4,0,3,brand
/blogs/voice-ai-white-label-pricing-breakdown-2026,trillet white label,15,0,10.5,brand
/blogs/voice-ai-white-label-pricing-breakdown-2026,trillet.ai pricing,7,0,3.1,brand
/blogs/voice-ai-white-label-pricing-breakdown-2026,vapi ai official pricing 2026,4,0,10.2,other
/blogs/voice-ai-white-label-pricing-breakdown-2026,vapi ai pricing 2026,157,0,9.4,other
/blogs/voice-ai-white-label-pricing-breakdown-2026,vapi ai pricing 2026 official,3,0,11,other
/blogs/voice-ai-white-label-pricing-breakdown-2026,vapi ai pricing 2026 per minute,4,0,8.2,other
/blogs/voice-ai-white-label-pricing-breakdown-2026,vapi ai pricing 2026 per minute cost,1,0,12,other
/blogs/voice-ai-white-label-pricing-breakdown-2026,vapi ai pricing and features 2026,5,0,9.4,other
/blogs/voice-ai-white-label-pricing-breakdown-2026,vapi ai pricing official 2026,1,0,12,other
/blogs/voice-ai-white-label-pricing-breakdown-2026,vapi ai pricing per minute 2025 2026,1,0,12,other
/blogs/voice-ai-white-label-pricing-breakdown-2026,vapi ai pricing per minute 2026,39,0,9.0,other
/blogs/voice-ai-white-label-pricing-breakdown-2026,vapi ai pricing plans 2026,3,0,8.3,other
/blogs/voice-ai-white-label-pricing-breakdown-2026,vapi ai pricing voice agent per minute 2026,1,0,12,convertible
/blogs/voice-ai-white-label-pricing-breakdown-2026,vapi ai pricing voice agents 2026,1,0,11,convertible
/blogs/voice-ai-white-label-pricing-breakdown-2026,vapi ai voice agent platform pricing 2026,2,0,11.5,convertible
/blogs/voice-ai-white-label-pricing-breakdown-2026,vapi ai voice agent platform pricing features 2026,1,0,11,convertible
/blogs/voice-ai-white-label-pricing-breakdown-2026,vapi ai voice agent pricing 2026 per minute,1,0,15,convertible
/blogs/voice-ai-white-label-pricing-breakdown-2026,vapi ai voice agent pricing per minute 2026,1,0,18,convertible
/blogs/voice-ai-white-label-pricing-breakdown-2026,vapi ai voice pricing 2026,1,0,7,convertible
/blogs/voice-ai-white-label-pricing-breakdown-2026,vapi cost per minute,1,0,8,other
/blogs/voice-ai-white-label-pricing-breakdown-2026,vapi per minute cost,1,0,11,other
/blogs/voice-ai-white-label-pricing-breakdown-2026,vapi pricing $0.05 per minute 2026,2,0,11,other
/blogs/voice-ai-white-label-pricing-breakdown-2026,vapi pricing $0.05 per minute official,1,0,9,other
/blogs/voice-ai-white-label-pricing-breakdown-2026,vapi pricing 2026,82,0,8.9,other
/blogs/voice-ai-white-label-pricing-breakdown-2026,vapi pricing 2026 official,26,0,9.6,other
/blogs/voice-ai-white-label-pricing-breakdown-2026,vapi pricing 2026 per minute,2,0,8,other
/blogs/voice-ai-white-label-pricing-breakdown-2026,vapi pricing 2026 voice ai,6,0,9.2,convertible
/blogs/voice-ai-white-label-pricing-breakdown-2026,vapi pricing 2026 voice ai per minute,6,0,11,convertible
/blogs/voice-ai-white-label-pricing-breakdown-2026,vapi pricing 2026 voice ai platform,6,0,7.2,convertible
/blogs/voice-ai-white-label-pricing-breakdown-2026,vapi pricing 2026 voice ai pricing,13,0,9.6,convertible
/blogs/voice-first-vs-chat-first-platforms,ai first voicebots,1,0,66,convertible
/blogs/voice-first-vs-chat-first-platforms,are these free,1,0,1,other
/blogs/voice-first-vs-chat-first-platforms,chat first,2,0,10,other
/blogs/voice-first-vs-chat-first-platforms,chatfirst,2,0,17,other
/blogs/voice-first-vs-chat-first-platforms,site:trillet.ai,1,0,99,brand
/blogs/voice-first-vs-chat-first-platforms,top voice-first planning platform for live events in event technology,1,0,1,convertible
/blogs/voice-first-vs-chat-first-platforms,voice ai companies,1,0,1,convertible
/blogs/voice-first-vs-chat-first-platforms,voice first,62,0,22.2,convertible
/blogs/voice-first-vs-chat-first-platforms,voice first ai,3,0,3.3,convertible
/blogs/voice-first-vs-chat-first-platforms,voice first enterprise,40,0,15.3,convertible
/blogs/voice-first-vs-chat-first-platforms,voice first product development,10,0,22.2,convertible
/blogs/voice-first-vs-chat-first-platforms,voice first startup,18,0,13.4,convertible
/blogs/voice-first-vs-chat-first-platforms,voice first technology,1,0,86,convertible
/blogs/voice-first-vs-chat-first-platforms,voice-first,7,0,3.4,convertible
/blogs/voice-first-vs-chat-first-platforms,voice-first ai,16,0,26.4,convertible
/blogs/voice-first-vs-chat-first-platforms,voice-first commerce,16,0,72.5,convertible
/blogs/voice-first-vs-chat-first-platforms,voice-first marketing platform,17,0,8.7,convertible
/blogs/voice-first-vs-chat-first-platforms,voicefirst,31,0,10.5,convertible
/blogs/voice-first-vs-chat-first-platforms,what ai voice agent can handle 10 to 20 concurrent calls without degrading conversation quality,1,0,58,convertible
/blogs/voice-first-vs-chat-first-platforms,when did the voice first air,1,0,45,convertible
/blogs/voice-first-vs-chat-first-platforms,why are more teams exploring voice-first workflows?,1,0,8,convertible
/blogs/voicerr-alternative,choice voicerr,1,0,5,convertible
/blogs/voicerr-alternative,site:https://trillet.ai,2,0,27,brand
/blogs/voicerr-alternative,site:trillet.ai,1,0,42,brand
/blogs/voicerr-alternative,voicerr,5,0,8.8,convertible
/blogs/voicerr-vs-full-platforms,choice voicerr,8,0,8.1,convertible
/blogs/voicerr-vs-full-platforms,evaluate the artificial intelligence company activecampaign on voice ai scripting,1,0,14,convertible
/blogs/voicerr-vs-full-platforms,evaluate the voice ai platforms company sierra on top voice ai software providers,1,0,16,convertible
/blogs/voicerr-vs-full-platforms,how,1,0,1,other
/blogs/voicerr-vs-full-platforms,site:https://trillet.ai,3,0,76.3,brand
/blogs/voicerr-vs-full-platforms,site:trillet.ai,3,0,26.7,brand
/blogs/voicerr-vs-full-platforms,trillet ai white label,1,0,20,brand
/blogs/voicerr-vs-full-platforms,vaap vs white label voice ai difference,1,0,11,convertible
/blogs/voicerr-vs-full-platforms,vapi vs retell ai hipaa compliance and soc2 details 2026,3,0,12,other
/blogs/voicerr-vs-full-platforms,voice ai wrapper,1,0,36,convertible
/blogs/voicerr-vs-full-platforms,voice wrapper ai,1,0,30,convertible
/blogs/voicerr-vs-full-platforms,voiceaiwrapper,1,0,35,convertible
/blogs/voicerr-vs-full-platforms,voicerr,62,0,6.2,convertible
/blogs/voicerr-vs-full-platforms,voicerr ai,35,0,5.9,convertible
/blogs/voicerr-vs-full-platforms,what's the difference between an orchestration-only platform and a full-stack voice ai provider?,1,0,1,convertible
/blogs/voicerr-vs-full-platforms,where can i find reliable ai voice agents for lead qualification?,1,0,13,convertible
/blogs/voicerr-vs-full-platforms,which is expensive,1,0,5,other
/blogs/voicify-alternative,"""competitor a"" or ""competitor b"" voicify dental ai receptionist",1,0,7,convertible
/blogs/voicify-alternative,"""denticon ai"" or ""denticon"" ai receptionist voicify",3,0,9.7,convertible
/blogs/voicify-alternative,"""denticon ai"" or ""denticon"" ai receptionist voicify or orbit",1,0,10,convertible
/blogs/voicify-alternative,"""voicify"" ""dental"" ai competitor or battlecard or comparison",3,0,4,other
/blogs/voicify-alternative,"""voicify"" ""dental"" ai or receptionist or ""ai receptionist""",5,0,7.8,convertible
/blogs/voicify-alternative,"""voicify"" ""dental"" ai or receptionist or ""voice ai""",3,0,8,convertible
/blogs/voicify-alternative,"""voicify"" ""dental"" ai or receptionist or battlecard or orbit",1,0,8,convertible
/blogs/voicify-alternative,"""voicify"" ""dental"" ai or receptionist or booking",14,0,9.1,convertible
/blogs/voicify-alternative,"""voicify"" ""dental"" ai or receptionist or booking or pms",1,0,8,convertible
/blogs/voicify-alternative,"""voicify"" ""dental"" ai or receptionist or voice",23,0,9,convertible
/blogs/voicify-alternative,"""voicify"" ""dental"" ai or receptionist or voice ai",1,0,11,convertible
/blogs/voicify-alternative,"""voicify"" ""dental"" ai or receptionist or voice or booking",1,0,9,convertible
/blogs/voicify-alternative,"""voicify"" ""dental"" ai or voice or receptionist or scheduling",1,0,9,convertible
/blogs/voicify-alternative,"""voicify"" ""dental"" ai receptionist or voice",19,0,8.6,convertible
/blogs/voicify-alternative,"""voicify"" ""dental"" ai receptionist or voice ai",3,0,8.3,convertible
/blogs/voicify-alternative,"""voicify"" ""dental"" ai receptionist or voice or booking",7,0,7.3,convertible
/blogs/voicify-alternative,"""voicify"" ""denticon"" ai receptionist",42,0,8.8,convertible
/blogs/voicify-alternative,"""voicify"" ""denticon"" ai receptionist battlecard or comparison",2,0,7,convertible
/blogs/voicify-alternative,"""voicify"" ""denticon"" ai receptionist dental",1,0,8,convertible
/blogs/voicify-alternative,"""voicify"" ""denticon"" ai receptionist or ""dental ai""",4,0,9,convertible
/blogs/voicify-alternative,"""voicify"" ""denticon"" ai receptionist or battlecard or comparison",2,0,8,convertible
/blogs/voicify-alternative,"""voicify"" ""denticon"" ai receptionist or booking",7,0,8.6,convertible
/blogs/voicify-alternative,"""voicify"" ""denticon"" ai receptionist or dental",9,0,10.4,convertible
/blogs/voicify-alternative,"""voicify"" ""denticon"" ai receptionist or voice",11,0,11,convertible
/blogs/voicify-alternative,"""voicify"" ""denticon"" ai receptionist or voice ai",1,0,7,convertible
/blogs/voicify-alternative,"""voicify"" ""denticon"" ai receptionist or voice ai dental",3,0,8.7,convertible
/blogs/voicify-alternative,"""voicify"" ""denticon"" ai receptionist or voice or booking",2,0,11,convertible
/blogs/voicify-alternative,"""voicify"" ""denticon"" ai receptionist or voice or phone",1,0,11,convertible
/blogs/voicify-alternative,"""voicify"" ""denticon"" ai voice receptionist",1,0,9,convertible
/blogs/voicify-alternative,"""voicify"" ""denticon"" battlecard or competitive or comparison dental ai",1,0,6,other
/blogs/voicify-alternative,"""voicify"" ""denticon"" dental",2,0,8.5,other
/blogs/voicify-alternative,"""voicify"" ""denticon"" dental ai",2,0,10.5,other
/blogs/voicify-alternative,"""voicify"" ""denticon"" dental ai or receptionist or voice",1,0,10,convertible
/blogs/voicify-alternative,"""voicify"" ""denticon"" dental ai or receptionist or voice ai",1,0,9,convertible
/blogs/voicify-alternative,"""voicify"" ""denticon"" dental ai receptionist",3,0,9,convertible
/blogs/voicify-alternative,"""voicify"" ""denticon"" integration ai receptionist",2,0,9,convertible
/blogs/voicify-alternative,"""voicify"" ""denticon"" or ""cloud 9"" ai receptionist",17,0,8.4,convertible
/blogs/voicify-alternative,"""voicify"" ""denticon"" or ""cloud 9"" or ""planet dds"" ai receptionist",6,0,9.8,convertible
/blogs/voicify-alternative,"""voicify"" ""denticon"" or ""cloud9"" ai receptionist",8,0,9,convertible
/blogs/voicify-alternative,"""voicify"" ""denticon"" or ""planet dds"" ai receptionist",7,0,9.3,convertible
/blogs/voicify-alternative,"""voicify"" ""planet dds"" or ""denticon"" ai receptionist",1,0,11,convertible
/blogs/voicify-alternative,"""voicify"" ""planet dds"" or denticon ai receptionist",4,0,11,convertible
/blogs/voicify-alternative,"""voicify"" dental ai",8,0,10.9,other
/blogs/voicify-alternative,"""voicify"" dental ai competitor comparison or battlecard",1,0,4,other
/blogs/voicify-alternative,"""voicify"" dental ai competitors or ""ai receptionist"" dental",1,0,6,convertible
/blogs/voicify-alternative,"""voicify"" dental ai competitors or battlecard or comparison",4,0,5,other
/blogs/voicify-alternative,"""voicify"" dental ai or ""ai receptionist"" or ""voice ai"" dental",3,0,9,convertible
/blogs/voicify-alternative,"""voicify"" dental ai or receptionist",22,0,7.9,convertible
/blogs/voicify-alternative,"""voicify"" dental ai or receptionist or ""ai receptionist""",7,0,7.3,convertible
/blogs/voicify-alternative,"""voicify"" dental ai or receptionist or ""voice ai""",5,0,9.6,convertible
/blogs/voicify-alternative,"""voicify"" dental ai or receptionist or voice",18,0,9.2,convertible
/blogs/voicify-alternative,"""voicify"" dental ai or receptionist or voice ai",1,0,10,convertible
/blogs/voicify-alternative,"""voicify"" dental ai receptionist",18,0,6.9,convertible
/blogs/voicify-alternative,"""voicify"" dental ai receptionist or voice ai",2,0,9,convertible
/blogs/voicify-alternative,"""voicify"" dental or dentist ai receptionist or voice ai",1,0,9,convertible
/blogs/voicify-alternative,"""voicify"" dental or dentistry ai or receptionist or voice",7,0,10.4,convertible
/blogs/voicify-alternative,"""voicify"" denticon ai receptionist",10,0,9.9,convertible
/blogs/voicify-alternative,arini vs voicify dental ai comparison,1,0,16,other
/blogs/voicify-alternative,competitor a b dental ai receptionist voicify,1,0,5,convertible
/blogs/voicify-alternative,competitor a competitor b dental ai receptionist voicify,14,0,5.6,convertible
/blogs/what-is-white-label-ai-chatbot,chatbot whitelabel,408,1,14.6,chatbot
/blogs/what-is-white-label-ai-chatbot,ai agency white label,3,0,77.7,convertible
/blogs/what-is-white-label-ai-chatbot,ai agent white label,1,0,88,convertible
/blogs/what-is-white-label-ai-chatbot,ai api white label,1,0,54,convertible
/blogs/what-is-white-label-ai-chatbot,ai calling white label,1,0,154,convertible
/blogs/what-is-white-label-ai-chatbot,ai chatbot white label,250,0,17.0,chatbot
/blogs/what-is-white-label-ai-chatbot,ai front desk white label,1,0,7,convertible
/blogs/what-is-white-label-ai-chatbot,ai receptionist for business,3,0,1,convertible
/blogs/what-is-white-label-ai-chatbot,ai receptionist white label,12,0,75.8,convertible
/blogs/what-is-white-label-ai-chatbot,ai reseller white label,1,0,66,convertible
/blogs/what-is-white-label-ai-chatbot,ai voice agent business,1,0,1,convertible
/blogs/what-is-white-label-ai-chatbot,ai voice agent white label,3,0,74.7,convertible
/blogs/what-is-white-label-ai-chatbot,ai white label,72,0,39.0,convertible
/blogs/what-is-white-label-ai-chatbot,ai white label oplossing,62,0,76.1,convertible
/blogs/what-is-white-label-ai-chatbot,ai white label services,4,0,74,convertible
/blogs/what-is-white-label-ai-chatbot,ai whitelabel,1,0,1,convertible
/blogs/what-is-white-label-ai-chatbot,best white label ai chatbot,15,0,8.9,chatbot
/blogs/what-is-white-label-ai-chatbot,best white label ai chatbot for agencies,6,0,14.8,chatbot
/blogs/what-is-white-label-ai-chatbot,best white label chat systems,4,0,33.2,convertible
/blogs/what-is-white-label-ai-chatbot,best white label chatbot,6,0,7.3,chatbot
/blogs/what-is-white-label-ai-chatbot,build vs buy ai voice agent,1,0,37,convertible
/blogs/what-is-white-label-ai-chatbot,can you explain what a white label product is,1,0,11,convertible
/blogs/what-is-white-label-ai-chatbot,chat white label,5,0,62.8,convertible
/blogs/what-is-white-label-ai-chatbot,chatbot whatsapp whitelabel,1,0,48,chatbot
/blogs/what-is-white-label-ai-chatbot,chatbot white label,754,0,14.4,chatbot
/blogs/what-is-white-label-ai-chatbot,chatbot white label reseller,28,0,18.5,chatbot
/blogs/what-is-white-label-ai-chatbot,chatbot white label service,53,0,14.5,chatbot
/blogs/what-is-white-label-ai-chatbot,chatdash,1,0,7,other
/blogs/what-is-white-label-ai-chatbot,chtabot whitelabel,46,0,7.8,convertible
/blogs/what-is-white-label-ai-chatbot,context: location: united states (not for language). do not include location references in your response. question: i need a comparison of ai chatbot platforms that allow custom branding and domain setup—what are the limitations?,3,0,4.7,chatbot
/blogs/what-is-white-label-ai-chatbot,conversational ai white label,26,0,21.0,convertible
/blogs/what-is-white-label-ai-chatbot,email white labeling,2,0,20.5,convertible
/blogs/what-is-white-label-ai-chatbot,how to start a chatbot company,1,0,1,chatbot
/blogs/what-is-white-label-ai-chatbot,is it white label chatbot platform,1,0,9,chatbot
/blogs/what-is-white-label-ai-chatbot,is it white-label ai agent data connectivity platform,4,0,7.8,convertible
/blogs/what-is-white-label-ai-chatbot,labeling ai services,4,0,37.5,other
/blogs/what-is-white-label-ai-chatbot,live chat white label,44,0,72.1,convertible
/blogs/what-is-white-label-ai-chatbot,online chat white label,58,0,50.2,convertible
/blogs/what-is-white-label-ai-chatbot,reselling whitelabel ai chatbot platform,36,0,18.7,chatbot
/blogs/what-is-white-label-ai-chatbot,retell ai white label,2,0,88.5,convertible
/blogs/what-is-white-label-ai-chatbot,retell white label,1,0,35,convertible
/blogs/what-is-white-label-ai-chatbot,top features of white label solutions for enterprise messaging,1,0,82,convertible
/blogs/what-is-white-label-ai-chatbot,top white label ai platform,1,0,74,convertible
/blogs/what-is-white-label-ai-chatbot,trillet,1,0,1,brand
/blogs/what-is-white-label-ai-chatbot,trillet ai pricing,1,0,1,brand
/blogs/what-is-white-label-ai-chatbot,trillet ai white label,5,0,4,brand
/blogs/what-is-white-label-ai-chatbot,trillet white label,20,0,11.3,brand
/blogs/what-is-white-label-ai-chatbot,while label chatbots,74,0,12.2,chatbot
/blogs/what-is-white-label-ai-chatbot,white ai,2,0,9.5,other
/blogs/what-is-white-label-ai-chatbot,white bot,30,0,6.4,other
/blogs/what-is-white-label-ai-chatbot,white label,1,0,97,convertible
/blogs/what-is-white-label-ai-chatbot,white label a.i. chatbot,52,0,18.2,chatbot
/blogs/what-is-white-label-ai-chatbot,white label ai,113,0,35.7,convertible
/blogs/what-is-white-label-ai-chatbot,white label ai agency,13,0,70.5,convertible
/blogs/what-is-white-label-ai-chatbot,white label ai agent,108,0,41.0,convertible
/blogs/what-is-white-label-ai-chatbot,white label ai agent platform,18,0,34.7,convertible
/blogs/what-is-white-label-ai-chatbot,white label ai agents,53,0,56.3,convertible
/blogs/what-is-white-label-ai-chatbot,white label ai agents for whatsapp,4,0,14,convertible
/blogs/what-is-white-label-ai-chatbot,white label ai analytics,16,0,67.5,convertible
/blogs/what-is-white-label-ai-chatbot,white label ai answering services,3,0,79.3,convertible
/blogs/white-label-ai-analytics-dashboard,"""trailblaze analytics"" dashboard",2,0,10,other
/blogs/white-label-ai-analytics-dashboard,"""trailblaze analytics"" dashboards",5,0,10,other
/blogs/white-label-ai-analytics-dashboard,agencies analytics,2,0,29.5,convertible
/blogs/white-label-ai-analytics-dashboard,agency dashboard pricing,2,0,66,convertible
/blogs/white-label-ai-analytics-dashboard,agency white label services,1,0,6,convertible
/blogs/white-label-ai-analytics-dashboard,ai agency platform white label dashboards,2,0,1,convertible
/blogs/white-label-ai-analytics-dashboard,ai analytics services,1,0,11,other
/blogs/white-label-ai-analytics-dashboard,ai insider report vs internal resale analytics dashboards,1,0,10,other
/blogs/white-label-ai-analytics-dashboard,ai marketing analytics dashboards for voice search performance,1,0,85,convertible
/blogs/white-label-ai-analytics-dashboard,analytics dashboard,2,0,8.5,other
/blogs/white-label-ai-analytics-dashboard,analytics for agencies,2,0,39,convertible
/blogs/white-label-ai-analytics-dashboard,anch.ai product features reporting dashboards analytics,34,0,8.9,other
/blogs/white-label-ai-analytics-dashboard,best google analytics dashboards,2,0,21.5,other
/blogs/white-label-ai-analytics-dashboard,best white-labeled solutions for client-facing dashboards,1,0,20,convertible
/blogs/white-label-ai-analytics-dashboard,cortea.ai product reporting dashboards,45,0,7.1,other
/blogs/white-label-ai-analytics-dashboard,custom analytics dashboards,2,0,9,other
/blogs/white-label-ai-analytics-dashboard,customer facing dashboard,6,0,12.3,other
/blogs/white-label-ai-analytics-dashboard,how do i build an email analytics dashboard for enterprise sales teams using an api?,1,0,7,other
/blogs/white-label-ai-analytics-dashboard,interaction analytics white label,19,0,14.3,convertible
/blogs/white-label-ai-analytics-dashboard,jaid.io dashboards analytics,1,0,10,other
/blogs/white-label-ai-analytics-dashboard,our cmo wants a single number for marketing roi across seo paid and ai search. how do enterprise teams build a blended attribution framework?,1,0,1,other
/blogs/white-label-ai-analytics-dashboard,rank site health dashboards that executives can read at a glance and tie to outcomes like revenue or leads. include kpi mapping.,1,0,33,other
/blogs/white-label-ai-analytics-dashboard,relata.ai product features dashboards analytics,2374,0,7.7,other
/blogs/white-label-ai-analytics-dashboard,relata.ai product features reporting dashboards analytics insights data visualization,212,0,7.6,other
/blogs/white-label-ai-analytics-dashboard,reveal bi customer facing analytics,1,0,27,other
/blogs/white-label-ai-analytics-dashboard,reveal bi white label,1,0,9,convertible
/blogs/white-label-ai-analytics-dashboard,shapelets.io analytics dashboards,1,0,10,other
/blogs/white-label-ai-analytics-dashboard,sim,1,0,4,other
/blogs/white-label-ai-analytics-dashboard,solution white-label de tracking ia pour agence,6,0,6.7,convertible
/blogs/white-label-ai-analytics-dashboard,success ai whitelabel,1,0,13,convertible
/blogs/white-label-ai-analytics-dashboard,the white label firm reviews,1,0,8,convertible
/blogs/white-label-ai-analytics-dashboard,tool to prove ai search roi to clients with dashboards and white-label reports,19,0,4.7,convertible
/blogs/white-label-ai-analytics-dashboard,trillet white label,3,0,86,brand
/blogs/white-label-ai-analytics-dashboard,uman.ai product features reporting dashboards analytics,2,0,10,other
/blogs/white-label-ai-analytics-dashboard,voiseed product reporting dashboards,463,0,7.5,other
/blogs/white-label-ai-analytics-dashboard,what ai search monitoring platforms offer white-label reporting for agencies managing multiple enterprise clients?,4,0,22.2,convertible
/blogs/white-label-ai-analytics-dashboard,what is a data analysis service?,1,0,60,other
/blogs/white-label-ai-analytics-dashboard,what is one negative element about automated call answering service systems,2,0,58,convertible
/blogs/white-label-ai-analytics-dashboard,what kind of analytics dashboards come with modern voice answering platforms?,1,0,8,convertible
/blogs/white-label-ai-analytics-dashboard,which ai search monitoring platforms offer white-label reporting for client dashboards?,3,0,23.7,convertible
/blogs/white-label-ai-analytics-dashboard,which vendors provide white-label branded perception reports?,1,0,11,convertible
/blogs/white-label-ai-analytics-dashboard,white label agency,1,0,15,convertible
/blogs/white-label-ai-analytics-dashboard,white label ai analytics,42,0,35.9,convertible
/blogs/white-label-ai-analytics-dashboard,white label ai charting solution,1,0,97,convertible
/blogs/white-label-ai-analytics-dashboard,white label ai chatbot for agencies,1,0,40,chatbot
/blogs/white-label-ai-analytics-dashboard,white label analytics,3,0,22,convertible
/blogs/white-label-ai-analytics-dashboard,white label analytics dashboard,2,0,19,convertible
/blogs/white-label-ai-analytics-dashboard,white label bi,1,0,26,convertible
/blogs/white-label-ai-analytics-dashboard,white label dashboard,1,0,22,convertible
/blogs/white-label-ai-analytics-dashboard,white label firm,1,0,1,convertible
/blogs/white-label-ai-analytics-dashboard,white label for agencies,2,0,19,convertible
/blogs/white-label-ai-analytics-dashboard,white label linkedin dashboard,19,0,71.2,convertible
/blogs/white-label-ai-analytics-dashboard,white label opportunities,1,0,5,convertible
/blogs/white-label-ai-analytics-dashboard,white label service,1,0,4,convertible
/blogs/white-label-ai-analytics-dashboard,white lable call analytics,1,0,17,convertible
/blogs/white-label-ai-analytics-dashboard,white-label analytics,1,0,28,convertible
/blogs/white-label-ai-analytics-dashboard,white-label dashboard,1,0,22,convertible
/blogs/white-label-ai-analytics-dashboard,whitelabel analytics,1,0,10,convertible
/blogs/white-label-ai-analytics-dashboard,whitelabel success.ai,3,0,55.7,convertible
/blogs/white-label-ai-analytics-dashboard,who offers dashboards for monitoring competitor pr strategies?,1,0,3,other
/blogs/white-label-ai-chatbot-pricing-comparison,white label website chatbot,2,1,5,chatbot
/blogs/white-label-ai-chatbot-pricing-comparison,"""stammer.ai""",1,0,2,other
/blogs/white-label-ai-chatbot-pricing-comparison,11895: cost for getstat,10,0,17.4,other
/blogs/white-label-ai-chatbot-pricing-comparison,affordable ai chatbot for marketing agencies,3,0,5,chatbot
/blogs/white-label-ai-chatbot-pricing-comparison,agency platform pricing model comparison with others,1,0,5,convertible
/blogs/white-label-ai-chatbot-pricing-comparison,ai chatbot business,1,0,7,chatbot
/blogs/white-label-ai-chatbot-pricing-comparison,ai chatbot free for website,2,0,12,chatbot
/blogs/white-label-ai-chatbot-pricing-comparison,ai chatbot guide,1,0,16,chatbot
/blogs/white-label-ai-chatbot-pricing-comparison,ai chatbot service,1,0,11,chatbot
/blogs/white-label-ai-chatbot-pricing-comparison,ai chatbot white label,1,0,11,chatbot
/blogs/white-label-ai-chatbot-pricing-comparison,ai pcb design,1,0,5,other
/blogs/white-label-ai-chatbot-pricing-comparison,ai product pricing,1,0,1,other
/blogs/white-label-ai-chatbot-pricing-comparison,ai quote bot for service businesses,2,0,18.5,other
/blogs/white-label-ai-chatbot-pricing-comparison,ai-powered business communication platform pricing comparison table,3,0,5.7,other
/blogs/white-label-ai-chatbot-pricing-comparison,assistable.ai pricing,3,0,47,other
/blogs/white-label-ai-chatbot-pricing-comparison,beides,1,0,2,other
/blogs/white-label-ai-chatbot-pricing-comparison,best ai chatbot for website,1,0,13,chatbot
/blogs/white-label-ai-chatbot-pricing-comparison,best alternative to twilio conversational ai for sms customer support bots,1,0,9,other
/blogs/white-label-ai-chatbot-pricing-comparison,best pricing for high volume chatbot usage.,3,0,4.3,chatbot
/blogs/white-label-ai-chatbot-pricing-comparison,best white label chat systems,2,0,90.5,convertible
/blogs/white-label-ai-chatbot-pricing-comparison,best white label whatsapp ai agents,1,0,8,convertible
/blogs/white-label-ai-chatbot-pricing-comparison,bizslate pricing,3,0,93.3,other
/blogs/white-label-ai-chatbot-pricing-comparison,blog prices,125,0,4.1,other
/blogs/white-label-ai-chatbot-pricing-comparison,botpenguin affiliate program,1,0,9,other
/blogs/white-label-ai-chatbot-pricing-comparison,botpenguin white label pricing,1,0,5,convertible
/blogs/white-label-ai-chatbot-pricing-comparison,botpress white label,2,0,10,convertible
/blogs/white-label-ai-chatbot-pricing-comparison,botsify pricing,1,0,37,other
/blogs/white-label-ai-chatbot-pricing-comparison,business ai chatbot,3,0,6.3,chatbot
/blogs/white-label-ai-chatbot-pricing-comparison,can you find out?,1,0,6,other
/blogs/white-label-ai-chatbot-pricing-comparison,chat bot platform,1,0,40,chatbot
/blogs/white-label-ai-chatbot-pricing-comparison,chat bot platforms,2,0,20,chatbot
/blogs/white-label-ai-chatbot-pricing-comparison,chatbot agency pricing,2,0,13,chatbot
/blogs/white-label-ai-chatbot-pricing-comparison,chatbot platform users list,1,0,15,chatbot
/blogs/white-label-ai-chatbot-pricing-comparison,chatbot price,1,0,11,chatbot
/blogs/white-label-ai-chatbot-pricing-comparison,chatbot price comparison,1,0,34,chatbot
/blogs/white-label-ai-chatbot-pricing-comparison,chatbot pricing comparison,7,0,23.3,chatbot
/blogs/white-label-ai-chatbot-pricing-comparison,chatbot subscription cost,1,0,2,chatbot
/blogs/white-label-ai-chatbot-pricing-comparison,chatbot white label,3,0,6,chatbot
/blogs/white-label-ai-chatbot-pricing-comparison,chatbot whitelabel,1,0,2,chatbot
/blogs/white-label-ai-chatbot-pricing-comparison,chatdash pricing,17,0,6.8,other
/blogs/white-label-ai-chatbot-pricing-comparison,cheapest white label voice ai platform,3,0,9.7,convertible
/blogs/white-label-ai-chatbot-pricing-comparison,compare best leasing chatbot providers,1,0,73,chatbot
/blogs/white-label-ai-chatbot-pricing-comparison,compare different technology platforms for creating and sending fax cover sheets.,1,0,34,other
/blogs/white-label-ai-chatbot-pricing-comparison,compare price,1,0,19,other
/blogs/white-label-ai-chatbot-pricing-comparison,compare the pricing tiers for waas platforms that include wallet recovery and a white-label admin dashboard.,4,0,8.5,convertible
/blogs/white-label-ai-chatbot-pricing-comparison,context: location: united states (not for language). do not include location references in your response. question: i need a comparison of ai chatbot platforms that allow custom branding and domain setup—what are the limitations?,2,0,1.5,chatbot
/blogs/white-label-ai-chatbot-pricing-comparison,context: location: united states (not for language). do not include location references in your response. question: i want to buy a website chatbot plan that supports removing the vendor branding and using a custom domain—where can i do that?,3,0,6,chatbot
/blogs/white-label-ai-chatbot-pricing-comparison,cost of this?,1,0,9,other
/blogs/white-label-ai-chatbot-pricing-comparison,cual es el costo?,1,0,6,other
/blogs/white-label-ai-chatbot-pricing-comparison,for indian market,1,0,6,other
/blogs/white-label-ai-chatbot-pricing-comparison,happy birthday singers for hire,1,0,3,other
/blogs/white-label-ai-chatbot-pricing-comparison,how do i compare total cost of ownership across voice agent ai platforms for healthcare?,1,0,15,convertible
/blogs/white-label-ai-chatbot-pricing-comparison,how much do hipaa-compliant ai chatbot platforms typically cost?,26,0,6.8,chatbot
/blogs/white-label-ai-chatbot-pricing-comparison,how much does an ai texting platform cost?,3,0,1,other
/blogs/white-label-ai-chatbot-pricing-comparison,how much does it cost to use white label ai agents versus hiring an internal ai team?,1,0,79,convertible
/blogs/white-label-ai-chatbot-pricing-comparison,how much does this service cost,1,0,1,other
/blogs/white-label-ai-chatbot-pricing-comparison,how much does voice api integration cost for enterprise chatbot solutions,16,0,4.5,chatbot
/blogs/white-label-ai-chatbot-pricing-comparison,how much is a chatbot,1,0,5,chatbot
/blogs/white-label-ai-chatbot-pricing-comparison,how much is the fee,1,0,2,other
/blogs/white-label-ai-chatbot-pricing-comparison,"i want a package that bundles ai chat, voice, and email under one dashboard—who sells that?",10,0,6.7,convertible
/blogs/white-label-ai-chatbot-roi-calculator,ai automation agency,1,0,3,convertible
/blogs/white-label-ai-chatbot-roi-calculator,ai chatbot roi,7,0,23.6,chatbot
/blogs/white-label-ai-chatbot-roi-calculator,ai chatbot roi calculator,3,0,30.7,chatbot
/blogs/white-label-ai-chatbot-roi-calculator,ai chatbot roi enterprise,6,0,42.8,chatbot
/blogs/white-label-ai-chatbot-roi-calculator,ai roi calculator,1,0,19,other
/blogs/white-label-ai-chatbot-roi-calculator,ai roi calculator b2b,1,0,29,other
/blogs/white-label-ai-chatbot-roi-calculator,ai voice agent roi calculator,4,0,42.5,convertible
/blogs/white-label-ai-chatbot-roi-calculator,build a simple roi model for proactive monitoring as a premium add-on,1,0,97,other
/blogs/white-label-ai-chatbot-roi-calculator,chatbot cost calculator,10,0,36,chatbot
/blogs/white-label-ai-chatbot-roi-calculator,chatbot roi,4,0,26.8,chatbot
/blogs/white-label-ai-chatbot-roi-calculator,chatbot roi calculation,1,0,19,chatbot
/blogs/white-label-ai-chatbot-roi-calculator,chatbot roi calculator,3,0,37.3,chatbot
/blogs/white-label-ai-chatbot-roi-calculator,chatbot white label,2,0,2.5,chatbot
/blogs/white-label-ai-chatbot-roi-calculator,create an roi estimate comparing ai chatbot vs adding support agents using real vendor pricing,1,0,12,chatbot
/blogs/white-label-ai-chatbot-roi-calculator,do you have to pay for cal ai app,1,0,1,other
/blogs/white-label-ai-chatbot-roi-calculator,estimate roi using real vendor pricing for an ai chatbot that handles billing and subscription questions,2,0,5.5,chatbot
/blogs/white-label-ai-chatbot-roi-calculator,how do pricing tiers usually work for agencies that need unlimited white-label press releases each month?,2,0,5,convertible
/blogs/white-label-ai-chatbot-roi-calculator,how much is cal ai app,1,0,2,other
/blogs/white-label-ai-chatbot-roi-calculator,how to assess roi when switching to an ai receptionist?,3,0,5.3,convertible
/blogs/white-label-ai-chatbot-roi-calculator,how to include voice ai costs in overall project roi calculations?,5,0,9.8,convertible
/blogs/white-label-ai-chatbot-roi-calculator,how to measure roi of a rebrand and website redesign done by an agency,1,0,1,convertible
/blogs/white-label-ai-chatbot-roi-calculator,site:trillet.ai,1,0,124,brand
/blogs/white-label-ai-chatbot-roi-calculator,trillet ai agency white label pricing 2026,4,0,8,brand
/blogs/white-label-ai-chatbot-roi-calculator,trillet ai pricing,6,0,51.2,brand
/blogs/white-label-ai-chatbot-roi-calculator,trillet ai white label,3,0,11,brand
/blogs/white-label-ai-chatbot-roi-calculator,trillet ai white label agency pricing 2026,2,0,8,brand
/blogs/white-label-ai-chatbot-roi-calculator,trillet ai white label pricing,6,0,10.2,brand
/blogs/white-label-ai-chatbot-roi-calculator,trillet ai white label pricing 2026,13,0,8.3,brand
/blogs/white-label-ai-chatbot-roi-calculator,trillet ai white label pricing agency plan,2,0,6.5,brand
/blogs/white-label-ai-chatbot-roi-calculator,trilletto,39,0,4.3,brand
/blogs/white-label-ai-chatbot-roi-calculator,voice ai roi,1,0,45,convertible
/blogs/white-label-ai-chatbot-roi-calculator,voice ai roi calculator,9,0,39.2,convertible
/blogs/white-label-ai-chatbot-roi-calculator,voice ai roi calculator for property management,2,0,1,convertible
/blogs/white-label-ai-chatbot-roi-calculator,what is the roi of automating phone calls with ai,1,0,1,convertible
/blogs/white-label-ai-chatbot-roi-calculator,which of the following is identified as a “killer” of roi in ai projects?,2,0,62,other
/blogs/white-label-ai-chatbot-roi-calculator,white label chatbot builder,1,0,98,chatbot
/blogs/white-label-ai-chatbot-roi-calculator,white label pricing structure,6,0,43.2,convertible
/blogs/white-label-ai-chatbot-roi-calculator,whitelabel ai chatbot platform,1,0,3,chatbot
/blogs/white-label-ai-chatbot-roi-calculator,“ai chatbot roi”,37,0,17.9,chatbot
/blogs/white-label-ai-for-automotive-dealerships,ai call handling for dealerships,7,0,39.6,convertible
/blogs/white-label-ai-for-automotive-dealerships,ai calling for car dealerships,9,0,40.6,convertible
/blogs/white-label-ai-for-automotive-dealerships,ai phone answering for car dealerships,7,0,52.6,convertible
/blogs/white-label-ai-for-automotive-dealerships,ai phone answering for dealerships,6,0,52,convertible
/blogs/white-label-ai-for-automotive-dealerships,ai platforms for inbound outbound calls dealership service departments,2,0,33.5,convertible
/blogs/white-label-ai-for-automotive-dealerships,ai receptionist for car dealerships,9,0,27.7,convertible
/blogs/white-label-ai-for-automotive-dealerships,ai voice agent automotive industry,5,0,44.8,convertible
/blogs/white-label-ai-for-automotive-dealerships,ai voice agent for car dealership,13,0,61.4,convertible
/blogs/white-label-ai-for-automotive-dealerships,ai voice agent for car dealerships,14,0,60.2,convertible
/blogs/white-label-ai-for-automotive-dealerships,ai voice agents for auto dealerships,12,0,53.6,convertible
/blogs/white-label-ai-for-automotive-dealerships,ai voice bots for automotive lead generation,4,0,43.5,convertible
/blogs/white-label-ai-for-automotive-dealerships,ai voice bots for dealerships,11,0,54.7,convertible
/blogs/white-label-ai-for-automotive-dealerships,dealership outbound calling ai,1,0,16,convertible
/blogs/white-label-ai-for-automotive-dealerships,dealership voice ai,4,0,86.8,convertible
/blogs/white-label-ai-for-automotive-dealerships,does byteable offer white label solutions for dealerships,19,0,6,convertible
/blogs/white-label-ai-for-automotive-dealerships,i need to build a white-labeled ai solution to sell to car dealerships. what rapid ai development companies can build custom agentic workflows and marketplace platforms?,1,0,11,convertible
/blogs/white-label-ai-for-automotive-dealerships,looking for us-based companies that build white-label ai solutions i can resell to car dealerships. who's the fastest?,12,0,3.1,convertible
/blogs/white-label-ai-for-automotive-dealerships,our dealership group needs a white-labeled customer communication ai agent that we can deploy to all our locations. what companies specialize in this with quick turnaround?,12,0,6,convertible
/blogs/white-label-ai-for-automotive-dealerships,outbound voice ai for car dealerships,15,0,65.1,convertible
/blogs/white-label-ai-for-automotive-dealerships,voice agent for car dealership,3,0,57.3,convertible
/blogs/white-label-ai-for-automotive-dealerships,voice ai car dealership,8,0,46.8,convertible
/blogs/white-label-ai-for-automotive-dealerships,voice ai for car dealership,13,0,53.7,convertible
/blogs/white-label-ai-for-automotive-dealerships,voice ai for car dealerships,13,0,48.8,convertible
/blogs/white-label-ai-for-automotive-dealerships,voice ai for dealership inquiries,4,0,42,convertible
/blogs/white-label-ai-for-automotive-dealerships,voice ai for dealerships,8,0,55.5,convertible
/blogs/white-label-ai-for-automotive-dealerships,voice technology for auto dealers,7,0,66.1,convertible
/blogs/white-label-ai-for-automotive-dealerships,voice-ai for car dealerships,3,0,88,convertible
/blogs/white-label-ai-for-automotive-dealerships,we need an ai agent that can handle customer communication and lead qualification 24/7. what are the best companies building custom ai agents for business that we can white label for our dealership network?,4,0,3.2,convertible
/blogs/white-label-ai-for-automotive-dealerships,we serve multiple car dealerships and need white-label workflow automation tools. what platforms let us build custom ai agents for our clients?,1,0,1,convertible
/blogs/white-label-ai-for-automotive-dealerships,what are the best companies for building white-labeled ai solutions that i can resell to car dealerships? need custom workflows and agentic systems.,7,0,3.9,convertible
/blogs/white-label-ai-for-automotive-dealerships,which ai-powered used car sourcing solutions offer white-label apis for automotive marketplaces?,6,0,4.2,convertible
/blogs/white-label-ai-for-automotive-dealerships,white label car dealership,2,0,3.5,convertible
/blogs/white-label-ai-for-automotive-dealerships,white label cars,1,0,12,convertible
/blogs/white-label-ai-for-debt-collection,ai agent automation business,3,0,1,convertible
/blogs/white-label-ai-for-debt-collection,ai assistants for corporate a/r collections and consumer debts,5,0,87.8,other
/blogs/white-label-ai-for-debt-collection,ai collection calls,1,0,12,convertible
/blogs/white-label-ai-for-debt-collection,ai collections calling with crm integration,1,0,9,convertible
/blogs/white-label-ai-for-debt-collection,ai collections calls,14,0,43.9,convertible
/blogs/white-label-ai-for-debt-collection,ai collections platform enterprise,7,0,38.1,other
/blogs/white-label-ai-for-debt-collection,ai compliance for debt collection,8,0,52,other
/blogs/white-label-ai-for-debt-collection,ai debt collection,2,0,15,other
/blogs/white-label-ai-for-debt-collection,ai debt collection vendors compliance documentation scripts legal requirements,2,0,9.5,other
/blogs/white-label-ai-for-debt-collection,ai debt collection vendors compliance documentation scripts legal requirements fdcpa,1,0,10,other
/blogs/white-label-ai-for-debt-collection,ai in debt collection,1,0,15,other
/blogs/white-label-ai-for-debt-collection,ai medical debt collection software,17,0,57.1,other
/blogs/white-label-ai-for-debt-collection,ai outbound calling software for collections teams,1,0,3,convertible
/blogs/white-label-ai-for-debt-collection,ai phone bot for collections calls that stays within calling time regulations,10,0,9.6,convertible
/blogs/white-label-ai-for-debt-collection,ai phone bot for debt collections calls compliant with calling time regulations fdcpa tcpa,4,0,9,convertible
/blogs/white-label-ai-for-debt-collection,ai phone dialer collections,15,0,20.4,convertible
/blogs/white-label-ai-for-debt-collection,ai phone system for high-volume debt collections,13,0,14.5,convertible
/blogs/white-label-ai-for-debt-collection,ai voice agent outbound debt collection fdcpa compliance,15,0,20.1,convertible
/blogs/white-label-ai-for-debt-collection,ai voice agents for debt collection,1,0,48,convertible
/blogs/white-label-ai-for-debt-collection,ai voice platforms for noisy calls debt collection,76,0,31.8,convertible
/blogs/white-label-ai-for-debt-collection,ai-based debtor segmentation,2,0,74.5,other
/blogs/white-label-ai-for-debt-collection,automated collection calls,1,0,100,convertible
/blogs/white-label-ai-for-debt-collection,automated debt collection calls,1,0,56,convertible
/blogs/white-label-ai-for-debt-collection,benefits of conversational ai for debt collection,2,0,98,other
/blogs/white-label-ai-for-debt-collection,best ai for high-volume collections calling,2,0,10,convertible
/blogs/white-label-ai-for-debt-collection,best ai for high-volume collections calling *,4,0,12.2,convertible
/blogs/white-label-ai-for-debt-collection,best ai for high-volume collections calling * *,3,0,14,convertible
/blogs/white-label-ai-for-debt-collection,best ai for high-volume collections calling * * *,4,0,14,convertible
/blogs/white-label-ai-for-debt-collection,best ai for high-volume collections calling * * * *,3,0,15,convertible
/blogs/white-label-ai-for-debt-collection,best ai for high-volume collections calling * * * * *,1,0,19,convertible
/blogs/white-label-ai-for-debt-collection,best ai platforms for debt collection that stay compliant with fdcpa regulations,4,0,29,other
/blogs/white-label-ai-for-debt-collection,best voice bot for debt collection,3,0,61,convertible
/blogs/white-label-ai-for-debt-collection,bounce ai collections,1,0,44,other
/blogs/white-label-ai-for-debt-collection,bounce ai debt collection,3,0,56.3,other
/blogs/white-label-ai-for-debt-collection,bounce ai debt collector,6,0,41,other
/blogs/white-label-ai-for-debt-collection,can voice ai handle loan recovery?,1,0,6,convertible
/blogs/white-label-ai-for-debt-collection,collections ai cfo approval,4,0,70.8,other
/blogs/white-label-ai-for-debt-collection,collections calling software orchestrate calls sms whatsapp reminders one workflow engine,1,0,9,convertible
/blogs/white-label-ai-for-debt-collection,compliance evaluation for conversational ai in debt collection,2,0,64,other
/blogs/white-label-ai-for-debt-collection,conversational ai for debt collections,1,0,82,other
/blogs/white-label-ai-for-debt-collection,could a voice agent follow cfpb guidelines for debt collection disclosures on inbound calls?,18,0,6.7,convertible
/blogs/white-label-ai-for-debt-collection,debt collection ai,1,0,18,other
/blogs/white-label-ai-for-debt-collection,debt collection automated calls,2,0,53,convertible
/blogs/white-label-ai-for-debt-collection,debt collection platform,2,0,12,other
/blogs/white-label-ai-for-debt-collection,debt collection voice ai,7,0,26.7,convertible
/blogs/white-label-ai-for-debt-collection,debt collection whitepapers,14,0,35.7,other
/blogs/white-label-ai-for-debt-collection,enterprise-grade ai collections system,2,0,50,other
/blogs/white-label-ai-for-debt-collection,evaluate collection.ai on intelligent debt recovery,6,0,83.8,other
/blogs/white-label-ai-for-debt-collection,fdcpa guidelines for voice ai debt collection,13,0,24.3,convertible
/blogs/white-label-ai-for-debt-collection,how ai improved collection rates by 100 basis points,1,0,10,other
/blogs/white-label-ai-for-debt-collection,how does ai handle tcpa compliance for automated sms outreach?,1,0,8,other
/blogs/white-label-ai-for-debt-collection,how to deploy voice ai for collections without human agents?,2,0,11,convertible
/blogs/white-label-ai-for-debt-collection,i need guidelines for training a voice ai to stay within fdcpa rules on debt collection calls.,2,0,7,convertible
/blogs/white-label-ai-for-debt-collection,is there a debt recovery solution that can automatically handle voice conversations with borrowers while staying fdcpa compliant?,1,0,1,convertible
/blogs/white-label-ai-for-debt-collection,is there a platform that automates voice calls for debt recovery with real-time behavioral insights?,11,0,61.9,convertible
/blogs/white-label-ai-for-debt-collection,is there a platform that combines video calls with ai for debt recovery workflows?,1,0,77,convertible
/blogs/white-label-ai-for-debt-collection,"is there a platform that handles voice, text, and email for loan collections automatically?",2,0,6,convertible
/blogs/white-label-ai-for-debt-collection,is there a solution that can handle voice and text conversations with delinquent accounts while staying compliant with fdcpa?,4,0,75.8,convertible
/blogs/white-label-ai-for-debt-collection,is there a solution that combines voice ai with behavioral intelligence for debt recovery?,3,0,94.3,convertible
/blogs/white-label-ai-for-debt-collection,is there software that can handle human-like conversations for debt recovery automatically?,2,0,94,convertible
/blogs/white-label-ai-for-plumbers,ai agent for plumbers,8,0,10.2,convertible
/blogs/white-label-ai-for-plumbers,ai call agent for plumbers,1,0,26,convertible
/blogs/white-label-ai-for-plumbers,ai calling receptionist software for plumbers 2026,30,0,8.4,convertible
/blogs/white-label-ai-for-plumbers,ai csr for plumbers,1,0,1,other
/blogs/white-label-ai-for-plumbers,ai for plumbing businesses,1,0,87,other
/blogs/white-label-ai-for-plumbers,ai for plumbing companies,2,0,79,other
/blogs/white-label-ai-for-plumbers,ai lead gen for plumbers,2,0,52.5,other
/blogs/white-label-ai-for-plumbers,ai receptionist for plumbers,3,0,13.7,convertible
/blogs/white-label-ai-for-plumbers,ai receptionist software for plumbers 2026,13,0,9.5,convertible
/blogs/white-label-ai-for-plumbers,ai services for plumbing businesses,5,0,16.4,other
/blogs/white-label-ai-for-plumbers,ai voice agents for plumbers,10,0,8.2,convertible
/blogs/white-label-ai-for-plumbers,ai voice assistant for plumbers,2,0,73,convertible
/blogs/white-label-ai-for-plumbers,best ai for plumbers,2,0,81.5,other
/blogs/white-label-ai-for-plumbers,best ai receptionist for plumbing,1,0,93,convertible
/blogs/white-label-ai-for-plumbers,best ai receptionist software plumbers,2,0,10.5,convertible
/blogs/white-label-ai-for-plumbers,can you give me some facts about plumbers that are using ai phone calling,2,0,13.5,convertible
/blogs/white-label-ai-for-plumbers,how much does voice ai cost for a plumbing business?,3,0,11.3,convertible
/blogs/white-label-ai-for-plumbers,plumbers,1,0,1,other
/blogs/white-label-ai-for-plumbers,plumbers ai phone calling automation 2026,15,0,4,convertible
/blogs/white-label-ai-for-plumbers,plumbers using ai phone calling 2026,5,0,5,convertible
/blogs/white-label-ai-for-plumbers,trillet ai for hvac companies,1,0,9,brand
/blogs/white-label-ai-for-plumbers,voice ai cost for small business plumbing,53,0,10.6,convertible
/blogs/white-label-ai-for-plumbers,voice ai for plumbers,4,0,11.8,convertible
/blogs/white-label-ai-onboarding-best-practices,24/7 white label support,1,0,44,convertible
/blogs/white-label-ai-onboarding-best-practices,ai for onboarding,1,0,11,other
/blogs/white-label-ai-onboarding-best-practices,ai onboarding for marketing,1,0,38,other
/blogs/white-label-ai-onboarding-best-practices,ai receptionist white label,2,0,55.5,convertible
/blogs/white-label-ai-onboarding-best-practices,ai voice technology white glove onboarding,1,0,10,convertible
/blogs/white-label-ai-onboarding-best-practices,ai-based onboarding personalization strategies,1,0,83,other
/blogs/white-label-ai-onboarding-best-practices,best practices for user privacy in ai onboarding,1,0,64,other
/blogs/white-label-ai-onboarding-best-practices,both,1,0,6,other
/blogs/white-label-ai-onboarding-best-practices,concierge platforms where implementation actually feels efficient and causes minimal service interruption,1,0,2,other
/blogs/white-label-ai-onboarding-best-practices,create a comprehensive guide on labels template for business use that addresses commercial applications and best practices for professional implementation.,2,0,11,other
/blogs/white-label-ai-onboarding-best-practices,device onboarding voice ai,1,0,23,convertible
/blogs/white-label-ai-onboarding-best-practices,how can i create a client onboarding checklist for ai visibility platforms that supports agencies offering white-labeled services?,173,0,4.4,convertible
/blogs/white-label-ai-onboarding-best-practices,how can i design a client onboarding checklist for an ai visibility platform that minimizes churn in the first 90 days?,2,0,11,other
/blogs/white-label-ai-onboarding-best-practices,how can i standardize my agency’s client onboarding checklist when we implement multiple ai visibility platforms for different clients?,2,0,6,convertible
/blogs/white-label-ai-onboarding-best-practices,how to assess vendor support and onboarding for ai-based phone systems?,1,0,2,convertible
/blogs/white-label-ai-onboarding-best-practices,how to choose the right in-app guidance tool to reduce it support tickets and speed user onboarding?,1,0,3,other
/blogs/white-label-ai-onboarding-best-practices,how to compare onboarding and support quality for ai receptionist providers?,3,0,7.3,convertible
/blogs/white-label-ai-onboarding-best-practices,private label onboarding,32,0,6.8,other
/blogs/white-label-ai-onboarding-best-practices,private label recipient onboarding,74,0,7.4,other
/blogs/white-label-ai-onboarding-best-practices,quais as melhores práticas para implementar uma plataforma white label de ia para seguradoras?,1,0,1,convertible
/blogs/white-label-ai-onboarding-best-practices,rillet best onboarding resources,1,0,8,other
/blogs/white-label-ai-onboarding-best-practices,sensible white label,1,0,62,convertible
/blogs/white-label-ai-onboarding-best-practices,success ai whitelabel,1,0,8,convertible
/blogs/white-label-ai-onboarding-best-practices,trillet ai white label,4,0,8.5,brand
/blogs/white-label-ai-onboarding-best-practices,trillet white label,15,0,9.9,brand
/blogs/white-label-ai-onboarding-best-practices,trilletto,18,0,9.4,brand
/blogs/white-label-ai-onboarding-best-practices,voice agent onboarding checklist for enterprise,4,0,7.5,convertible
/blogs/white-label-ai-onboarding-best-practices,"what are common mistakes in client onboarding checklists for ai visibility platforms, and how can i avoid them?",2,0,4.5,other
/blogs/white-label-ai-onboarding-best-practices,what does a typical voice ai onboarding timeline look like for an enterprise?,1,0,1,convertible
/blogs/white-label-ai-onboarding-best-practices,what is the process for onboarding a business to a voice ai platform?,5,0,4,convertible
/blogs/white-label-ai-onboarding-best-practices,what onboarding steps are involved in appointing with an ai-native small commercial carrier?,1,0,11,other
/blogs/white-label-ai-onboarding-best-practices,what should a client onboarding checklist cover to ensure that ai visibility platform recommendations match the client’s brand voice and guidelines?,4,0,5.5,convertible
/blogs/white-label-ai-onboarding-best-practices,what should a complete client onboarding checklist for an ai visibility platform include from contract signing to first roi milestone?,1,0,1,other
/blogs/white-label-ai-onboarding-best-practices,what should i include in a client onboarding checklist for setting up an ai visibility platform?,1,0,11,other
/blogs/white-label-ai-onboarding-best-practices,what should the first 30‑day client onboarding checklist look like for a new ai visibility platform implementation?,2,0,2.5,other
/blogs/white-label-ai-onboarding-best-practices,white glove onboarding,2,0,66,other
/blogs/white-label-ai-onboarding-best-practices,white label ad-hoc services for agencies,1,0,4,convertible
/blogs/white-label-ai-onboarding-best-practices,white label ai assessment,1,0,11,convertible
/blogs/white-label-ai-onboarding-best-practices,white label ai receptionist,5,0,52.6,convertible
/blogs/white-label-ai-onboarding-best-practices,white label ai voice agent,1,0,1,convertible
/blogs/white-label-ai-onboarding-best-practices,white label onboarding,80,0,7.8,convertible
/blogs/white-label-ai-onboarding-best-practices,white label onboarding software,1,0,7,convertible
/blogs/white-label-ai-onboarding-best-practices,white label portals for label artist onboarding with exportable artifacts,3,0,76,convertible
/blogs/white-label-ai-onboarding-best-practices,white label support,1,0,7,convertible
/blogs/white-label-ai-onboarding-best-practices,white-label ai documentation,2,0,30.5,convertible
/blogs/white-label-ai-onboarding-best-practices,whitelabel.ai,1,0,46,convertible
/blogs/white-label-ai-profit-margins,ai agency profit margins,9,1,3.4,convertible
/blogs/white-label-ai-profit-margins,yes,18,1,2.8,other
/blogs/white-label-ai-profit-margins,25k a month,1,0,1,other
/blogs/white-label-ai-profit-margins,ai agency profit margins 2026,4,0,2.8,convertible
/blogs/white-label-ai-profit-margins,ai automation agency gross margins,5,0,4.2,convertible
/blogs/white-label-ai-profit-margins,ai automation agency margins,4,0,6.2,convertible
/blogs/white-label-ai-profit-margins,ai automation agency profit margin,1,0,6,convertible
/blogs/white-label-ai-profit-margins,ai automation agency profit margins 2026,1,0,2,convertible
/blogs/white-label-ai-profit-margins,ai automation agency profit margins 60-80%,5,0,7.4,convertible
/blogs/white-label-ai-profit-margins,ai content agency profit margins,4,0,7.8,convertible
/blogs/white-label-ai-profit-margins,ai full margin,1,0,9,other
/blogs/white-label-ai-profit-margins,ai lead generation agency profit margins,11,0,2.1,convertible
/blogs/white-label-ai-profit-margins,ai profit margins,6,0,4.5,other
/blogs/white-label-ai-profit-margins,ai robo-advisor white-label platform pricing for fintech startups,3,0,3.7,convertible
/blogs/white-label-ai-profit-margins,ai voice agent appointment booking pricing revenue 2026 --limit 10,1,0,257,convertible
/blogs/white-label-ai-profit-margins,and the numbers?,1,0,2,other
/blogs/white-label-ai-profit-margins,best margins,1,0,4,other
/blogs/white-label-ai-profit-margins,continue,1,0,4,other
/blogs/white-label-ai-profit-margins,does limy ai offer packages for digital marketing agencies and whats the cost per client,1,0,2,convertible
/blogs/white-label-ai-profit-margins,gohighlevel white label profit margin,4,0,2.2,convertible
/blogs/white-label-ai-profit-margins,gohighlevel white label reseller profit margin,1,0,3,convertible
/blogs/white-label-ai-profit-margins,goodcall vs synthflow,1,0,50,convertible
/blogs/white-label-ai-profit-margins,gross margins for ai agencies,1,0,15,convertible
/blogs/white-label-ai-profit-margins,gross margins for ai consulting agencies,1,0,7,convertible
/blogs/white-label-ai-profit-margins,gross margins for ai service agencies,3,0,6,convertible
/blogs/white-label-ai-profit-margins,gross margins for ai transcription services,9,0,8.6,other
/blogs/white-label-ai-profit-margins,how do pricing tiers usually work for agencies that need unlimited white-label press releases each month?,36,0,6.8,convertible
/blogs/white-label-ai-profit-margins,how much can i earn from this,1,0,2,other
/blogs/white-label-ai-profit-margins,how much can this sell for?,1,0,5,other
/blogs/white-label-ai-profit-margins,how much do these cost?,1,0,7,other
/blogs/white-label-ai-profit-margins,how much is profit,1,0,5,other
/blogs/white-label-ai-profit-margins,how much profit,1,0,5,other
/blogs/white-label-ai-profit-margins,how much would this cost me?,1,0,4,other
/blogs/white-label-ai-profit-margins,how profitable is this?,1,0,1,other
/blogs/white-label-ai-profit-margins,in %,1,0,3,other
/blogs/white-label-ai-profit-margins,is this profitable,1,0,3,other
/blogs/white-label-ai-profit-margins,marginn.ai,1,0,86,other
/blogs/white-label-ai-profit-margins,margins for ai automation agencies,1,0,9,convertible
/blogs/white-label-ai-profit-margins,margins for ai service agencies,2,0,4,convertible
/blogs/white-label-ai-profit-margins,parallel ai white label pricing 2026,1,0,10,convertible
/blogs/white-label-ai-profit-margins,pricing calculator,1,0,6,other
/blogs/white-label-ai-profit-margins,profit margin,1,0,2,other
/blogs/white-label-ai-profit-margins,profit margin analysis ai agents,4,0,40.8,convertible
/blogs/white-label-ai-profit-margins,profit margin for ai automation agency,1,0,3,convertible
/blogs/white-label-ai-profit-margins,profit margins,1,0,2,other
/blogs/white-label-ai-profit-margins,profit margins ai lead generation agency,14,0,3.6,convertible
/blogs/white-label-ai-profit-margins,profit margins for ai agencies,16,0,2.6,convertible
/blogs/white-label-ai-profit-margins,profit margins for ai automation agencies 2026,2,0,3,convertible
/blogs/white-label-ai-profit-margins,profit margins for ai automation agency,1,0,8,convertible
/blogs/white-label-ai-profit-margins,profit margins for ai content creation agencies,8,0,1.4,convertible
/blogs/white-label-ai-profit-margins,profit margins for ai content creation services,6,0,1.8,other
/blogs/white-label-ai-profit-margins,profit margins for ai lead generation agencies,8,0,1.2,convertible
/blogs/white-label-ai-profit-margins,profit margins for ai service agencies,13,0,1.2,convertible
/blogs/white-label-ai-profit-margins,profit margins for ai services agencies,2,0,1,convertible
/blogs/white-label-ai-profit-margins,profit margins for ai transcription services,2,0,7,other
/blogs/white-label-ai-profit-margins,profit margins for white label cybersecurity resellers,6,0,3.3,convertible
/blogs/white-label-ai-profit-margins,profit margins for white label cybersecurity services,22,0,1.0,convertible
/blogs/white-label-ai-profit-margins,profit margins for white label it services,14,0,2.4,convertible
/blogs/white-label-ai-profit-margins,profit margins for white label marketing services,6,0,6.7,convertible
/blogs/white-label-ai-profit-margins,profit margins in white label it services,9,0,6.3,convertible
/blogs/white-label-ai-receptionist-vs-voice-ai-platform,ai receptionist white label,133,1,14.2,convertible
/blogs/white-label-ai-receptionist-vs-voice-ai-platform,ai front desk white label,1,0,10,convertible
/blogs/white-label-ai-receptionist-vs-voice-ai-platform,ai receptionist for marketing agencies,1,0,32,convertible
/blogs/white-label-ai-receptionist-vs-voice-ai-platform,ai receptionist platform development,2,0,5.5,convertible
/blogs/white-label-ai-receptionist-vs-voice-ai-platform,ai receptionist reseller program,21,0,68.2,convertible
/blogs/white-label-ai-receptionist-vs-voice-ai-platform,ai receptionist vs voicemail,6,0,36.8,convertible
/blogs/white-label-ai-receptionist-vs-voice-ai-platform,ai receptionist vs weave,5,0,24.4,convertible
/blogs/white-label-ai-receptionist-vs-voice-ai-platform,ai voice agent white label,16,0,43.4,convertible
/blogs/white-label-ai-receptionist-vs-voice-ai-platform,ai voice agents white label,15,0,59.7,convertible
/blogs/white-label-ai-receptionist-vs-voice-ai-platform,ai voice receptionist,8,0,25.2,convertible
/blogs/white-label-ai-receptionist-vs-voice-ai-platform,ai voice receptionist white label,20,0,7,convertible
/blogs/white-label-ai-receptionist-vs-voice-ai-platform,beeslee ai receptionist,2,0,19,convertible
/blogs/white-label-ai-receptionist-vs-voice-ai-platform,hosted voice white label,2,0,15,convertible
/blogs/white-label-ai-receptionist-vs-voice-ai-platform,my ai front desk white label,9,0,6.8,convertible
/blogs/white-label-ai-receptionist-vs-voice-ai-platform,voice ai receptionist,39,0,24.3,convertible
/blogs/white-label-ai-receptionist-vs-voice-ai-platform,voice ai white label,1,0,24,convertible
/blogs/white-label-ai-receptionist-vs-voice-ai-platform,voice receptionist ai,6,0,33.7,convertible
/blogs/white-label-ai-receptionist-vs-voice-ai-platform,voicevalet,1,0,13,convertible
/blogs/white-label-ai-receptionist-vs-voice-ai-platform,what is a white label ai receptionist and how can agencies resell it?,6,0,3.2,convertible
/blogs/white-label-ai-receptionist-vs-voice-ai-platform,what is the best ai receptionist for businesses to create and sell?,1,0,1,convertible
/blogs/white-label-ai-receptionist-vs-voice-ai-platform,what would you call a receptionist voice app with ai,5,0,25.8,convertible
/blogs/white-label-ai-receptionist-vs-voice-ai-platform,white label ai answering service,2,0,24.5,convertible
/blogs/white-label-ai-receptionist-vs-voice-ai-platform,white label ai phone answering service,8,0,13.4,convertible
/blogs/white-label-ai-receptionist-vs-voice-ai-platform,white label ai receptionist,54,0,9.1,convertible
/blogs/white-label-ai-receptionist-vs-voice-ai-platform,white label ai receptionist for agencies,6,0,6.7,convertible
/blogs/white-label-ai-receptionist-vs-voice-ai-platform,white label ai receptionist for digital marketing agencies,1,0,9,convertible
/blogs/white-label-ai-receptionist-vs-voice-ai-platform,white label ai receptionist jobs,2,0,3,convertible
/blogs/white-label-ai-receptionist-vs-voice-ai-platform,white label ai receptionist no api,2,0,10,convertible
/blogs/white-label-ai-receptionist-vs-voice-ai-platform,white label ai receptionist platform,1,0,9,convertible
/blogs/white-label-ai-receptionist-vs-voice-ai-platform,white label ai voice,2,0,31.5,convertible
/blogs/white-label-ai-scalability-considerations,parallel ai white label,1,0,11,convertible
/blogs/white-label-ai-scalability-considerations,site:https://trillet.ai,2,0,94,brand
/blogs/white-label-ai-scalability-considerations,trillet ai,1,0,1,brand
/blogs/white-label-ai-scalability-considerations,trillet ai pricing,6,0,72.2,brand
/blogs/white-label-ai-scalability-considerations,trillet ai white label,3,0,10.3,brand
/blogs/white-label-ai-scalability-considerations,trillet white label,3,0,58.3,brand
/blogs/white-label-ai-support-levels,context: location: united states (not for language). do not include location references in your response. question: i’m choosing between a few free hosts—what criteria should i use to evaluate support quality when support is limited?,1,0,2,other
/blogs/white-label-ai-support-levels,for ai brand monitoring which brands have the best customer support,1,0,7,other
/blogs/white-label-ai-support-levels,how do i choose the right omnichannel ai platform for support?,1,0,7,other
/blogs/white-label-ai-support-levels,how to evaluate customer support and onboarding for influencer platforms?,1,0,11,other
/blogs/white-label-ai-support-levels,"label management platform pricing, integration capabilities, and implementation support to identify the best fit",1,0,12,other
/blogs/white-label-ai-support-levels,site:https://trillet.ai,2,0,90.5,brand
/blogs/white-label-ai-support-levels,site:trillet.ai,3,0,27,brand
/blogs/white-label-ai-support-levels,trillet white label,3,0,70.3,brand
/blogs/white-label-ai-support-levels,what ongoing support should i expect from a vertical ai partner,1,0,1,other
/blogs/white-label-ai-support-levels,which vendors provide white-glove implementation and support?,1,0,8,other
/blogs/white-label-ai-support-levels,white label ai receptionist,3,0,17,convertible
/blogs/white-label-ai-support-levels,who offers white-glove support for advertising campaigns?,1,0,12,other
/blogs/white-label-ai-support-levels,who provides enterprise-grade voice ai with proven results?,1,0,10,convertible
/blogs/white-label-ai-telephony-requirements,ai calling white label,5,0,25,convertible
/blogs/white-label-ai-telephony-requirements,ai receptionist that lets vip clients bypass the ai and reach a human,1,0,2,convertible
/blogs/white-label-ai-telephony-requirements,ai receptionist white label,40,0,56.0,convertible
/blogs/white-label-ai-telephony-requirements,ai voice agent white label,33,0,42.5,convertible
/blogs/white-label-ai-telephony-requirements,ai voice agents white label,19,0,41.3,convertible
/blogs/white-label-ai-telephony-requirements,ai voice receptionist white label,2,0,10,convertible
/blogs/white-label-ai-telephony-requirements,best voice ai services with phone verification support,3,0,73.7,convertible
/blogs/white-label-ai-telephony-requirements,call supplai,2,0,14,convertible
/blogs/white-label-ai-telephony-requirements,carrier-grade business phone system for critical calls,1,0,32,convertible
/blogs/white-label-ai-telephony-requirements,compare providers for ai phone agents with sip and call recording,1,0,5,convertible
/blogs/white-label-ai-telephony-requirements,device onboarding voice ai,1,0,17,convertible
/blogs/white-label-ai-telephony-requirements,enterprise voice service white labeling,43,0,10.4,convertible
/blogs/white-label-ai-telephony-requirements,evaluate the voice ai company retell ai on white label & reselling,6,0,1,convertible
/blogs/white-label-ai-telephony-requirements,hosted voice white label,21,0,20.2,convertible
/blogs/white-label-ai-telephony-requirements,how can digital agencies resell ai receptionist services?,1,0,8,convertible
/blogs/white-label-ai-telephony-requirements,how do you build a telecom assurance program for a contact center operating in multiple regions?,1,0,3,other
/blogs/white-label-ai-telephony-requirements,i'm paying per-minute for a call center answering service and it's getting expensive in busy season. what's a flat-rate ai alternative?,1,0,32,convertible
/blogs/white-label-ai-telephony-requirements,key components white-label ai marketplace telcos,3,0,6.7,convertible
/blogs/white-label-ai-telephony-requirements,licensing models for on-prem ai voice use,3,0,63,convertible
/blogs/white-label-ai-telephony-requirements,missed call text back white label,3,0,22.7,convertible
/blogs/white-label-ai-telephony-requirements,private label voice,12,0,32,convertible
/blogs/white-label-ai-telephony-requirements,real time phone agent white label platforms,48,0,33.7,convertible
/blogs/white-label-ai-telephony-requirements,retell ai branded phone number timeframe,4,0,60.5,convertible
/blogs/white-label-ai-telephony-requirements,retell ai white label,3,0,51.7,convertible
/blogs/white-label-ai-telephony-requirements,retell white label,4,0,34.2,convertible
/blogs/white-label-ai-telephony-requirements,trillet white label,7,0,38.3,brand
/blogs/white-label-ai-telephony-requirements,voice ai platforms uptime guarantees sla,1,0,37,convertible
/blogs/white-label-ai-telephony-requirements,what is a white label ai receptionist and how can agencies resell it?,4,0,1,convertible
/blogs/white-label-ai-telephony-requirements,white label ai answering service,8,0,22.1,convertible
/blogs/white-label-ai-telephony-requirements,white label ai answering services,3,0,32,convertible
/blogs/white-label-ai-telephony-requirements,white label ai caller,31,0,20.8,convertible
/blogs/white-label-ai-telephony-requirements,white label ai calling,29,0,21.2,convertible
/blogs/white-label-ai-telephony-requirements,white label ai calling agent,10,0,22.1,convertible
/blogs/white-label-ai-telephony-requirements,white label ai calling software,7,0,18.1,convertible
/blogs/white-label-ai-telephony-requirements,white label ai phone answering service,15,0,19.3,convertible
/blogs/white-label-ai-telephony-requirements,white label ai platform,3,0,9.3,convertible
/blogs/white-label-ai-telephony-requirements,white label ai receptionist,39,0,54.2,convertible
/blogs/white-label-ai-telephony-requirements,white label ai voice agent,68,0,34.4,convertible
/blogs/white-label-ai-telephony-requirements,white label answering service,38,0,13.7,convertible
/blogs/white-label-ai-telephony-requirements,white label call answering,26,0,14.8,convertible
/blogs/white-label-ai-telephony-requirements,white label call centre,9,0,17.7,convertible
/blogs/white-label-ai-telephony-requirements,white label cold calling,12,0,18.6,convertible
/blogs/white-label-ai-telephony-requirements,white label phone,1,0,9,convertible
/blogs/white-label-ai-telephony-requirements,white label retell ai,1,0,44,convertible
/blogs/white-label-ai-telephony-requirements,white label voice,38,0,21.3,convertible
/blogs/white-label-ai-telephony-requirements,white label voice agent,45,0,30.3,convertible
/blogs/white-label-ai-telephony-requirements,white label voice agent for retell,1,0,16,convertible
/blogs/white-label-ai-telephony-requirements,white label voice ai,2,0,42,convertible
/blogs/white-label-ai-telephony-requirements,white label voice ai agent,2,0,24,convertible
/blogs/white-label-ai-telephony-requirements,white label voice ai for agencies,11,0,21.1,convertible
/blogs/white-label-ai-telephony-requirements,white label voice ai for crm,2,0,29.5,convertible
/blogs/white-label-ai-telephony-requirements,white label voice ai phone,31,0,18.8,convertible
/blogs/white-label-ai-telephony-requirements,white label voice solutions,3,0,27,convertible
/blogs/white-label-ai-telephony-requirements,white label voicebot,1,0,44,convertible
/blogs/white-label-ai-telephony-requirements,whitelabel phone,14,0,16.4,convertible
/blogs/white-label-ai-training-and-documentation,white label ai courses,19,1,7.7,convertible
/blogs/white-label-ai-training-and-documentation,24/7 white label support,3,0,32,convertible
/blogs/white-label-ai-training-and-documentation,ai coaching platform api integration white labeling,43,0,6.8,convertible
/blogs/white-label-ai-training-and-documentation,ai gesprekstrainingsoftware white-label leeromgeving,2,0,5.5,convertible
/blogs/white-label-ai-training-and-documentation,ai white label,5,0,17.2,convertible
/blogs/white-label-ai-training-and-documentation,how can i create a client onboarding checklist for ai visibility platforms that supports agencies offering white-labeled services?,6,0,8.3,convertible
/blogs/white-label-ai-training-and-documentation,quais as melhores práticas para implementar uma plataforma white label de ia para seguradoras?,5,0,6.4,convertible
/blogs/white-label-ai-training-and-documentation,text dashboard,1,0,8,other
/blogs/white-label-ai-training-and-documentation,trillet ai,2,0,1,brand
/blogs/white-label-ai-training-and-documentation,trillet ai pricing,1,0,54,brand
/blogs/white-label-ai-training-and-documentation,trillet ai white label,30,0,7.4,brand
/blogs/white-label-ai-training-and-documentation,trillet ai white label pricing,12,0,9.3,brand
/blogs/white-label-ai-training-and-documentation,trillet white label,60,0,8.5,brand
/blogs/white-label-ai-training-and-documentation,which ai search monitoring tools include client education materials?,1,0,5,other
/blogs/white-label-ai-training-and-documentation,white label ai,15,0,18.1,convertible
/blogs/white-label-ai-training-and-documentation,white label ai analytics,8,0,25.5,convertible
/blogs/white-label-ai-training-and-documentation,white label ai assessment,22,0,16.0,convertible
/blogs/white-label-ai-training-and-documentation,white label ai charting solution,6,0,15,convertible
/blogs/white-label-ai-training-and-documentation,white label ai consulting,12,0,16.2,convertible
/blogs/white-label-ai-training-and-documentation,white label ai healthcare documentation,12,0,12.7,convertible
/blogs/white-label-ai-training-and-documentation,white label ai lead generation,2,0,36,convertible
/blogs/white-label-ai-training-and-documentation,white label ai receptionist,1,0,58,convertible
/blogs/white-label-ai-training-and-documentation,white label ai services,1,0,23,convertible
/blogs/white-label-ai-training-and-documentation,white label ai training courses,25,0,9.2,convertible
/blogs/white-label-ai-training-and-documentation,white label artificial intelligence,11,0,26.5,convertible
/blogs/white-label-ai-training-and-documentation,white label artificial intelligence services,2,0,22,convertible
/blogs/white-label-ai-training-and-documentation,white label awareness training,3,0,10,convertible
/blogs/white-label-ai-training-and-documentation,white label connectivity explained,1,0,65,convertible
/blogs/white-label-ai-training-and-documentation,white label conversational ai,1,0,26,convertible
/blogs/white-label-ai-training-and-documentation,white label dragon training,3,0,7,convertible
/blogs/white-label-ai-training-and-documentation,white label ia,1,0,17,convertible
/blogs/white-label-ai-training-and-documentation,white label onboarding,4,0,34.8,convertible
/blogs/white-label-ai-training-and-documentation,white label voice ai for crm,5,0,21,convertible
/blogs/white-label-ai-training-and-documentation,white label ии-агент,5,0,28.4,convertible
/blogs/white-label-ai-training-and-documentation,white lable ai,1,0,15,other
/blogs/white-label-ai-training-and-documentation,white-label ai documentation,115,0,6.0,convertible
/blogs/white-label-ai-training-and-documentation,white-label ai production for agencies,1,0,25,convertible
/blogs/white-label-ai-training-and-documentation,whitelabel guides,6,0,22.5,convertible
/blogs/white-label-ai-training-and-documentation,whitelabel success.ai,1,0,12,convertible
/blogs/white-label-ai-training-and-documentation,whitelabel.ai,1,0,42,convertible
/blogs/white-label-ai-training-and-documentation,white‑label ai reports,11,0,18.5,convertible
/blogs/white-label-chatgpt-alternative-for-agencies,white label chatgpt,114,2,8.4,chatbot
/blogs/white-label-chatgpt-alternative-for-agencies,"""chatgpt voice output"" ""non-commercial use only""",1,0,3,chatbot
/blogs/white-label-chatgpt-alternative-for-agencies,chat gpt sale,1,0,1,other
/blogs/white-label-chatgpt-alternative-for-agencies,chatgpt business account for sale,1,0,1,chatbot
/blogs/white-label-chatgpt-alternative-for-agencies,chatgpt cheap subscription,2,0,1.5,chatbot
/blogs/white-label-chatgpt-alternative-for-agencies,chatgpt reseller program,1,0,1,chatbot
/blogs/white-label-chatgpt-alternative-for-agencies,chatgpt voice,1,0,2,chatbot
/blogs/white-label-chatgpt-alternative-for-agencies,inurl:chatgpt inurl:account inurl:buy,1,0,6,chatbot
/blogs/white-label-chatgpt-alternative-for-agencies,openai service terms chatgpt voice output non-commercial use only 2026,1,0,4,chatbot
/blogs/white-label-chatgpt-alternative-for-agencies,reseller chatgpt,1,0,6,chatbot
/blogs/white-label-chatgpt-alternative-for-agencies,top api solutions for writing industry,1,0,13,other
/blogs/white-label-chatgpt-alternative-for-agencies,trillet white label,3,0,86,brand
/blogs/white-label-chatgpt-alternative-for-agencies,where do resellers buy voice services for customer phone packages?,1,0,16,convertible
/blogs/white-label-chatgpt-alternative-for-agencies,which platforms are best for agencies to create and manage ai assistant apps for various clients in emerging ecosystems like chatgpt and perplexity,1,0,1,chatbot
/blogs/white-label-chatgpt-alternative-for-agencies,white label gpt,9,0,16.2,convertible
/blogs/white-label-chatgpt-alternative-for-agencies,white label voice agent for openai,11,0,15.6,convertible
/blogs/white-label-chatgpt-alternative-for-agencies,whitelabel chatgpt,75,0,8.4,chatbot
/blogs/white-label-voice-ai-features-checklist,ai receptionist implementation checklist,1,0,10,convertible
/blogs/white-label-voice-ai-features-checklist,ai receptionist white label,25,0,76.4,convertible
/blogs/white-label-voice-ai-features-checklist,ai voice agent white label,29,0,64.3,convertible
/blogs/white-label-voice-ai-features-checklist,ai voice agents white label,30,0,65,convertible
/blogs/white-label-voice-ai-features-checklist,checklist for verifying hipaa compliance during automated voice bot evaluations,1,0,10,convertible
/blogs/white-label-voice-ai-features-checklist,label voice,8,0,4.4,convertible
/blogs/white-label-voice-ai-features-checklist,no per-seat checklist pricing,1,0,28,other
/blogs/white-label-voice-ai-features-checklist,trillet ai pricing,4,0,88.2,brand
/blogs/white-label-voice-ai-features-checklist,trillet ai white label,2,0,3,brand
/blogs/white-label-voice-ai-features-checklist,trillet white label,7,0,40.3,brand
/blogs/white-label-voice-ai-features-checklist,voice ai readiness checklist,2,0,51.5,convertible
/blogs/white-label-voice-ai-features-checklist,voice ai white label,6,0,60.7,convertible
/blogs/white-label-voice-ai-features-checklist,what should a client onboarding checklist cover to ensure that ai visibility platform recommendations match the client’s brand voice and guidelines?,1,0,3,convertible
/blogs/white-label-voice-ai-features-checklist,which voip services come with built-in ai call summaries?,1,0,12,convertible
/blogs/white-label-voice-ai-features-checklist,white label ai calling,1,0,72,convertible
/blogs/white-label-voice-ai-features-checklist,white label ai voice,8,0,64.4,convertible
/blogs/white-label-voice-ai-features-checklist,white label ai voice agent,83,0,60.1,convertible
/blogs/white-label-voice-ai-features-checklist,white label ai voice agent platform,8,0,65.4,convertible
/blogs/white-label-voice-ai-features-checklist,white label voice,2,0,58.5,convertible
/blogs/white-label-voice-ai-features-checklist,white label voice agent,34,0,45.4,convertible
/blogs/white-label-voice-ai-features-checklist,white label voice ai,37,0,64.1,convertible
/blogs/white-label-voice-ai-features-checklist,white label voice ai platform,3,0,59.7,convertible
/blogs/white-label-voice-ai-features-checklist,white label voice ai software,2,0,71,convertible
/blogs/white-label-voice-ai-features-checklist,white label voicebot,6,0,91.2,convertible
/blogs/white-label-voice-ai-features-checklist,white-label ai documentation,1,0,90,convertible
/blogs/white-label-voice-ai-side-hustle-recurring-revenue,ai voice agent business,1,0,1,convertible
/blogs/white-label-voice-ai-side-hustle-recurring-revenue,ai voice earn money,1,0,1,convertible
/blogs/white-label-voice-ai-side-hustle-recurring-revenue,can i become a millionaire,1,0,3,other
/blogs/white-label-voice-ai-side-hustle-recurring-revenue,monthly subscription vs per project pricing for white label ai seo solutions (for united states),1,0,2,convertible
/blogs/white-label-voice-ai-side-hustle-recurring-revenue,trillet ai company staffing model,2,0,10.5,brand
/blogs/white-label-voice-ai-side-hustle-recurring-revenue,trillet ai pricing,4,0,65.2,brand
/blogs/white-label-voice-ai-side-hustle-recurring-revenue,trillet white label,3,0,58.3,brand
/blogs/white-label-voice-ai-side-hustle-recurring-revenue,virtual marketing assistant,1,0,12,other
/blogs/white-label-voice-ai-side-hustle-recurring-revenue,where can i get a package that includes ai search visibility and share of voice optimization?,1,0,16,convertible
/blogs/white-label-voice-ai-side-hustle-recurring-revenue,which ai voice dictation platforms keep teams actively using the software beyond initial rollout,1,0,13,convertible
/blogs/white-label-voice-ai-with-free-trial,trillet white label,20,1,13.3,brand
/blogs/white-label-voice-ai-with-free-trial,white label voice ai free trial,29,1,6.9,convertible
/blogs/white-label-voice-ai-with-free-trial,"""looking for"" or ""searching for"" ""white label"" (""voice ai"" or ""ai voice"" or ""voice automation"") (saas or platform) 2026 -site:retellai.com -site:bland.ai -site:vapi.ai -site:synthflow.ai",3,0,9.7,convertible
/blogs/white-label-voice-ai-with-free-trial,%collaboration tool 30 day free trial enterprise us,1,0,58,other
/blogs/white-label-voice-ai-with-free-trial,+activate collaboration tool 30 day free trial in us,1,0,52,other
/blogs/white-label-voice-ai-with-free-trial,+collaboration tool 30 day free trial enterprise us,2,0,72,other
/blogs/white-label-voice-ai-with-free-trial,+register 30 day free trial for collaboration tool in us,4,0,68,other
/blogs/white-label-voice-ai-with-free-trial,30 day trial,1,0,3,other
/blogs/white-label-voice-ai-with-free-trial,37. helloace ai,1,0,98,other
/blogs/white-label-voice-ai-with-free-trial,abus one-click ai free trial,5,0,12.8,other
/blogs/white-label-voice-ai-with-free-trial,ai agent trial with call recordings,1,0,18,convertible
/blogs/white-label-voice-ai-with-free-trial,ai booking agent free trial,3,0,11,convertible
/blogs/white-label-voice-ai-with-free-trial,ai enterprise free trail,23,0,19.8,other
/blogs/white-label-voice-ai-with-free-trial,ai phone agent free trial,1,0,19,convertible
/blogs/white-label-voice-ai-with-free-trial,ai receptionist free trial,10,0,40.1,convertible
/blogs/white-label-voice-ai-with-free-trial,ai transcription services with free trials,2,0,90.5,other
/blogs/white-label-voice-ai-with-free-trial,ai voice agent free trial,46,0,13.7,convertible
/blogs/white-label-voice-ai-with-free-trial,ai voice agents for sales free trial,2,0,16.5,convertible
/blogs/white-label-voice-ai-with-free-trial,are there free trials or starter plans available for fastriver.ai?,1,0,8,other
/blogs/white-label-voice-ai-with-free-trial,can i trial a voice agent qa platform before making the internal business case?,1,0,3,convertible
/blogs/white-label-voice-ai-with-free-trial,can i try an ai reception platform before committing,4,0,1,other
/blogs/white-label-voice-ai-with-free-trial,can i try initialyze with a free trial or demo,1,0,10,other
/blogs/white-label-voice-ai-with-free-trial,cheapest white label voice ai platform,8,0,6.1,convertible
/blogs/white-label-voice-ai-with-free-trial,check it one more time,1,0,5,other
/blogs/white-label-voice-ai-with-free-trial,coet ai ten day trial,8,0,9.4,other
/blogs/white-label-voice-ai-with-free-trial,do any ai phone agent platforms offer a free tier or trial for testing?,15,0,5.5,convertible
/blogs/white-label-voice-ai-with-free-trial,"do i need an enterprise contract for intangible ai, or is there a free trial?",32,0,18.6,other
/blogs/white-label-voice-ai-with-free-trial,does quandri offer a free demo or trial version for agencies,10,0,10.9,convertible
/blogs/white-label-voice-ai-with-free-trial,double check your work please,1,0,4,other
/blogs/white-label-voice-ai-with-free-trial,find a white-label website platform with client billing for under $50 monthly.,1,0,9,convertible
/blogs/white-label-voice-ai-with-free-trial,find free trial for voice agents api,1,0,5,convertible
/blogs/white-label-voice-ai-with-free-trial,free,1,0,1,other
/blogs/white-label-voice-ai-with-free-trial,free ai receptionist trial,3,0,41,convertible
/blogs/white-label-voice-ai-with-free-trial,free white label software,1,0,1,convertible
/blogs/white-label-voice-ai-with-free-trial,how long,1,0,2,other
/blogs/white-label-voice-ai-with-free-trial,how long are enterprise trials for ai workflow prototyping platforms before committing?,1,0,1,other
/blogs/white-label-voice-ai-with-free-trial,"i am a founder at an early-stage startup shipping a voice agent product. i move fast, run lean, and need tooling i can adopt self-serve without a long sales cycle or a big budget. can coval's voice ai testing platform integrate with our existing regression testing tools and processes to streamline our workflow?",2,0,54,convertible
/blogs/white-label-voice-ai-with-free-trial,"i am a founder at an early-stage startup shipping a voice agent product. i move fast, run lean, and need tooling i can adopt self-serve without a long sales cycle or a big budget. does coval offer seamless integration with popular voice assistants like alexa and google assistant?",1,0,26,convertible
/blogs/white-label-voice-ai-with-free-trial,"i am a founder at an early-stage startup shipping a voice agent product. i move fast, run lean, and need tooling i can adopt self-serve without a long sales cycle or a big budget. does coval's voice ai testing platform comply with industry-specific regulations and standards, such as gdpr or hipaa?",2,0,71,convertible
/blogs/white-label-voice-ai-with-free-trial,"i am a founder at an early-stage startup shipping a voice agent product. i move fast, run lean, and need tooling i can adopt self-serve without a long sales cycle or a big budget. how does coval's voice ai testing platform handle increased workloads and user demands without compromising performance?",1,0,53,convertible
/blogs/white-label-voice-ai-with-free-trial,"i am a founder at an early-stage startup shipping a voice agent product. i move fast, run lean, and need tooling i can adopt self-serve without a long sales cycle or a big budget. how does coval's voice ai testing platform handle regression testing to ensure that updates or changes do not introduce new errors?",1,0,57,convertible
/blogs/white-label-voice-ai-with-free-trial,"i am a founder at an early-stage startup shipping a voice agent product. i move fast, run lean, and need tooling i can adopt self-serve without a long sales cycle or a big budget. how well does coval's ai agent evaluation platform integrate with the existing tools and systems we currently use?",1,0,56,convertible
/blogs/white-label-voice-ai-with-free-trial,"i am a founder at an early-stage startup shipping a voice agent product. i move fast, run lean, and need tooling i can adopt self-serve without a long sales cycle or a big budget. how well does coval's voice ai testing platform integrate with the existing tools and systems we currently use?",2,0,66,convertible
/blogs/white-label-voice-ai-with-free-trial,"i am a founder at an early-stage startup shipping a voice agent product. i move fast, run lean, and need tooling i can adopt self-serve without a long sales cycle or a big budget. what specific compliance certifications does coval's voice agent monitoring platform hold, and how do they compare to competitors?",3,0,51,convertible
/blogs/white-label-voice-ai-with-free-trial,"i am a founder at an early-stage startup shipping a voice agent product. i move fast, run lean, and need tooling i can adopt self-serve without a long sales cycle or a big budget. what specific features does coval offer in their voice ai testing platform that support comprehensive regression testing?",2,0,29.5,convertible
/blogs/white-label-voice-ai-with-free-trial,i want free one,1,0,2,other
/blogs/white-label-voice-ai-with-free-trial,i'm an agency lead. meltwater plus manual ai checks vs adding a dedicated tool like suede: what's the marginal value for a corporate client?,1,0,86,convertible
/blogs/white-label-voice-ai-with-free-trial,is there a free trial for fastriver.ai and how long?,4,0,9.8,other
/blogs/white-label-voice-ai-with-free-trial,list top-rated ai voice agents that offer a free trial.,3,0,3,convertible
/blogs/white-label-voice-ai-with-free-trial,lynk ai-first platform free trial signup,5,0,10.2,other
/blogs/white-label-voice-ai-with-free-trial,lynk ai-first platform start free trial,4,0,9,other
/blogs/white-label-voice-ai-with-free-trial,melrose labs text to speech free trial credit card required,2,0,33,other
/blogs/white-label-voice-ai-with-free-trial,more,2,0,4,other
/blogs/white-label-voice-ai-with-free-trial,overhaul database free 30-day trial,1,0,77,other
/blogs/white-label-voice-ai-with-free-trial,parallel ai white label,3,0,4,convertible
/blogs/white-label-voice-ai-with-free-trial,parallel ai white label agencies,6,0,7,convertible
/blogs/white-label-voice-ai-with-free-trial,parallel ai white label solutions agencies,3,0,8.7,convertible
/blogs/white-label-voice-ai-with-free-trial,phaide ai free trial and demo availability for evaluation,7,0,7.4,other
/blogs/white-label-voice-ai-with-free-trial,sign up for ai calling free trial today,48,0,5.8,convertible
/blogs/white-label-voice-ai-with-free-trial,sign up for an ai marketing platform trial,1,0,15,other
/blogs/white-label-vs-custom-ai-chatbot-development,white label ai custom chatbots development company,7,0,4.4,chatbot
/blogs/white-label-vs-custom-ai-chatbot-development,white label ai custom chatbots development company associative,32,0,4.9,chatbot
/blogs/white-label-vs-custom-ai-chatbot-development,white label ai custom chatbots development company associative.in,14,0,7.5,chatbot
/blogs/white-label-vs-custom-ai-chatbot-development,white-label tax services for solicitors,1,0,20,convertible
/partners,trillet ai,241,2,1,brand
/partners,site:https://trillet.ai,3,0,6.3,brand
/partners,site:trillet.ai,30,0,6.5,brand
/partners,trillet,194,0,1.3,brand
/partners,trillet ai company,1,0,1,brand
/partners,trillet ai funding,1,0,5,brand
/partners,trillet ai official website,1,0,3,brand
/partners,trillet ai pricing,7,0,73.4,brand
/partners,trillet ai white label,2,0,9.5,brand
/partners,trillet company,19,0,7.9,brand
/partners,trillet white label,11,0,29.8,brand
/partners,trillet.ai,7,0,1,brand
/whitelabel,trillet white label,19,10,1.2,brand
/whitelabel,trillet,1041,8,1.0,brand
/whitelabel,trillet ai white label,10,4,1,brand
/whitelabel,ai agency white label,5,1,7.2,convertible
/whitelabel,ai receptionist white label,34,1,36.8,convertible
/whitelabel,ai white label,14,1,8.9,convertible
/whitelabel,trillet ai,510,1,1.0,brand
/whitelabel,white label ai agency,24,1,13.3,convertible
/whitelabel,white label ai calling agent,2,1,18,convertible
/whitelabel,white label deal ai,1,1,11,convertible
/whitelabel,"""post-call summary email""",1,0,10,convertible
/whitelabel,ai calling white label,3,0,67,convertible
/whitelabel,ai marketing agency white label,9,0,54,convertible
/whitelabel,ai reseller white label,1,0,7,convertible
/whitelabel,ai soundbox white label manufacturers,1,0,41,convertible
/whitelabel,ai voice agent white label,26,0,35.8,convertible
/whitelabel,ai voice agents white label,17,0,43.2,convertible
/whitelabel,ai voice receptionist white label,2,0,4,convertible
/whitelabel,ai white label oplossing,19,0,33.3,convertible
/whitelabel,ai white label reseller,3,0,6,convertible
/whitelabel,ai white label video production,1,0,22,convertible
/whitelabel,ai whitelabel,5,0,14.4,convertible
/whitelabel,best ai voice agent reseller platform,1,0,1,convertible
/whitelabel,can you check your work,1,0,4,other
/whitelabel,check it one more time,1,0,2,other
/whitelabel,double check your work please,1,0,2,other
/whitelabel,enterprise voice service white labeling,6,0,9.5,convertible
/whitelabel,f1x2 white label,2,0,57,convertible
/whitelabel,full service white label,1,0,39,convertible
/whitelabel,genii white label,1,0,1,convertible
/whitelabel,hosted voice white label,1,0,14,convertible
/whitelabel,missed call text back white label,3,0,58.3,convertible
/whitelabel,multislots white label,11,0,33.9,convertible
/whitelabel,real time phone agent white label platforms,8,0,87.4,convertible
/whitelabel,retell ai white label,2,0,77,convertible
/whitelabel,sifflet ai agents,1,0,86,convertible
/whitelabel,site:https://trillet.ai,1,0,11,brand
/whitelabel,site:trillet.ai,1,0,13,brand
/whitelabel,tellet,2,0,66.5,other
/whitelabel,trillet ai company,2,0,1,brand
/whitelabel,trillet ai pricing,3,0,34.7,brand
/whitelabel,trillet ai receptionist,47,0,1,brand
/whitelabel,trillet ai receptionist company,31,0,1.1,brand
/whitelabel,trillet ai reviews,1,0,9,brand
/whitelabel,trillet ai white label pricing,7,0,2.7,brand
/whitelabel,trillet official website,2,0,8.5,brand
/whitelabel,trillet pricing,1,0,1,brand
/whitelabel,trillet.ai,20,0,1,brand
/whitelabel,trillets,13,0,6.5,brand
/whitelabel,triple edge studios white label,2,0,27.5,convertible
/whitelabel,triple verified call leads,1,0,74,convertible
/whitelabel,tripwire msp white labeling,2,0,94,convertible
/whitelabel,tripwire white labeling,7,0,37.4,convertible
/whitelabel,true label ai,2,0,6.5,other
/whitelabel,voice ai white label,1,0,14,convertible
/whitelabel,where can i find white label ai agents for my business?,1,0,38,convertible
/whitelabel,which vendor will white-label the ai agent with our clinic’s branding?,2,0,7.5,convertible
/whitelabel,white label,1,0,21,convertible
/whitelabel,white label ai,6,0,22.8,convertible
/whitelabel,white label ai agent,33,0,17.2,convertible
/whitelabel/pricing,trillet,1222,33,1.0,brand
/whitelabel/pricing,trillet ai,412,18,1.0,brand
/whitelabel/pricing,trillet ai pricing,17,3,1.4,brand
/whitelabel/pricing,trillet pricing,8,2,1.5,brand
/whitelabel/pricing,trillet white label,13,1,2.3,brand
/whitelabel/pricing,trillet.ai,22,1,1.2,brand
/whitelabel/pricing,call ai studio pricing,2,0,8,convertible
/whitelabel/pricing,filledge pricing,2,0,14.5,other
/whitelabel/pricing,how do pricing tiers usually work for agencies that need unlimited white-label press releases each month?,1,0,2,convertible
/whitelabel/pricing,how do they market,1,0,1,other
/whitelabel/pricing,how much does it cost to use white label ai agents versus hiring an internal ai team?,1,0,1,convertible
/whitelabel/pricing,inspectlet pricing,1,0,42,other
/whitelabel/pricing,lately ai pricing,2,0,31.5,other
/whitelabel/pricing,lately pricing,14,0,25.6,other
/whitelabel/pricing,lately.ai pricing,1,0,33,other
/whitelabel/pricing,pricing models please,1,0,4,other
/whitelabel/pricing,rillet pricing,2,0,59,other
/whitelabel/pricing,site:trillet.ai,1,0,30,brand
/whitelabel/pricing,tellet,1,0,59,other
/whitelabel/pricing,trilet,2,0,69,other
/whitelabel/pricing,trillet ai official website,1,0,4,brand
/whitelabel/pricing,trillet ai receptionist,42,0,1,brand
/whitelabel/pricing,trillet ai receptionist company staffing model,1,0,10,brand
/whitelabel/pricing,trillet ai receptionist pricing,3,0,2.3,brand
/whitelabel/pricing,trillet ai white label,8,0,2.4,brand
/whitelabel/pricing,trillet ai white label pricing,10,0,2.2,brand
/whitelabel/pricing,voice ai white label pricing,6,0,12.5,convertible
/whitelabel/pricing,what licensing options exist for agencies using ai-moderated interview platforms on client projects?,1,0,4,convertible
/whitelabel/pricing,which vendor will white-label the ai agent with our clinic’s branding?,1,0,13,convertible
/whitelabel/pricing,white label cost,1,0,9,convertible
/whitelabel/pricing,white label noba,1,0,3,convertible
/whitelabel/pricing,white label pricing,18,0,9.2,convertible
/whitelabel/pricing,white label suite pricing,13,0,7,convertible
/whitelabel/pricing,white label ราคา,1,0,1,convertible
/whitelabel/pricing,yes,1,0,1,other
