keyword,fit,cluster,corridor,direction,intent,signal,priority,google_hits,bing_hits,best_pos,seed_count,status,sfl_target,target_note,sfl_best_existing,lost_page
international car shipping companies,Core,Car shipping,Any,unspecified,Transactional,23.3,37.86,13,1,1,13,Lost (page deleted),,no international car page,,/blog/international-car-shipping-from-usa
how much does it cost to ship a car overseas,Core,Car shipping,Any,unspecified,Informational,35.4,35.4,21,1,3,22,Gap (no page),,no international car page,,
can you ship a car overseas,Core,Car shipping,Any,unspecified,Informational,25.6,25.6,16,0,2,16,Gap (no page),,no international car page,,
how much does it cost to ship a car internationally,Core,Car shipping,Any,unspecified,Informational,22.4,22.4,14,0,3,14,Gap (no page),,no international car page,,
can you ship from us to uk,Core,Customs & rules,UK,outbound-US,Informational,27.1,21.68,17,0,2,17,Covered (hub only),/worldwide-destinations/shipping-to-uk,,,
how much is the shipping from us to philippines,Core,Cost & rates,Philippines,outbound-US,Informational,27.1,21.68,17,0,2,17,Covered (hub only),/worldwide-destinations/shipping-to-philippines,,,
shipping cars from usa to saudi arabia,Core,Car shipping,Saudi Arabia,outbound-US,Commercial,14.7,20.21,1,5,4,5,Gap (no page),,no international car page,,
shipping cost from usa to nigeria,Core,Cost & rates,Nigeria,outbound-US,Commercial,18.1,19.91,11,0,2,11,Covered (hub only),/worldwide-destinations/shipping-to-nigeria,,,/blog/how-can-i-reduce-the-cost-of-shipping-to-nigeria
usa to sri lanka shipping,Core,Parcel & courier,Sri Lanka,outbound-US,Commercial,14.3,19.66,0,5,1,5,Gap (no page),,no page for this country,,
car shipping companies from usa to dubai,Core,Car shipping,UAE,outbound-US,Transactional,11.4,18.52,0,4,3,4,Gap (no page),,no international car page,,
should i move back to india from usa,Core,Moving & relocation,India,outbound-US,Informational,22.6,18.08,14,0,2,14,Covered (hub only),/worldwide-moving/moving-to-india,,,
cargo shipping to pakistan from usa,Core,Cargo & freight,Pakistan,outbound-US,Commercial,16.1,17.71,4,4,2,5,Covered (hub only),/worldwide-destinations/shipping-to-pakistan,,,
shipping to india from usa by sea rates,Core,Cargo & freight,India,outbound-US,Commercial,15.3,16.83,9,0,1,9,Covered (hub only),/worldwide-destinations/shipping-to-india,,,
air cargo from usa to ghana,Core,Cargo & freight,Ghana,outbound-US,Commercial,15.3,16.83,1,5,1,5,Covered (hub only),/worldwide-destinations/shipping-to-ghana,,,
shipping car from usa to europe companies,Core,Car shipping,Any,outbound-US,Transactional,10.2,16.57,0,4,9,4,Gap (no page),,no international car page,,
shipping container to nigeria from usa,Core,Cargo & freight,Nigeria,outbound-US,Commercial,14.9,16.39,3,4,3,5,Covered (hub only),/worldwide-destinations/shipping-to-nigeria,,,
cargo shipping from usa to bangladesh,Core,Cargo & freight,Bangladesh,outbound-US,Commercial,11.8,16.23,0,4,1,4,Gap (no page),,no page for this country,,
vehicle shipping from usa to uae,Core,Car shipping,UAE,outbound-US,Commercial,11.8,16.23,0,4,1,4,Gap (no page),,no international car page,,
international car shipping near me,Core,Car shipping,Any,unspecified,Transactional,9.8,15.93,4,1,1,4,Lost (page deleted),,no international car page,,/blog/international-car-shipping-from-usa
how to move to india from usa,Core,Moving & relocation,India,outbound-US,Informational,19.8,15.84,12,0,1,12,Covered (hub only),/worldwide-moving/moving-to-india,,,
how much shipping cost from usa to pakistan,Core,Cost & rates,Pakistan,outbound-US,Informational,19.6,15.68,12,0,2,12,Covered (hub only),/worldwide-destinations/shipping-to-pakistan,,,
how much does courier cost from usa to india,Core,Cost & rates,India,outbound-US,Informational,19.4,15.52,12,0,3,12,Covered (specific page),/worldwide-destinations/shipping-to-india,,/blog/usa-to-india-shipping-cost-per-kg,
how to ship from us to philippines,Core,Parcel & courier,Philippines,outbound-US,Informational,19.4,15.52,12,0,3,12,Covered (hub only),/worldwide-destinations/shipping-to-philippines,,,
ship from usa to uae,Core,Parcel & courier,UAE,outbound-US,Commercial,14.1,15.51,0,5,2,5,Covered (hub only),/worldwide-destinations/shipping-to-uae,,,
shipping to ghana from usa,Core,Parcel & courier,Ghana,outbound-US,Commercial,13.8,15.18,2,4,1,4,Covered (hub only),/worldwide-destinations/shipping-to-ghana,,,
shipping companies from usa to jamaica,Core,Parcel & courier,Jamaica,outbound-US,Transactional,11.6,15.08,0,4,2,4,Covered (hub only),/worldwide-destinations/shipping-to-jamaica,,,
india to usa cargo charges,Secondary (en-in),Cargo & freight,India,inbound-US,Commercial,22.6,14.92,14,0,2,14,Covered (hub only),/en-in/services/international-shipping-from-india,,,
shipping companies from usa to kenya,Core,Parcel & courier,Kenya,outbound-US,Transactional,11.4,14.82,0,4,3,4,Covered (hub only),/worldwide-destinations/shipping-to-kenya,,,
international car shipping company near me,Core,Car shipping,Any,unspecified,Transactional,9.1,14.79,5,0,2,5,Lost (page deleted),,no international car page,,/blog/international-car-shipping-from-usa
cheapest shipping to italy from usa,Core,Cost & rates,Italy,outbound-US,Commercial,13.4,14.74,2,4,3,4,Covered (hub only),/worldwide-destinations/shipping-to-italy,,,
shipping to india from usa cost,Core,Cost & rates,India,outbound-US,Commercial,13.3,14.63,5,2,1,5,Covered (hub only),/worldwide-destinations/shipping-to-india,,,/blog/what-is-the-cost-of-shipping-from-usa-to-india
ship car from usa to middle east,Core,Car shipping,Any,outbound-US,Commercial,10.6,14.57,0,4,7,4,Gap (no page),,no international car page,,
shipping car from usa to europe,Core,Car shipping,Any,outbound-US,Commercial,10.6,14.57,0,4,7,4,Gap (no page),,no international car page,,
how much is shipping to india from usa,Core,Cost & rates,India,outbound-US,Informational,18.1,14.48,11,0,2,11,Covered (hub only),/worldwide-destinations/shipping-to-india,,,/blog/how-to-ship-from-the-usa-to-india
how to ship from us to canada,Core,Parcel & courier,Canada,outbound-US,Informational,18.1,14.48,11,0,2,11,Covered (hub only),/worldwide-destinations/shipping-to-canada,,,
international car shipping companies to africa,Core,Car shipping,Any,unspecified,Transactional,8.7,14.14,5,0,4,5,Lost (page deleted),,no international car page,,/blog/international-car-shipping-from-usa
shipping to india from usa,Core,Parcel & courier,India,outbound-US,Commercial,12.8,14.08,3,3,1,4,Covered (hub only),/worldwide-destinations/shipping-to-india,,,/blog/how-to-ship-from-the-usa-to-india
international shipping company near me,Core,Parcel & courier,Any,unspecified,Transactional,10.8,14.04,3,2,1,4,Covered (hub only),/services/worldwide-shipping,,,
courier cost to usa from india,Secondary (en-in),Cost & rates,India,inbound-US,Commercial,21.1,13.93,13,0,2,13,Covered (hub only),/en-in/services/international-shipping-from-india,,/blog/usa-to-india-shipping-cost-per-kg,
ship car to usa from india,Secondary (en-in),Car shipping,India,inbound-US,Commercial,16.8,13.86,0,6,1,6,Gap (no page),,no international car page,,
cheapest shipping company from usa to nigeria,Core,Cost & rates,Nigeria,outbound-US,Transactional,10.4,13.52,0,4,8,4,Covered (hub only),/worldwide-destinations/shipping-to-nigeria,,,
international shipping calculator,Core,Cost & rates,Any,unspecified,Transactional,10.3,13.39,3,2,1,3,Covered (hub only),/services/worldwide-shipping,,,
how to ship from us to uk,Core,Parcel & courier,UK,outbound-US,Informational,16.6,13.28,10,0,2,10,Covered (hub only),/worldwide-destinations/shipping-to-uk,,,
can i ship from usa to canada,Core,Customs & rules,Canada,outbound-US,Informational,16.6,13.28,10,0,2,10,Covered (hub only),/worldwide-destinations/shipping-to-canada,,,
how to ship from us to ghana,Core,Parcel & courier,Ghana,outbound-US,Informational,16.6,13.28,10,0,2,10,Covered (hub only),/worldwide-destinations/shipping-to-ghana,,,
international car shipping cost calculator,Core,Car shipping,Any,unspecified,Transactional,8.1,13.16,3,1,2,3,Lost (page deleted),,no international car page,,/blog/international-car-shipping-from-usa
best shipping company to haiti from usa,Core,Parcel & courier,Haiti,outbound-US,Transactional,10.1,13.13,1,3,2,3,Covered (hub only),/worldwide-destinations/shipping-to-haiti,,,
how much to send a package to philippines from usa,Core,Cost & rates,Philippines,outbound-US,Informational,16.4,13.12,10,0,3,10,Covered (hub only),/worldwide-destinations/shipping-to-philippines,,,
how to ship to india from usa,Core,Parcel & courier,India,outbound-US,Informational,16.4,13.12,10,0,3,10,Covered (hub only),/worldwide-destinations/shipping-to-india,,,/blog/how-to-ship-from-the-usa-to-india
how to ship from us to nigeria,Core,Parcel & courier,Nigeria,outbound-US,Informational,16.4,13.12,10,0,3,10,Covered (hub only),/worldwide-destinations/shipping-to-nigeria,,,
ship my car from usa to france,Core,Car shipping,France,outbound-US,Commercial,9.3,12.79,0,3,1,3,Gap (no page),,no international car page,,
usa to nepal shipping charge,Core,Parcel & courier,Nepal,outbound-US,Commercial,11.6,12.76,0,4,2,4,Covered (hub only),/worldwide-destinations/shipping-to-nepal,,,
shipping to kenya from usa lowest price,Core,Cost & rates,Kenya,outbound-US,Commercial,11.6,12.76,0,4,2,4,Covered (hub only),/worldwide-destinations/shipping-to-kenya,,,
cheap shipping from usa to kenya,Core,Cost & rates,Kenya,outbound-US,Commercial,11.6,12.76,0,4,2,4,Covered (hub only),/worldwide-destinations/shipping-to-kenya,,,
shipping from usa to ireland prices,Core,Cost & rates,Ireland,outbound-US,Commercial,11.6,12.76,0,4,2,4,Covered (hub only),/worldwide-destinations/shipping-to-ireland,,,
cheap freight from usa to switzerland,Core,Cargo & freight,Switzerland,outbound-US,Commercial,11.6,12.76,0,4,2,4,Covered (hub only),/worldwide-destinations/shipping-to-switzerland,,,
international car shipping companies in houston texas,Core,Car shipping,US-domestic,unspecified,Transactional,7.8,12.68,4,0,1,4,Gap (no page),,no international car page,,
shipping to jamaica from new york,Core,Parcel & courier,US-domestic,outbound-US,Commercial,11.4,12.54,0,4,3,4,Covered (hub only),/services/domestic-shipping,,,
cheap freight from usa to sweden,Core,Cargo & freight,Sweden,outbound-US,Commercial,11.4,12.54,0,4,3,4,Covered (hub only),/worldwide-destinations/shipping-to-sweden,,,
car shipping prices from usa to nigeria,Core,Car shipping,Nigeria,outbound-US,Commercial,9.1,12.51,0,3,2,3,Gap (no page),,no international car page,,
vehicle shipping from usa to south africa,Core,Car shipping,South Africa,outbound-US,Commercial,9.1,12.51,0,3,2,3,Gap (no page),,no international car page,,
moving to india from usa,Core,Moving & relocation,India,outbound-US,Commercial,11.3,12.43,2,3,1,3,Covered (hub only),/worldwide-moving/moving-to-india,,/blog/is-it-worth-moving-to-usa-from-india,
shipping to haiti from usa,Core,Parcel & courier,Haiti,outbound-US,Commercial,11.3,12.43,2,3,1,3,Covered (hub only),/worldwide-destinations/shipping-to-haiti,,,
shipping from usa to saudi arabia price,Core,Cost & rates,Saudi Arabia,outbound-US,Commercial,11.2,12.32,0,4,4,4,Covered (hub only),/worldwide-destinations/shipping-to-saudi-arabia,,,
cheap freight from usa to sri lanka,Core,Cargo & freight,Sri Lanka,outbound-US,Commercial,8.9,12.24,0,3,3,3,Gap (no page),,no page for this country,,
auto shipping from usa to germany,Core,Car shipping,Germany,outbound-US,Commercial,8.9,12.24,0,3,3,3,Gap (no page),,no international car page,,
shipping to germany from usa cost,Core,Cost & rates,Germany,outbound-US,Commercial,11.1,12.21,2,3,2,3,Covered (hub only),/worldwide-destinations/shipping-to-germany,,,/blog/shipping-to-germany-from-usa-cost-breakdown
send package from usa to saudi arabia,Core,Parcel & courier,Saudi Arabia,outbound-US,Commercial,11.0,12.1,0,4,5,4,Covered (hub only),/worldwide-destinations/shipping-to-saudi-arabia,,,
international shipping near me,Core,Parcel & courier,Any,unspecified,Transactional,9.3,12.09,2,2,1,3,Covered (hub only),/services/worldwide-shipping,,,
vehicle shipping from usa to germany,Core,Car shipping,Germany,outbound-US,Commercial,8.7,11.96,0,3,4,3,Gap (no page),,no international car page,,
how to ship from usa to ghana,Core,Parcel & courier,Ghana,outbound-US,Informational,14.9,11.92,9,0,3,9,Covered (hub only),/worldwide-destinations/shipping-to-ghana,,,
free shipping to india from usa online shopping,Core,Parcel & courier,India,outbound-US,Commercial,10.8,11.88,6,0,1,6,Covered (hub only),/worldwide-destinations/shipping-to-india,,,
cargo shipping to sri lanka from usa,Core,Cargo & freight,Sri Lanka,outbound-US,Commercial,8.6,11.83,2,2,2,2,Gap (no page),,no page for this country,,
shipping car from usa to east africa,Core,Car shipping,Any,outbound-US,Commercial,8.5,11.69,0,3,5,3,Gap (no page),,no international car page,,
shipping container to india from usa cost,Core,Cargo & freight,India,outbound-US,Commercial,10.6,11.66,6,0,2,6,Covered (hub only),/worldwide-destinations/shipping-to-india,,/blog/container-shipping-cost-canada-to-india,
cheap freight from usa to saudi arabia,Core,Cargo & freight,Saudi Arabia,outbound-US,Commercial,10.4,11.44,0,4,8,4,Covered (hub only),/worldwide-destinations/shipping-to-saudi-arabia,,,
shipping motorcycle to philippines from usa,Core,Car shipping,Philippines,outbound-US,Commercial,8.3,11.41,3,1,1,3,Gap (no page),,no international car page,,
vehicle shipping from usa to mexico,Core,Car shipping,Mexico,outbound-US,Commercial,8.3,11.41,0,3,6,3,Gap (no page),,no international car page,,
car shipping to nigeria from usa,Core,Car shipping,Nigeria,outbound-US,Commercial,8.1,11.14,3,1,2,3,Gap (no page),,no international car page,,
auto shipping from usa to japan,Core,Car shipping,Japan,outbound-US,Commercial,8.1,11.14,0,3,7,3,Gap (no page),,no international car page,,
ship car overseas quote,Core,Car shipping,Any,unspecified,Transactional,6.8,11.05,2,1,1,2,Gap (no page),,no international car page,,
international shipping to sweden,Core,Parcel & courier,Sweden,unspecified,Commercial,10.0,11.0,0,4,18,4,Covered (hub only),/worldwide-destinations/shipping-to-sweden,,,
shipping container from usa to saudi arabia,Core,Cargo & freight,Saudi Arabia,outbound-US,Commercial,9.9,10.89,1,3,3,3,Covered (hub only),/worldwide-destinations/shipping-to-saudi-arabia,,,
cargo shipping to nigeria from usa,Core,Cargo & freight,Nigeria,outbound-US,Commercial,9.9,10.89,3,2,3,3,Covered (hub only),/worldwide-destinations/shipping-to-nigeria,,,
postage to brazil from usa,Core,Parcel & courier,Brazil,outbound-US,Commercial,9.9,10.89,1,3,3,3,Covered (hub only),/worldwide-destinations/shipping-to-brazil,,,
postage to sweden from usa,Core,Parcel & courier,Sweden,outbound-US,Commercial,9.9,10.89,1,3,3,3,Covered (hub only),/worldwide-destinations/shipping-to-sweden,,,
international car shipping cost,Core,Car shipping,Any,unspecified,Commercial,7.9,10.86,3,1,3,3,Lost (page deleted),,no international car page,,/blog/international-car-shipping-from-usa
shipping electronics to india from usa,Core,Specific items,India,outbound-US,Commercial,9.8,10.78,2,2,1,4,Covered (hub only),/worldwide-destinations/shipping-to-india,,/blog/shipping-electronics-from-usa-to-india,
shipping car to pakistan from usa,Core,Car shipping,Pakistan,outbound-US,Commercial,7.8,10.72,4,0,1,4,Gap (no page),,no international car page,,
moving to dubai from usa,Core,Moving & relocation,UAE,outbound-US,Commercial,7.8,10.72,1,2,1,2,Gap (no page),,no moving page for this country,,
shipping car to philippines from usa,Core,Car shipping,Philippines,outbound-US,Commercial,7.8,10.72,4,0,1,4,Gap (no page),,no international car page,,
shipping car from usa to ghana price,Core,Car shipping,Ghana,outbound-US,Commercial,7.7,10.59,1,2,4,3,Gap (no page),,no international car page,,
shipping car overseas from usa cost,Core,Car shipping,Any,outbound-US,Commercial,7.6,10.45,4,0,2,4,Gap (no page),,no international car page,,
sea go international car shipping surfers paradise reviews,Core,Car shipping,Any,unspecified,Commercial,7.6,10.45,4,0,2,4,Gap (no page),,no international car page,,
ship to dominican republic with usps,Core,Parcel & courier,Dominican Republic,unspecified,Carrier-brand,10.4,10.4,0,4,8,4,Covered (hub only),/carriers/shipping-with-usps,,,
moving to india from usa checklist,Core,Moving & relocation,India,outbound-US,Commercial,9.3,10.23,2,2,1,3,Covered (hub only),/worldwide-moving/moving-to-india,,,
ship to pakistan from usa,Core,Parcel & courier,Pakistan,outbound-US,Commercial,9.3,10.23,0,3,1,3,Covered (hub only),/worldwide-destinations/shipping-to-pakistan,,,
shipping to dubai from usa,Core,Parcel & courier,UAE,outbound-US,Commercial,9.3,10.23,2,2,1,3,Covered (hub only),/worldwide-destinations/shipping-to-uae,,,
shipping to saudi arabia from usa,Core,Parcel & courier,Saudi Arabia,outbound-US,Commercial,9.3,10.23,2,2,1,3,Covered (hub only),/worldwide-destinations/shipping-to-saudi-arabia,,,
ship from usa to saudi arabia,Core,Parcel & courier,Saudi Arabia,outbound-US,Commercial,9.3,10.23,0,3,1,3,Covered (hub only),/worldwide-destinations/shipping-to-saudi-arabia,,,
shipping to kenya from usa,Core,Parcel & courier,Kenya,outbound-US,Commercial,9.3,10.23,2,2,1,3,Covered (hub only),/worldwide-destinations/shipping-to-kenya,,,
shipping to south africa from usa,Core,Parcel & courier,South Africa,outbound-US,Commercial,9.3,10.23,2,2,1,3,Covered (hub only),/worldwide-destinations/shipping-to-south-africa,,,
shipping to france from usa,Core,Parcel & courier,France,outbound-US,Commercial,9.3,10.23,2,2,1,3,Covered (hub only),/worldwide-destinations/shipping-to-france,,,
shipping to singapore from usa,Core,Parcel & courier,Singapore,outbound-US,Commercial,9.3,10.23,2,2,1,3,Covered (hub only),/worldwide-destinations/shipping-to-singapore,,,
shipping from us to haiti,Core,Parcel & courier,Haiti,outbound-US,Commercial,9.3,10.23,0,3,1,3,Covered (hub only),/worldwide-destinations/shipping-to-haiti,,,
shipping to dominican republic from usa,Core,Parcel & courier,Dominican Republic,outbound-US,Commercial,9.3,10.23,2,2,1,3,Covered (hub only),/worldwide-destinations/shipping-to-dominican-republic,,,/blog/best-shipping-company-to-the-dominican-republic
ship to dominican republic from usa,Core,Parcel & courier,Dominican Republic,outbound-US,Commercial,9.3,10.23,0,3,1,3,Covered (hub only),/worldwide-destinations/shipping-to-dominican-republic,,,/blog/best-shipping-company-to-the-dominican-republic
shipping to brazil from usa,Core,Parcel & courier,Brazil,outbound-US,Commercial,9.3,10.23,2,2,1,3,Covered (hub only),/worldwide-destinations/shipping-to-brazil,,,
cheap freight from usa to brazil,Core,Cargo & freight,Brazil,outbound-US,Commercial,9.3,10.23,0,3,1,3,Covered (hub only),/worldwide-destinations/shipping-to-brazil,,,
metti international vehicle transport & car shipping reviews,Core,Car shipping,Any,unspecified,Commercial,7.4,10.18,4,0,3,4,Gap (no page),,no international car page,,
international car shipping los angeles,Core,Car shipping,Any,unspecified,Commercial,7.3,10.04,2,1,1,3,Lost (page deleted),,no international car page,,/blog/international-car-shipping-from-usa
moving back to india from usa,Core,Moving & relocation,India,outbound-US,Commercial,9.1,10.01,2,2,2,3,Covered (hub only),/worldwide-moving/moving-to-india,,,
shipping from usa to new zealand,Core,Parcel & courier,New Zealand,outbound-US,Commercial,9.1,10.01,0,3,2,3,Covered (hub only),/worldwide-destinations/shipping-to-new-zealand,,,
courier from usa to uae,Core,Parcel & courier,UAE,outbound-US,Commercial,9.1,10.01,0,3,2,3,Covered (hub only),/worldwide-destinations/shipping-to-uae,,,
shipping from usa to uae,Core,Parcel & courier,UAE,outbound-US,Commercial,9.1,10.01,0,3,2,3,Covered (hub only),/worldwide-destinations/shipping-to-uae,,,
shipping companies to nigeria from usa,Core,Parcel & courier,Nigeria,outbound-US,Transactional,7.7,10.01,3,1,4,3,Covered (hub only),/worldwide-destinations/shipping-to-nigeria,,,
shipping from usa to sweden,Core,Parcel & courier,Sweden,outbound-US,Commercial,9.1,10.01,0,3,2,3,Covered (hub only),/worldwide-destinations/shipping-to-sweden,,,
dhl shipping cost from usa to bangladesh,Core,Cost & rates,Bangladesh,outbound-US,Carrier-brand,10.0,10.0,0,4,19,4,Covered (hub only),/carriers/shipping-with-dhl,,,
shipping from us to dominican republic,Core,Parcel & courier,Dominican Republic,outbound-US,Commercial,8.9,9.79,0,3,3,3,Covered (hub only),/worldwide-destinations/shipping-to-dominican-republic,,,/blog/best-shipping-company-to-the-dominican-republic
shipping to brazil from us,Core,Parcel & courier,Brazil,outbound-US,Commercial,8.9,9.79,0,3,3,3,Covered (hub only),/worldwide-destinations/shipping-to-brazil,,,
shipping from us to switzerland,Core,Parcel & courier,Switzerland,outbound-US,Commercial,8.9,9.79,0,3,3,3,Covered (hub only),/worldwide-destinations/shipping-to-switzerland,,,
shipping to ghana near me,Core,Parcel & courier,Ghana,unspecified,Transactional,7.5,9.75,0,3,18,3,Covered (hub only),/worldwide-destinations/shipping-to-ghana,,,
shipping to canada from usa,Core,Parcel & courier,Canada,outbound-US,Commercial,8.8,9.68,2,2,1,2,Covered (hub only),/worldwide-destinations/shipping-to-canada,,,
courier services from india to usa in hyderabad,Secondary (en-in),Parcel & courier,India,inbound-US,Transactional,12.3,9.59,7,0,1,7,Covered (hub only),/en-in/services/international-shipping-from-india,,/en-in/services/international-shipping-from-india,
ship goods from usa to nigeria,Core,Parcel & courier,Nigeria,outbound-US,Commercial,8.7,9.57,0,3,4,3,Covered (hub only),/worldwide-destinations/shipping-to-nigeria,,,/blog/how-to-pack-and-ship-for-perishable-goods-to-nigeria
international shipping to dominican republic,Core,Parcel & courier,Dominican Republic,unspecified,Commercial,8.7,9.57,0,3,4,3,Covered (hub only),/worldwide-destinations/shipping-to-dominican-republic,,,
shipping to sweden from us,Core,Parcel & courier,Sweden,outbound-US,Commercial,8.7,9.57,0,3,4,3,Covered (hub only),/worldwide-destinations/shipping-to-sweden,,,
how much is shipping to uae,Core,Cost & rates,UAE,unspecified,Informational,11.9,9.52,7,0,3,7,Covered (hub only),/worldwide-destinations/shipping-to-uae,,,
moving back to india from usa checklist,Core,Moving & relocation,India,outbound-US,Commercial,8.6,9.46,3,1,2,4,Covered (hub only),/worldwide-moving/moving-to-india,,,
shipping container to brazil from usa,Core,Cargo & freight,Brazil,outbound-US,Commercial,8.6,9.46,2,2,2,2,Covered (hub only),/worldwide-destinations/shipping-to-brazil,,,
shipping to bangladesh from usa,Core,Parcel & courier,Bangladesh,outbound-US,Commercial,6.8,9.35,2,1,1,2,Gap (no page),,no page for this country,,
ship my car from usa to uk,Core,Car shipping,UK,outbound-US,Commercial,6.8,9.35,0,2,1,2,Gap (no page),,no international car page,,
ship car to australia from new zealand,Core,Car shipping,New Zealand,unspecified,Commercial,6.8,9.35,0,2,1,2,Gap (no page),,no international car page,/blog/shipping-a-car-to-new-zealand-from-usa,
ship car to jamaica from usa,Core,Car shipping,Jamaica,outbound-US,Commercial,6.8,9.35,0,2,1,2,Gap (no page),,no international car page,,
ship car from california to netherlands,Core,Car shipping,Netherlands,outbound-US,Commercial,6.8,9.35,0,2,1,2,Gap (no page),,no international car page,,
ship car overseas cost,Core,Car shipping,Any,unspecified,Commercial,6.8,9.35,2,1,1,2,Gap (no page),,no international car page,,
international car shipping,Core,Car shipping,Any,unspecified,Commercial,6.8,9.35,2,1,1,2,Lost (page deleted),,no international car page,,/blog/international-car-shipping-from-usa
shipping to canada from usa cost,Core,Cost & rates,Canada,outbound-US,Commercial,8.3,9.13,3,1,1,3,Covered (hub only),/worldwide-destinations/shipping-to-canada,,/blog/how-much-does-it-cost-to-ship-from-the-us-to-canada-a-complete-breakdown,
shipping from us to saudi arabia,Core,Parcel & courier,Saudi Arabia,outbound-US,Commercial,8.3,9.13,0,3,6,3,Covered (hub only),/worldwide-destinations/shipping-to-saudi-arabia,,,
international shipping to jamaica,Core,Parcel & courier,Jamaica,unspecified,Commercial,8.3,9.13,0,3,6,3,Covered (hub only),/worldwide-destinations/shipping-to-jamaica,,,
ship things from the us to jamaica,Core,Parcel & courier,Jamaica,outbound-US,Commercial,8.3,9.13,0,3,6,3,Covered (hub only),/worldwide-destinations/shipping-to-jamaica,,,
sri lanka to india ship,Core,Parcel & courier,Sri Lanka,unspecified,Commercial,6.6,9.07,0,2,2,2,Gap (no page),,no page for this country,,
vehicle shipping from usa to japan,Core,Car shipping,Japan,outbound-US,Commercial,6.6,9.07,0,2,2,2,Gap (no page),,no international car page,,
shipping cost from us to pakistan,Core,Cost & rates,Pakistan,outbound-US,Commercial,8.1,8.91,0,3,7,3,Covered (hub only),/worldwide-destinations/shipping-to-pakistan,,,
international shipping new york to brazil,Core,Parcel & courier,US-domestic,unspecified,Commercial,8.1,8.91,0,3,7,3,Covered (hub only),/services/domestic-shipping,,,
usps shipping to switzerland,Core,Parcel & courier,Switzerland,unspecified,Carrier-brand,8.9,8.9,0,3,3,3,Covered (hub only),/carriers/shipping-with-usps,,,
can you ship a vehicle overseas,Core,Car shipping,Any,unspecified,Informational,8.9,8.9,5,0,3,5,Gap (no page),,no international car page,,
international shipping companies,Core,Parcel & courier,Any,unspecified,Transactional,6.8,8.84,2,1,1,2,Covered (hub only),/services/worldwide-shipping,,,
package forwarding service,Core,Package forwarding,Any,unspecified,Transactional,6.8,8.84,2,1,1,2,Covered (hub only),/shop-us-stores-ship-worldwide,,,
can us ship to pakistan,Core,Parcel & courier,Pakistan,unspecified,Informational,11.0,8.8,0,4,5,4,Covered (hub only),/worldwide-destinations/shipping-to-pakistan,,,
shipping a car to italy from usa,Core,Car shipping,Italy,outbound-US,Commercial,6.4,8.8,0,2,3,2,Gap (no page),,no international car page,,
usps shipping to brazil,Core,Parcel & courier,Brazil,unspecified,Carrier-brand,8.7,8.7,0,3,4,3,Covered (hub only),/carriers/shipping-with-usps,,,
shipping from usa to saudi,Core,Parcel & courier,Saudi Arabia,outbound-US,Commercial,7.9,8.69,0,3,8,3,Covered (hub only),/worldwide-destinations/shipping-to-saudi-arabia,,,
shipping from us to philippines,Core,Parcel & courier,Philippines,outbound-US,Commercial,7.9,8.69,0,3,8,3,Covered (hub only),/worldwide-destinations/shipping-to-philippines,,,
postage to italy from usa,Core,Parcel & courier,Italy,outbound-US,Commercial,7.9,8.69,1,2,3,3,Covered (hub only),/worldwide-destinations/shipping-to-italy,,,
postage to switzerland from usa,Core,Parcel & courier,Switzerland,outbound-US,Commercial,7.9,8.69,1,2,3,3,Covered (hub only),/worldwide-destinations/shipping-to-switzerland,,,
cost of shipping a car to nigeria from usa,Core,Car shipping,Nigeria,outbound-US,Commercial,6.3,8.66,3,0,1,3,Lost (page deleted),,no international car page,,/blog/how-can-i-reduce-the-cost-of-shipping-to-nigeria
shipping car to ghana from usa,Core,Car shipping,Ghana,outbound-US,Commercial,6.3,8.66,3,0,1,3,Gap (no page),,no international car page,,
shipping car to france from usa,Core,Car shipping,France,outbound-US,Commercial,6.3,8.66,3,0,1,3,Gap (no page),,no international car page,,
shipping car to italy from usa,Core,Car shipping,Italy,outbound-US,Commercial,6.3,8.66,3,0,1,3,Gap (no page),,no international car page,,
shipping car to japan from usa,Core,Car shipping,Japan,outbound-US,Commercial,6.3,8.66,3,0,1,3,Gap (no page),,no international car page,,
shipping car to jamaica from usa,Core,Car shipping,Jamaica,outbound-US,Commercial,6.3,8.66,3,0,1,3,Gap (no page),,no international car page,,
shipping cars to dominican republic from usa,Core,Car shipping,Dominican Republic,outbound-US,Commercial,6.3,8.66,3,0,1,3,Gap (no page),,no international car page,,
shipping car to brazil from usa,Core,Car shipping,Brazil,outbound-US,Commercial,6.3,8.66,3,0,1,3,Gap (no page),,no international car page,,
shipping car to sweden from usa,Core,Car shipping,Sweden,outbound-US,Commercial,6.3,8.66,3,0,1,3,Gap (no page),,no international car page,,
shipping car overseas from usa,Core,Car shipping,Any,outbound-US,Commercial,6.3,8.66,3,0,1,3,Gap (no page),,no international car page,,
shipping car overseas with lien,Core,Car shipping,Any,unspecified,Commercial,6.3,8.66,3,0,1,3,Gap (no page),,no international car page,,
international car shipping by air cost,Core,Car shipping,Any,unspecified,Commercial,6.3,8.66,3,0,1,3,Lost (page deleted),,no international car page,,/blog/international-car-shipping-from-usa
international moving companies near me,Core,Moving & relocation,Any,unspecified,Transactional,6.6,8.58,2,1,2,2,Covered (hub only),/services/reliable-international-relocation-services,,,
car shipping from usa to nz costs,Core,Car shipping,New Zealand,outbound-US,Commercial,6.2,8.53,0,2,4,2,Gap (no page),,no international car page,,
car shipping us to haiti,Core,Car shipping,Haiti,outbound-US,Commercial,6.2,8.53,0,2,4,2,Gap (no page),,no international car page,,
how much does it cost to ship a vehicle overseas,Core,Car shipping,Any,unspecified,Informational,8.5,8.5,5,0,5,5,Gap (no page),,no international car page,,
how much does it cost to ship to pakistan,Core,Cost & rates,Pakistan,unspecified,Informational,10.6,8.48,6,0,2,6,Covered (hub only),/worldwide-destinations/shipping-to-pakistan,,,
how to ship to uae,Core,Parcel & courier,UAE,unspecified,Informational,10.6,8.48,6,0,2,6,Covered (hub only),/worldwide-destinations/shipping-to-uae,,,
ship package to philippines from us,Core,Parcel & courier,Philippines,outbound-US,Commercial,7.7,8.47,0,3,9,3,Covered (hub only),/worldwide-destinations/shipping-to-philippines,,,
shipping car from usa to uae price,Core,Car shipping,UAE,outbound-US,Commercial,6.1,8.39,3,0,2,3,Gap (no page),,no international car page,,
shipping to india from usa cheapest,Core,Cost & rates,India,outbound-US,Commercial,7.6,8.36,4,0,2,4,Covered (hub only),/worldwide-destinations/shipping-to-india,,/en-in/services/cheapest-domestic-relocation-services,
parcel to india from usa cost,Core,Cost & rates,India,outbound-US,Commercial,7.6,8.36,4,0,2,4,Covered (hub only),/worldwide-destinations/shipping-to-india,,,/blog/what-is-the-cost-of-shipping-from-usa-to-india
shipping from usa to nigeria takes how many days,Core,Transit time,Nigeria,outbound-US,Commercial,7.6,8.36,4,0,2,4,Covered (hub only),/worldwide-destinations/shipping-to-nigeria,,,
package forwarding service usa,Core,Package forwarding,Any,unspecified,Transactional,6.4,8.32,2,1,3,2,Covered (hub only),/shop-us-stores-ship-worldwide,,,
shipping to canada from usa usps,Core,Parcel & courier,Canada,outbound-US,Carrier-brand,8.3,8.3,3,1,1,3,Covered (hub only),/carriers/shipping-with-usps,,,
dhl shipping to nigeria from usa,Core,Parcel & courier,Nigeria,outbound-US,Carrier-brand,8.3,8.3,3,1,1,3,Covered (hub only),/carriers/shipping-with-dhl,,,
shipping cargo to pakistan,Core,Cargo & freight,Pakistan,unspecified,Commercial,7.5,8.25,0,3,11,3,Covered (hub only),/worldwide-destinations/shipping-to-pakistan,,,
nepal to canada shipping,Core,Parcel & courier,Canada,unspecified,Commercial,7.5,8.25,0,3,17,3,Covered (hub only),/worldwide-destinations/shipping-to-canada,,,
vehicle shipping from usa to australia,Core,Car shipping,Australia,outbound-US,Commercial,6.0,8.25,0,2,5,2,Gap (no page),,no international car page,,
car shipping usa to ghana,Core,Car shipping,Ghana,outbound-US,Commercial,6.0,8.25,0,2,5,2,Gap (no page),,no international car page,,
ship from us to kenya,Core,Parcel & courier,Kenya,outbound-US,Commercial,7.5,8.25,0,3,17,3,Covered (hub only),/worldwide-destinations/shipping-to-kenya,,,
ship from us to singapore,Core,Parcel & courier,Singapore,outbound-US,Commercial,7.5,8.25,0,3,12,3,Covered (hub only),/worldwide-destinations/shipping-to-singapore,,,
shipping from us to sg,Core,Parcel & courier,Any,outbound-US,Commercial,7.5,8.25,0,3,13,3,Covered (hub only),/services/worldwide-shipping,,,
shipping from us to singapore,Core,Parcel & courier,Singapore,outbound-US,Commercial,7.5,8.25,0,3,11,3,Covered (hub only),/worldwide-destinations/shipping-to-singapore,,,
courier to india from usa near me,Core,Parcel & courier,India,outbound-US,Transactional,6.3,8.19,3,0,1,3,Covered (hub only),/worldwide-destinations/shipping-to-india,,,
cargo service to pakistan from usa,Core,Cargo & freight,Pakistan,outbound-US,Transactional,6.3,8.19,3,0,1,3,Covered (hub only),/worldwide-destinations/shipping-to-pakistan,,,
international movers near me,Core,Moving & relocation,Any,unspecified,Transactional,6.3,8.19,3,0,1,3,Covered (hub only),/services/reliable-international-relocation-services,,,
car shipping usa to germany companies,Core,Car shipping,Germany,outbound-US,Transactional,5.0,8.12,0,2,11,2,Gap (no page),,no international car page,,
international car shipping calculator,Core,Car shipping,Any,unspecified,Transactional,5.0,8.12,1,1,5,2,Lost (page deleted),,no international car page,,/blog/international-car-shipping-from-usa
does usps ship to the netherlands,Core,Parcel & courier,Netherlands,unspecified,Carrier-brand,8.1,8.1,0,3,7,3,Covered (hub only),/carriers/shipping-with-usps,,,
shipping car from usa to emirates,Core,Car shipping,Any,outbound-US,Commercial,5.8,7.97,0,2,6,2,Gap (no page),,no international car page,,
auto shipping from usa to mexico,Core,Car shipping,Mexico,outbound-US,Commercial,5.8,7.97,0,2,6,2,Gap (no page),,no international car page,,
ship your car overseas,Core,Car shipping,Any,unspecified,Commercial,5.8,7.97,1,1,1,2,Gap (no page),,no international car page,,
international car shipping rates,Core,Car shipping,Any,unspecified,Commercial,5.8,7.97,1,1,1,2,Lost (page deleted),,no international car page,,/blog/international-car-shipping-from-usa
how much does it cost to ship a container from india to usa,Secondary (en-in),Cargo & freight,India,inbound-US,Informational,16.4,7.87,10,0,3,10,Covered (specific page),/en-in/services/international-shipping-from-india,,/blog/container-shipping-cost-canada-to-india,
how to ship to nigeria from usa,Core,Parcel & courier,Nigeria,outbound-US,Informational,9.8,7.84,2,2,1,4,Covered (hub only),/worldwide-destinations/shipping-to-nigeria,,,
shipping to india from usa fedex,Core,Parcel & courier,India,outbound-US,Carrier-brand,7.8,7.8,4,0,1,4,Covered (hub only),/carriers/shipping-with-fedex,,,
car shipping overseas near me,Core,Car shipping,Any,unspecified,Transactional,4.8,7.8,2,0,1,2,Gap (no page),,no international car page,,
door to door international car shipping,Core,Car shipping,Any,unspecified,Transactional,4.8,7.8,2,0,1,2,Lost (page deleted),,no international car page,,/blog/international-car-shipping-from-usa
international car shipping companies new jersey,Core,Car shipping,Any,unspecified,Transactional,4.8,7.8,2,0,1,2,Gap (no page),,no international car page,,
vehicle shipping from usa to uk,Core,Car shipping,UK,outbound-US,Commercial,5.6,7.7,0,2,7,2,Gap (no page),,no international car page,,
international car shipping miami,Core,Car shipping,Any,unspecified,Commercial,5.6,7.7,1,1,2,2,Lost (page deleted),,no international car page,,/blog/international-car-shipping-from-usa
door to door cargo international,Core,Cargo & freight,Any,unspecified,Transactional,4.7,7.64,1,1,4,1,Gap (no page),,no US freight-forwarding page,,
dhl shipping from usa to ghana,Core,Parcel & courier,Ghana,outbound-US,Carrier-brand,7.6,7.6,1,2,2,2,Covered (hub only),/carriers/shipping-with-dhl,,,
cargo to nigeria near me,Core,Cargo & freight,Nigeria,unspecified,Transactional,5.8,7.54,0,2,6,2,Covered (hub only),/worldwide-destinations/shipping-to-nigeria,,,
international shipping quote,Core,Cost & rates,Any,unspecified,Transactional,5.8,7.54,1,1,1,2,Covered (hub only),/services/worldwide-shipping,,,
international shipping services,Core,Parcel & courier,Any,unspecified,Transactional,5.8,7.54,1,1,1,2,Covered (hub only),/services/worldwide-shipping,,/en-ca/services/international-shipping-from-canada,
shipping services to india,Core,Parcel & courier,India,unspecified,Transactional,5.8,7.54,0,2,6,2,Covered (hub only),/worldwide-destinations/shipping-to-india,,/en-in/services/international-shipping-from-india,
shipping to pakistan from usa,Core,Parcel & courier,Pakistan,outbound-US,Commercial,6.8,7.48,2,1,1,2,Covered (hub only),/worldwide-destinations/shipping-to-pakistan,,,
shipping to nepal from usa,Core,Parcel & courier,Nepal,outbound-US,Commercial,6.8,7.48,2,1,1,2,Covered (hub only),/worldwide-destinations/shipping-to-nepal,,,
shipping to uk from usa,Core,Parcel & courier,UK,outbound-US,Commercial,6.8,7.48,2,1,1,2,Covered (hub only),/worldwide-destinations/shipping-to-uk,,,
shipping to australia from usa,Core,Parcel & courier,Australia,outbound-US,Commercial,6.8,7.48,2,1,1,2,Covered (hub only),/worldwide-destinations/shipping-to-australia,,,
shipping to new zealand from usa,Core,Parcel & courier,New Zealand,outbound-US,Commercial,6.8,7.48,2,1,1,2,Covered (hub only),/worldwide-destinations/shipping-to-new-zealand,,,
shipping to uae from usa,Core,Parcel & courier,UAE,outbound-US,Commercial,6.8,7.48,2,1,1,2,Covered (hub only),/worldwide-destinations/shipping-to-uae,,,
shipping to nigeria from usa,Core,Parcel & courier,Nigeria,outbound-US,Commercial,6.8,7.48,2,1,1,2,Covered (hub only),/worldwide-destinations/shipping-to-nigeria,,,
shipping from usa to kenya,Core,Parcel & courier,Kenya,outbound-US,Commercial,6.8,7.48,0,2,1,2,Covered (hub only),/worldwide-destinations/shipping-to-kenya,,,
shipping to philippines from usa,Core,Parcel & courier,Philippines,outbound-US,Commercial,6.8,7.48,2,1,1,2,Covered (hub only),/worldwide-destinations/shipping-to-philippines,,,
shipping to germany from usa,Core,Parcel & courier,Germany,outbound-US,Commercial,6.8,7.48,2,1,1,2,Covered (hub only),/worldwide-destinations/shipping-to-germany,,,
shipping to ireland from usa,Core,Parcel & courier,Ireland,outbound-US,Commercial,6.8,7.48,2,1,1,2,Covered (hub only),/worldwide-destinations/shipping-to-ireland,,,
shipping to italy from usa,Core,Parcel & courier,Italy,outbound-US,Commercial,6.8,7.48,2,1,1,2,Covered (hub only),/worldwide-destinations/shipping-to-italy,,,
shipping to china from usa,Core,Parcel & courier,China,outbound-US,Commercial,6.8,7.48,2,1,1,2,Covered (hub only),/worldwide-destinations/shipping-to-china,,,
shipping to japan from usa,Core,Parcel & courier,Japan,outbound-US,Commercial,6.8,7.48,2,1,1,2,Covered (hub only),/worldwide-destinations/shipping-to-japan,,,
shipping to mexico from usa,Core,Parcel & courier,Mexico,outbound-US,Commercial,6.8,7.48,2,1,1,2,Covered (hub only),/worldwide-destinations/shipping-to-mexico,,,
shipping to jamaica from usa,Core,Parcel & courier,Jamaica,outbound-US,Commercial,6.8,7.48,2,1,1,2,Covered (hub only),/worldwide-destinations/shipping-to-jamaica,,,
ship to haiti from usa,Core,Parcel & courier,Haiti,outbound-US,Commercial,6.8,7.48,0,2,1,2,Covered (hub only),/worldwide-destinations/shipping-to-haiti,,,
shipping to switzerland from usa,Core,Parcel & courier,Switzerland,outbound-US,Commercial,6.8,7.48,2,1,1,2,Covered (hub only),/worldwide-destinations/shipping-to-switzerland,,,
shipping to netherlands from usa,Core,Parcel & courier,Netherlands,outbound-US,Commercial,6.8,7.48,2,1,1,2,Covered (hub only),/worldwide-destinations/shipping-to-netherlands,,,
international shipping rates,Core,Cost & rates,Any,unspecified,Commercial,6.8,7.48,2,1,1,2,Covered (hub only),/services/worldwide-shipping,,,
cheapest way to ship internationally,Core,Cost & rates,Any,unspecified,Commercial,6.8,7.48,2,1,1,2,Covered (hub only),/services/worldwide-shipping,,/blog/ship-internationally,
international movers,Core,Moving & relocation,Any,unspecified,Commercial,6.8,7.48,2,1,1,2,Covered (hub only),/services/reliable-international-relocation-services,,,
best company to ship car overseas,Core,Car shipping,Any,unspecified,Transactional,4.6,7.47,2,0,2,2,Gap (no page),,no international car page,,
overseas car shipping near me,Core,Car shipping,Any,unspecified,Transactional,4.6,7.47,2,0,2,2,Gap (no page),,no international car page,,
international car shipping companies new york,Core,Car shipping,US-domestic,unspecified,Transactional,4.6,7.47,2,0,2,2,Gap (no page),,no international car page,,
ship my car overseas,Core,Car shipping,Any,unspecified,Commercial,5.4,7.43,1,1,3,2,Gap (no page),,no international car page,,
fedex shipping to india from usa cost,Core,Cost & rates,India,outbound-US,Carrier-brand,7.4,7.4,4,0,3,4,Covered (hub only),/carriers/shipping-with-fedex,,,/blog/what-is-the-cost-of-shipping-from-usa-to-india
how to buy a car and ship overseas,Core,Car shipping,Any,unspecified,Informational,7.4,7.4,4,0,3,4,Gap (no page),,no international car page,,
moving to uk from usa,Core,Moving & relocation,UK,outbound-US,Commercial,5.3,7.29,1,1,1,1,Gap (no page),,no moving page for this country,,
moving to canada from usa,Core,Moving & relocation,Canada,outbound-US,Commercial,5.3,7.29,1,1,1,1,Gap (no page),,no moving page for this country,,
moving to new zealand from usa,Core,Moving & relocation,New Zealand,outbound-US,Commercial,5.3,7.29,1,1,1,1,Gap (no page),,no moving page for this country,,
moving to saudi arabia from usa,Core,Moving & relocation,Saudi Arabia,outbound-US,Commercial,5.3,7.29,1,1,1,1,Gap (no page),,no moving page for this country,,
moving to nigeria from usa,Core,Moving & relocation,Nigeria,outbound-US,Commercial,5.3,7.29,1,1,1,1,Gap (no page),,no moving page for this country,,
moving to ghana from usa,Core,Moving & relocation,Ghana,outbound-US,Commercial,5.3,7.29,1,1,1,1,Gap (no page),,no moving page for this country,,
ship car to ghana from usa,Core,Car shipping,Ghana,outbound-US,Commercial,5.3,7.29,1,1,1,1,Gap (no page),,no international car page,,
moving to kenya from usa,Core,Moving & relocation,Kenya,outbound-US,Commercial,5.3,7.29,1,1,1,1,Gap (no page),,no moving page for this country,,
moving to south africa from usa,Core,Moving & relocation,South Africa,outbound-US,Commercial,5.3,7.29,1,1,1,1,Gap (no page),,no moving page for this country,,
moving to philippines from usa,Core,Moving & relocation,Philippines,outbound-US,Commercial,5.3,7.29,1,1,1,1,Gap (no page),,no moving page for this country,,
moving to france from usa,Core,Moving & relocation,France,outbound-US,Commercial,5.3,7.29,1,1,1,1,Gap (no page),,no moving page for this country,,
moving to italy from usa,Core,Moving & relocation,Italy,outbound-US,Commercial,5.3,7.29,1,1,1,1,Gap (no page),,no moving page for this country,,
moving to china from usa,Core,Moving & relocation,China,outbound-US,Commercial,5.3,7.29,1,1,1,1,Gap (no page),,no moving page for this country,,
moving to japan from usa,Core,Moving & relocation,Japan,outbound-US,Commercial,5.3,7.29,1,1,1,1,Gap (no page),,no moving page for this country,,
moving to singapore from usa,Core,Moving & relocation,Singapore,outbound-US,Commercial,5.3,7.29,1,1,1,1,Gap (no page),,no moving page for this country,,
moving to mexico from usa,Core,Moving & relocation,Mexico,outbound-US,Commercial,5.3,7.29,1,1,1,1,Gap (no page),,no moving page for this country,,
moving to jamaica from usa,Core,Moving & relocation,Jamaica,outbound-US,Commercial,5.3,7.29,1,1,1,1,Gap (no page),,no moving page for this country,,
moving to dominican republic from usa,Core,Moving & relocation,Dominican Republic,outbound-US,Commercial,5.3,7.29,1,1,1,1,Gap (no page),,no moving page for this country,,
moving to brazil from usa,Core,Moving & relocation,Brazil,outbound-US,Commercial,5.3,7.29,1,1,1,1,Gap (no page),,no moving page for this country,,
moving to netherlands from usa,Core,Moving & relocation,Netherlands,outbound-US,Commercial,5.3,7.29,1,1,1,1,Gap (no page),,no moving page for this country,,
shipping car from usa to ghana car duty price,Core,Car shipping,Ghana,outbound-US,Commercial,5.3,7.29,3,0,6,3,Gap (no page),,no international car page,,
international shipping services near me,Core,Parcel & courier,Any,unspecified,Transactional,5.6,7.28,1,1,2,2,Covered (hub only),/services/worldwide-shipping,,/en-ca/services/international-shipping-from-canada,
shipping to australia from usa cost,Core,Cost & rates,Australia,outbound-US,Commercial,6.6,7.26,2,1,2,2,Covered (hub only),/worldwide-destinations/shipping-to-australia,,,/blog/shipping-from-usa-to-australia-rules-cost-guide
cheapest shipping to new zealand from usa,Core,Cost & rates,New Zealand,outbound-US,Commercial,6.6,7.26,2,1,2,2,Covered (hub only),/worldwide-destinations/shipping-to-new-zealand,,,
air cargo to dubai,Core,Cargo & freight,UAE,unspecified,Commercial,6.6,7.26,0,2,2,2,Covered (hub only),/worldwide-destinations/shipping-to-uae,,,
shipping to dubai from usa cost,Core,Cost & rates,UAE,outbound-US,Commercial,6.6,7.26,2,1,2,2,Covered (hub only),/worldwide-destinations/shipping-to-uae,,,
shipping from usa to south africa cost,Core,Cost & rates,South Africa,outbound-US,Commercial,6.6,7.26,0,2,2,2,Covered (hub only),/worldwide-destinations/shipping-to-south-africa,,,
air cargo to philippines from usa,Core,Cargo & freight,Philippines,outbound-US,Commercial,6.6,7.26,0,2,2,2,Covered (hub only),/worldwide-destinations/shipping-to-philippines,,,
ship to ireland from usa,Core,Parcel & courier,Ireland,outbound-US,Commercial,6.6,7.26,0,2,2,2,Covered (hub only),/worldwide-destinations/shipping-to-ireland,,,
cheap freight from usa to france,Core,Cargo & freight,France,outbound-US,Commercial,6.6,7.26,0,2,2,2,Covered (hub only),/worldwide-destinations/shipping-to-france,,,
cheap freight from usa to singapore shipping,Core,Cargo & freight,Singapore,outbound-US,Commercial,6.6,7.26,0,2,2,2,Covered (hub only),/worldwide-destinations/shipping-to-singapore,,,
international movers network,Core,Moving & relocation,Any,unspecified,Commercial,6.6,7.26,2,1,2,2,Covered (hub only),/services/reliable-international-relocation-services,,,
auto shipping from usa to australia,Core,Car shipping,Australia,outbound-US,Commercial,5.2,7.15,0,2,9,2,Gap (no page),,no international car page,,
international movers to uk,Core,Moving & relocation,UK,unspecified,Commercial,5.2,7.15,1,1,4,2,Gap (no page),,no moving page for this country,,
international movers usa to uk,Core,Moving & relocation,UK,outbound-US,Commercial,5.2,7.15,1,1,4,2,Gap (no page),,no moving page for this country,,
is it worth moving back to india from usa,Core,Moving & relocation,India,outbound-US,Informational,8.9,7.12,5,0,3,5,Covered (specific page),/worldwide-moving/moving-to-india,,/blog/is-it-worth-moving-to-usa-from-india,
how to ship to london from us,Core,Parcel & courier,UK,outbound-US,Informational,8.9,7.12,5,0,3,5,Covered (hub only),/worldwide-destinations/shipping-to-uk,,,
how much to ship to nigeria,Core,Cost & rates,Nigeria,unspecified,Informational,8.9,7.12,5,0,3,5,Covered (hub only),/worldwide-destinations/shipping-to-nigeria,,,
can i send cargo to india,Core,Cargo & freight,India,unspecified,Informational,8.9,7.12,5,0,3,5,Covered (hub only),/worldwide-destinations/shipping-to-india,,,
cargo shipping from usa to india,Core,Cargo & freight,India,outbound-US,Commercial,6.4,7.04,0,2,3,2,Covered (hub only),/worldwide-destinations/shipping-to-india,,,
shipping from usa to saudi arabia,Core,Parcel & courier,Saudi Arabia,outbound-US,Commercial,6.4,7.04,0,2,3,2,Covered (hub only),/worldwide-destinations/shipping-to-saudi-arabia,,,
ship from usa to philippines,Core,Parcel & courier,Philippines,outbound-US,Commercial,6.4,7.04,0,2,3,2,Covered (hub only),/worldwide-destinations/shipping-to-philippines,,,
shipping cost from usa to france by courier,Core,Cost & rates,France,outbound-US,Commercial,6.4,7.04,0,2,3,2,Covered (hub only),/worldwide-destinations/shipping-to-france,,,
shipping package to italy from usa,Core,Parcel & courier,Italy,outbound-US,Commercial,6.4,7.04,0,2,3,2,Covered (hub only),/worldwide-destinations/shipping-to-italy,,,
cheap freight from usa to singapore,Core,Cargo & freight,Singapore,outbound-US,Commercial,6.4,7.04,0,2,3,2,Covered (hub only),/worldwide-destinations/shipping-to-singapore,,,
shipping to dominican republic from miami,Core,Parcel & courier,Dominican Republic,outbound-US,Commercial,6.4,7.04,0,2,3,2,Covered (hub only),/worldwide-destinations/shipping-to-dominican-republic,,,
shipping boxes to brazil from usa,Core,Specific items,Brazil,outbound-US,Commercial,6.4,7.04,2,1,3,2,Covered (hub only),/worldwide-destinations/shipping-to-brazil,,,
moving to uk from usa requirements,Core,Moving & relocation,UK,outbound-US,Commercial,5.1,7.01,1,1,2,1,Gap (no page),,no moving page for this country,,
moving to philippines from usa requirements,Core,Moving & relocation,Philippines,outbound-US,Commercial,5.1,7.01,1,1,2,1,Gap (no page),,no moving page for this country,,
ship car overseas,Core,Car shipping,Any,unspecified,Commercial,5.1,7.01,1,1,2,1,Gap (no page),,no international car page,,
how much to ship a car overseas,Core,Car shipping,Any,unspecified,Informational,7.0,7.0,4,0,5,4,Gap (no page),,no international car page,,
how to ship to ghana,Core,Parcel & courier,Ghana,unspecified,Informational,8.7,6.96,0,3,4,3,Covered (hub only),/worldwide-destinations/shipping-to-ghana,,,
shipping to pakistan from usa cost,Core,Cost & rates,Pakistan,outbound-US,Commercial,6.3,6.93,3,0,1,3,Covered (hub only),/worldwide-destinations/shipping-to-pakistan,,,
cargo to pakistan from usa,Core,Cargo & freight,Pakistan,outbound-US,Commercial,6.3,6.93,3,0,1,3,Covered (hub only),/worldwide-destinations/shipping-to-pakistan,,,
shipping to uk from usa cost,Core,Cost & rates,UK,outbound-US,Commercial,6.3,6.93,3,0,1,3,Covered (hub only),/worldwide-destinations/shipping-to-uk,,,
international shipping to canada from usa,Core,Parcel & courier,Canada,outbound-US,Commercial,6.3,6.93,3,0,1,3,Covered (hub only),/worldwide-destinations/shipping-to-canada,,/en-ca/services/international-shipping-from-canada,
shipping to nigeria from usa cost,Core,Cost & rates,Nigeria,outbound-US,Commercial,6.3,6.93,3,0,1,3,Covered (hub only),/worldwide-destinations/shipping-to-nigeria,,,/blog/how-can-i-reduce-the-cost-of-shipping-to-nigeria
shipping barrel to nigeria from usa,Core,Parcel & courier,Nigeria,outbound-US,Commercial,6.3,6.93,3,0,1,3,Covered (hub only),/worldwide-destinations/shipping-to-nigeria,,,
shipping packages to ghana from usa,Core,Parcel & courier,Ghana,outbound-US,Commercial,6.3,6.93,3,0,1,3,Covered (hub only),/worldwide-destinations/shipping-to-ghana,,,
shipping boxes to ghana from usa,Core,Specific items,Ghana,outbound-US,Commercial,6.3,6.93,3,0,1,3,Covered (hub only),/worldwide-destinations/shipping-to-ghana,,,
international shipping to ghana from usa,Core,Parcel & courier,Ghana,outbound-US,Commercial,6.3,6.93,3,0,1,3,Covered (hub only),/worldwide-destinations/shipping-to-ghana,,,
air freight shipping to ghana from usa,Core,Cargo & freight,Ghana,outbound-US,Commercial,6.3,6.93,3,0,1,3,Covered (hub only),/worldwide-destinations/shipping-to-ghana,,,
shipping to philippines from usa cost,Core,Cost & rates,Philippines,outbound-US,Commercial,6.3,6.93,3,0,1,3,Covered (hub only),/worldwide-destinations/shipping-to-philippines,,,
shipping box to philippines from usa,Core,Parcel & courier,Philippines,outbound-US,Commercial,6.3,6.93,3,0,1,3,Covered (hub only),/worldwide-destinations/shipping-to-philippines,,,
international shipping to philippines from usa,Core,Parcel & courier,Philippines,outbound-US,Commercial,6.3,6.93,3,0,1,3,Covered (hub only),/worldwide-destinations/shipping-to-philippines,,,
international movers and packers,Core,Moving & relocation,Any,unspecified,Commercial,6.3,6.93,3,0,1,3,Covered (hub only),/services/reliable-international-relocation-services,,,
shipping to india from the us,Core,Parcel & courier,India,outbound-US,Commercial,6.3,6.93,3,0,1,3,Covered (hub only),/worldwide-destinations/shipping-to-india,,,/blog/how-to-ship-from-the-usa-to-india
shipping from usa to ghana how many days,Core,Transit time,Ghana,outbound-US,Commercial,6.3,6.93,3,0,1,3,Covered (hub only),/worldwide-destinations/shipping-to-ghana,,,
international shipping company,Core,Parcel & courier,Any,unspecified,Transactional,5.3,6.89,1,1,1,1,Covered (hub only),/services/worldwide-shipping,,/blog/how-to-choose-the-best-international-shipping-company,
international moving companies,Core,Moving & relocation,Any,unspecified,Transactional,5.3,6.89,1,1,1,1,Covered (hub only),/services/reliable-international-relocation-services,,,
shipping car from usa to england,Core,Car shipping,UK,outbound-US,Commercial,5.0,6.88,0,2,15,2,Gap (no page),,no international car page,,
vehicle shipping from usa to europe,Core,Car shipping,Any,outbound-US,Commercial,5.0,6.88,0,2,14,2,Gap (no page),,no international car page,,
car shipping america to japan,Core,Car shipping,Japan,outbound-US,Commercial,5.0,6.88,0,2,10,2,Gap (no page),,no international car page,,
international car shipping canada,Core,Car shipping,Canada,unspecified,Commercial,5.0,6.88,1,1,5,2,Gap (no page),,no international car page,/en-ca/services/international-shipping-from-canada,
car shipping quotes,Secondary,Car shipping,Any,unspecified,Commercial,8.3,6.85,3,1,1,3,Gap (no page),,no international car page,,
international car shipping companies in new jersey,Core,Car shipping,Any,unspecified,Transactional,4.2,6.83,2,0,4,2,Gap (no page),,no international car page,,
international vehicle shipping services ivss,Core,Car shipping,Any,unspecified,Transactional,4.2,6.83,2,0,4,2,Gap (no page),,no international car page,/en-ca/services/international-shipping-from-canada,
international vehicle shipping services ltd,Core,Car shipping,Any,unspecified,Transactional,4.2,6.83,2,0,4,2,Gap (no page),,no international car page,/en-ca/services/international-shipping-from-canada,
ship from usa to india,Core,Parcel & courier,India,outbound-US,Commercial,6.2,6.82,0,2,4,2,Covered (hub only),/worldwide-destinations/shipping-to-india,,,/blog/how-to-ship-from-the-usa-to-india
courier from usa to south africa,Core,Parcel & courier,South Africa,outbound-US,Commercial,6.2,6.82,0,2,4,2,Covered (hub only),/worldwide-destinations/shipping-to-south-africa,,,
mail to ireland from usa,Core,Parcel & courier,Ireland,outbound-US,Commercial,6.2,6.82,0,2,4,2,Covered (hub only),/worldwide-destinations/shipping-to-ireland,,,
ship to france from usa,Core,Parcel & courier,France,outbound-US,Commercial,6.2,6.82,0,2,4,2,Covered (hub only),/worldwide-destinations/shipping-to-france,,,
cheapest shipping to china from usa,Core,Cost & rates,China,outbound-US,Commercial,6.2,6.82,2,1,4,2,Covered (hub only),/worldwide-destinations/shipping-to-china,,,/blog/cheapest-way-to-ship-a-package-to-china
ship from usa to china,Core,Parcel & courier,China,outbound-US,Commercial,6.2,6.82,0,2,4,2,Covered (hub only),/worldwide-destinations/shipping-to-china,,,
shipping from usa to mexico,Core,Parcel & courier,Mexico,outbound-US,Commercial,6.2,6.82,0,2,4,2,Covered (hub only),/worldwide-destinations/shipping-to-mexico,,,
shipping to jamaica from florida,Core,Parcel & courier,Jamaica,outbound-US,Commercial,6.2,6.82,0,2,4,2,Covered (hub only),/worldwide-destinations/shipping-to-jamaica,,,
mail to switzerland from usa,Core,Parcel & courier,Switzerland,outbound-US,Commercial,6.2,6.82,0,2,4,2,Covered (hub only),/worldwide-destinations/shipping-to-switzerland,,,
netherlands packages from usa,Core,Parcel & courier,Netherlands,outbound-US,Commercial,6.2,6.82,0,2,4,2,Covered (hub only),/worldwide-destinations/shipping-to-netherlands,,,
dhl shipping from usa to mexico,Core,Parcel & courier,Mexico,outbound-US,Carrier-brand,6.8,6.8,0,2,1,2,Covered (hub only),/carriers/shipping-with-dhl,,,
international shipping usps,Core,Parcel & courier,Any,unspecified,Carrier-brand,6.8,6.8,2,1,1,2,Covered (hub only),/carriers/shipping-with-usps,,,
fedex international shipping calculator,Core,Cost & rates,Any,unspecified,Carrier-brand,6.8,6.8,1,2,6,2,Covered (hub only),/carriers/shipping-with-fedex,,,/blog/international-priority-shipping-with-fedex
cheapest courier service to india from usa,Core,Cost & rates,India,outbound-US,Transactional,5.2,6.76,1,1,4,2,Covered (hub only),/worldwide-destinations/shipping-to-india,,/en-in/faq/usa-courier-service,
moving to canada from usa checklist,Core,Moving & relocation,Canada,outbound-US,Commercial,4.9,6.74,1,1,3,1,Gap (no page),,no moving page for this country,,
moving to italy from usa requirements,Core,Moving & relocation,Italy,outbound-US,Commercial,4.9,6.74,1,1,3,1,Gap (no page),,no moving page for this country,,
moving to japan from us requirements,Core,Moving & relocation,Japan,outbound-US,Commercial,4.9,6.74,1,1,3,1,Gap (no page),,no moving page for this country,,
ship to india from usa by sea,Core,Cargo & freight,India,outbound-US,Commercial,6.1,6.71,3,0,2,3,Covered (hub only),/worldwide-destinations/shipping-to-india,,,
shipping to uk from usa customs,Core,Customs & rules,UK,outbound-US,Commercial,6.1,6.71,3,0,2,3,Covered (hub only),/worldwide-destinations/shipping-to-uk,,,
shipping container to ghana from usa,Core,Cargo & freight,Ghana,outbound-US,Commercial,6.1,6.71,3,0,2,3,Covered (hub only),/worldwide-destinations/shipping-to-ghana,,,
shipping tv to philippines from usa,Core,Specific items,Philippines,outbound-US,Commercial,6.1,6.71,3,0,2,3,Covered (hub only),/worldwide-destinations/shipping-to-philippines,,,
shipping to sweden from usa cost,Core,Cost & rates,Sweden,outbound-US,Commercial,6.1,6.71,3,0,2,3,Covered (hub only),/worldwide-destinations/shipping-to-sweden,,,
moving companies from usa to south africa,Core,Moving & relocation,South Africa,outbound-US,Transactional,4.1,6.66,0,1,2,1,Gap (no page),,no moving page for this country,,
moving companies from usa to brazil,Core,Moving & relocation,Brazil,outbound-US,Transactional,4.1,6.66,0,1,2,1,Gap (no page),,no moving page for this country,,
car shipping companies,Secondary,Car shipping,Any,unspecified,Transactional,6.8,6.63,2,1,1,2,Gap (no page),,no international car page,,
shipping to sri lanka from usa,Core,Parcel & courier,Sri Lanka,outbound-US,Commercial,4.8,6.6,2,0,1,2,Gap (no page),,no page for this country,,
shipping car to uk from usa,Core,Car shipping,UK,outbound-US,Commercial,4.8,6.6,2,0,1,2,Gap (no page),,no international car page,,
ship a car to canada from usa,Core,Car shipping,Canada,outbound-US,Commercial,4.8,6.6,2,0,1,2,Gap (no page),,no international car page,/blog/shipping-a-car-from-canada-to-the-us-what-you-need-to-know,
how to move to dubai,Core,Moving & relocation,UAE,unspecified,Informational,6.6,6.6,0,2,2,2,Gap (no page),,no moving page for this country,,
cargo shipping from saudi arabia to uae,Core,Cargo & freight,Saudi Arabia,unspecified,Commercial,6.0,6.6,0,2,5,2,Covered (hub only),/worldwide-destinations/shipping-to-saudi-arabia,,,
shipping from usa to south africa price,Core,Cost & rates,South Africa,outbound-US,Commercial,6.0,6.6,0,2,5,2,Covered (hub only),/worldwide-destinations/shipping-to-south-africa,,,
shipping cost from usa to france comparison,Core,Cost & rates,France,outbound-US,Commercial,6.0,6.6,0,2,5,2,Covered (hub only),/worldwide-destinations/shipping-to-france,,,
ups shipping to italy from usa,Core,Parcel & courier,Italy,outbound-US,Carrier-brand,6.6,6.6,2,1,2,2,Covered (hub only),/carriers/shipping-with-ups,,,
shipping from us to japan,Core,Parcel & courier,Japan,outbound-US,Commercial,6.0,6.6,0,2,5,2,Covered (hub only),/worldwide-destinations/shipping-to-japan,,,
cheapest sea freight usa to singapore,Core,Cargo & freight,Singapore,outbound-US,Commercial,6.0,6.6,0,2,5,2,Covered (hub only),/worldwide-destinations/shipping-to-singapore,,,
ship car overseas military,Core,Car shipping,Any,unspecified,Commercial,4.8,6.6,2,0,1,2,Gap (no page),,no international car page,,
ship car overseas price,Core,Car shipping,Any,unspecified,Commercial,4.8,6.6,2,0,1,2,Gap (no page),,no international car page,,
international car shipping insurance,Core,Car shipping,Any,unspecified,Commercial,4.8,6.6,2,0,1,2,Lost (page deleted),,no international car page,,/blog/international-car-shipping-from-usa
international shipping calculator usps,Core,Cost & rates,Any,unspecified,Carrier-brand,6.6,6.6,2,1,2,2,Covered (hub only),/carriers/shipping-with-usps,,,
shipping motorcycle to india from usa,Core,Car shipping,India,outbound-US,Commercial,4.8,6.6,2,0,1,2,Gap (no page),,no international car page,/blog/shipping-your-motorcycle-from-the-usa-to-india-a-complete-guide,
shipping household goods to uk from usa,Core,Moving & relocation,UK,outbound-US,Commercial,4.8,6.6,2,0,1,2,Gap (no page),,no moving page for this country,/blog/shipping-household-goods-to-germany,
international movers dubai,Core,Moving & relocation,UAE,unspecified,Commercial,4.8,6.6,2,0,1,2,Gap (no page),,no moving page for this country,,
international movers singapore,Core,Moving & relocation,Singapore,unspecified,Commercial,4.8,6.6,2,0,1,2,Gap (no page),,no moving page for this country,,
international car shipping to africa,Core,Car shipping,Any,unspecified,Commercial,4.8,6.6,2,0,1,2,Lost (page deleted),,no international car page,,/blog/international-car-shipping-from-usa
sea go international car shipping,Core,Car shipping,Any,unspecified,Commercial,4.8,6.6,2,0,1,2,Lost (page deleted),,no international car page,,/blog/international-car-shipping-from-usa
shipping company to nigeria near me,Core,Parcel & courier,Nigeria,unspecified,Transactional,5.0,6.5,0,2,10,2,Covered (hub only),/worldwide-destinations/shipping-to-nigeria,,,
shipping companies to africa from usa,Core,Parcel & courier,Any,outbound-US,Transactional,5.0,6.5,0,2,11,2,Covered (hub only),/services/worldwide-shipping,,,
shipping cost from usa to france calculator,Core,Cost & rates,France,outbound-US,Transactional,5.0,6.5,0,2,10,2,Covered (hub only),/worldwide-destinations/shipping-to-france,,,
international shipping cost calculator,Core,Cost & rates,Any,unspecified,Transactional,5.0,6.5,1,1,5,2,Covered (hub only),/services/worldwide-shipping,,,
international vehicle shipping services limited,Core,Car shipping,Any,unspecified,Transactional,4.0,6.5,2,0,5,2,Gap (no page),,no international car page,/en-ca/services/international-shipping-from-canada,
cheapest shipping to pakistan from usa,Core,Cost & rates,Pakistan,outbound-US,Commercial,5.9,6.49,3,0,3,3,Covered (hub only),/worldwide-destinations/shipping-to-pakistan,,,
cheapest shipping to philippines from usa,Core,Cost & rates,Philippines,outbound-US,Commercial,5.9,6.49,3,0,3,3,Covered (hub only),/worldwide-destinations/shipping-to-philippines,,,
cargo shipping to philippines from usa,Core,Cargo & freight,Philippines,outbound-US,Commercial,5.9,6.49,3,0,3,3,Covered (hub only),/worldwide-destinations/shipping-to-philippines,,,
international movers network reviews,Core,Moving & relocation,Any,unspecified,Commercial,5.9,6.49,3,0,3,3,Covered (hub only),/services/reliable-international-relocation-services,,,
moving to mexico city from usa,Core,Moving & relocation,Mexico,outbound-US,Commercial,4.7,6.46,1,1,4,1,Gap (no page),,no moving page for this country,,
ship usa to uae courier ups,Core,Parcel & courier,UAE,outbound-US,Carrier-brand,6.4,6.4,0,2,3,2,Covered (hub only),/carriers/shipping-with-ups,,,
can an american citizen move to dubai,Core,Moving & relocation,UAE,unspecified,Informational,6.4,6.4,0,2,3,2,Gap (no page),,no moving page for this country,,
ship from us to philippines,Core,Parcel & courier,Philippines,outbound-US,Commercial,5.8,6.38,0,2,6,2,Covered (hub only),/worldwide-destinations/shipping-to-philippines,,,
ship from us to china,Core,Parcel & courier,China,outbound-US,Commercial,5.8,6.38,0,2,6,2,Covered (hub only),/worldwide-destinations/shipping-to-china,,,
cheapest sea freight usa to singapore carrier,Core,Cargo & freight,Singapore,outbound-US,Commercial,5.8,6.38,0,2,6,2,Covered (hub only),/worldwide-destinations/shipping-to-singapore,,,
mailing to switzerland from us,Core,Parcel & courier,Switzerland,outbound-US,Commercial,5.8,6.38,0,2,6,2,Covered (hub only),/worldwide-destinations/shipping-to-switzerland,,,
postage to netherlands from usa,Core,Parcel & courier,Netherlands,outbound-US,Commercial,5.8,6.38,0,2,6,2,Covered (hub only),/worldwide-destinations/shipping-to-netherlands,,,
international shipping label,Core,Parcel & courier,Any,unspecified,Commercial,5.8,6.38,1,1,1,2,Covered (hub only),/services/worldwide-shipping,,,
international movers ottawa,Core,Moving & relocation,Any,unspecified,Commercial,5.8,6.38,1,1,1,2,Covered (hub only),/services/reliable-international-relocation-services,,,
package forwarding japan,Core,Package forwarding,Japan,unspecified,Commercial,5.8,6.38,1,1,1,2,Covered (hub only),/shop-us-stores-ship-worldwide,,,
international shipping address format,Core,Parcel & courier,Any,unspecified,Commercial,5.8,6.38,1,1,1,2,Covered (hub only),/services/worldwide-shipping,,,
international shipping household goods,Core,Moving & relocation,Any,unspecified,Commercial,5.8,6.38,1,1,1,2,Covered (hub only),/services/reliable-international-relocation-services,,,
international courier service in bangladesh,Core,Parcel & courier,Bangladesh,unspecified,Transactional,3.9,6.34,0,1,3,1,Lost (page deleted),,no page for this country,,/blog/international-courier-service-in-hyderabad
moving companies from usa to new zealand,Core,Moving & relocation,New Zealand,outbound-US,Transactional,3.9,6.34,0,1,3,1,Gap (no page),,no moving page for this country,,
moving companies from usa to france,Core,Moving & relocation,France,outbound-US,Transactional,3.9,6.34,0,1,3,1,Gap (no page),,no moving page for this country,,
moving companies from usa to china,Core,Moving & relocation,China,outbound-US,Transactional,3.9,6.34,0,1,3,1,Gap (no page),,no moving page for this country,,
book air cargo from usa,Core,Cargo & freight,Any,outbound-US,Transactional,3.9,6.34,0,1,3,1,Gap (no page),,no US freight-forwarding page,,
cost of shipping car to india from usa,Core,Car shipping,India,outbound-US,Commercial,4.6,6.32,2,0,2,2,Lost (page deleted),,no international car page,,/blog/what-is-the-cost-of-shipping-from-usa-to-india
shipping car from usa to saudi arabia price,Core,Car shipping,Saudi Arabia,outbound-US,Commercial,4.6,6.32,2,0,2,2,Gap (no page),,no international car page,,
shipping a car to dominican republic from us requirements,Core,Car shipping,Dominican Republic,outbound-US,Commercial,4.6,6.32,2,0,2,2,Gap (no page),,no international car page,,
shipping household goods from usa to philippines,Core,Moving & relocation,Philippines,outbound-US,Commercial,4.6,6.32,2,0,2,2,Gap (no page),,no moving page for this country,,
international van lines car shipping,Core,Car shipping,Any,unspecified,Commercial,4.6,6.32,2,0,2,2,Lost (page deleted),,no international car page,,/blog/international-car-shipping-from-usa
shipping to india from usa usps,Core,Parcel & courier,India,outbound-US,Carrier-brand,6.3,6.3,3,0,1,3,Covered (hub only),/carriers/shipping-with-usps,,,
usps shipping to pakistan from usa,Core,Parcel & courier,Pakistan,outbound-US,Carrier-brand,6.3,6.3,3,0,1,3,Covered (hub only),/carriers/shipping-with-usps,,,
is ups shipping to pakistan from usa,Core,Parcel & courier,Pakistan,outbound-US,Carrier-brand,6.3,6.3,3,0,1,3,Covered (hub only),/carriers/shipping-with-ups,,,
shipping to uk from usa usps,Core,Parcel & courier,UK,outbound-US,Carrier-brand,6.3,6.3,3,0,1,3,Covered (hub only),/carriers/shipping-with-usps,,,
usps shipping to ghana from usa,Core,Parcel & courier,Ghana,outbound-US,Carrier-brand,6.3,6.3,3,0,1,3,Covered (hub only),/carriers/shipping-with-usps,,,
dhl shipping to ghana from usa,Core,Parcel & courier,Ghana,outbound-US,Carrier-brand,6.3,6.3,3,0,1,3,Covered (hub only),/carriers/shipping-with-dhl,,,
documents needed to ship car overseas,Core,Car shipping,Any,unspecified,Informational,6.3,6.3,3,0,1,3,Gap (no page),,no international car page,,
shipping container to pakistan from usa,Core,Cargo & freight,Pakistan,outbound-US,Commercial,5.7,6.27,3,0,4,3,Covered (hub only),/worldwide-destinations/shipping-to-pakistan,,,
ship box to india from usa,Core,Parcel & courier,India,outbound-US,Commercial,5.7,6.27,3,0,4,3,Covered (hub only),/worldwide-destinations/shipping-to-india,,,
cargo shipping from usa to india cost,Core,Cargo & freight,India,outbound-US,Commercial,5.7,6.27,3,0,4,3,Covered (hub only),/worldwide-destinations/shipping-to-india,,/blog/shipping-cargo-from-usa-to-india-cost-process-delivery-time,/blog/what-is-the-cost-of-shipping-from-usa-to-india
courier service to india from usa,Core,Parcel & courier,India,outbound-US,Transactional,4.8,6.24,2,0,1,2,Covered (hub only),/worldwide-destinations/shipping-to-india,,/en-in/faq/usa-courier-service,
car shipping cost calculator,Secondary,Car shipping,Any,unspecified,Transactional,6.4,6.24,2,1,3,2,Gap (no page),,no international car page,,
fedex shipping to italy from usa,Core,Parcel & courier,Italy,outbound-US,Carrier-brand,6.2,6.2,0,2,4,2,Covered (hub only),/carriers/shipping-with-fedex,,,
usps shipping to netherlands,Core,Parcel & courier,Netherlands,unspecified,Carrier-brand,6.2,6.2,0,2,4,2,Covered (hub only),/carriers/shipping-with-usps,,,
how much does it cost to ship a package usps,Core,Cost & rates,Any,unspecified,Carrier-brand,6.2,6.2,2,1,4,2,Covered (hub only),/carriers/shipping-with-usps,,,/blog/how-much-does-it-cost-to-ship-a-large-package-in-the-usa
pakistan to uk shipping,Core,Parcel & courier,Pakistan,unspecified,Commercial,5.6,6.16,0,2,7,2,Covered (hub only),/worldwide-destinations/shipping-to-pakistan,,,
air freight from usa to nigeria cost,Core,Cargo & freight,Nigeria,outbound-US,Commercial,5.6,6.16,0,2,7,2,Covered (hub only),/worldwide-destinations/shipping-to-nigeria,,,/blog/cost-of-moving-to-sweden-from-usa-air-sea-freight
cheapest shipping from usa to philippines,Core,Cost & rates,Philippines,outbound-US,Commercial,5.6,6.16,0,2,7,2,Covered (hub only),/worldwide-destinations/shipping-to-philippines,,,
shipping from us to france cost,Core,Cost & rates,France,outbound-US,Commercial,5.6,6.16,0,2,7,2,Covered (hub only),/worldwide-destinations/shipping-to-france,,,
send package to italy from usa,Core,Parcel & courier,Italy,outbound-US,Commercial,5.6,6.16,0,2,7,2,Covered (hub only),/worldwide-destinations/shipping-to-italy,,,
cheap shipping to china from usa,Core,Cost & rates,China,outbound-US,Commercial,5.6,6.16,2,1,7,2,Covered (hub only),/worldwide-destinations/shipping-to-china,,,
ship to jamaica from florida,Core,Parcel & courier,Jamaica,outbound-US,Commercial,5.6,6.16,0,2,7,2,Covered (hub only),/worldwide-destinations/shipping-to-jamaica,,,
cheapest way to ship luggage internationally,Core,Cost & rates,Any,unspecified,Commercial,5.6,6.16,1,1,2,2,Covered (hub only),/services/worldwide-shipping,,,
international movers usa,Core,Moving & relocation,Any,unspecified,Commercial,5.6,6.16,1,1,2,2,Covered (hub only),/services/reliable-international-relocation-services,,,
international movers calgary,Core,Moving & relocation,Any,unspecified,Commercial,5.6,6.16,1,1,2,2,Covered (hub only),/services/reliable-international-relocation-services,,,
international movers houston,Core,Moving & relocation,Any,unspecified,Commercial,5.6,6.16,1,1,2,2,Covered (hub only),/services/reliable-international-relocation-services,,,
international movers los angeles,Core,Moving & relocation,Any,unspecified,Commercial,5.6,6.16,1,1,2,2,Covered (hub only),/services/reliable-international-relocation-services,,,
courier from india to usa price per kg,Secondary (en-in),Cost & rates,India,inbound-US,Commercial,9.3,6.14,5,0,1,5,Covered (hub only),/en-in/services/international-shipping-from-india,,/blog/usa-to-india-shipping-cost-per-kg,
shipping to uk from usa ups,Core,Parcel & courier,UK,outbound-US,Carrier-brand,6.1,6.1,3,0,2,3,Covered (hub only),/carriers/shipping-with-ups,,,
how long to ship car overseas,Core,Car shipping,Any,unspecified,Informational,6.1,6.1,3,0,2,3,Gap (no page),,no international car page,,
shipping car to dubai from usa,Core,Car shipping,UAE,outbound-US,Commercial,4.4,6.05,2,0,3,2,Gap (no page),,no international car page,,
best courier to send documents to india from usa,Core,Customs & rules,India,outbound-US,Commercial,5.5,6.05,3,0,5,3,Covered (hub only),/worldwide-destinations/shipping-to-india,,/blog/how-to-send-documents-internationally-affordable-and-reliable-courier-services-from-the-usa-to-india,
roro shipping from usa to ghana price,Core,Car shipping,Ghana,outbound-US,Commercial,4.4,6.05,2,0,3,2,Gap (no page),,no international car page,,
international shipping by sea,Core,Cargo & freight,Any,unspecified,Commercial,4.4,6.05,2,0,3,2,Gap (no page),,no US freight-forwarding page,,
sea go international car shipping reviews,Core,Car shipping,Any,unspecified,Commercial,4.4,6.05,2,0,3,2,Lost (page deleted),,no international car page,,/blog/international-car-shipping-from-usa
international car shipping to mexico,Core,Car shipping,Mexico,unspecified,Commercial,4.4,6.05,2,0,3,2,Lost (page deleted),,no international car page,,/blog/international-car-shipping-from-usa
car shipping companies near me,Secondary,Car shipping,Any,unspecified,Transactional,6.2,6.04,2,1,4,2,Gap (no page),,no international car page,,
moving companies from usa to uk,Core,Moving & relocation,UK,outbound-US,Transactional,3.7,6.01,0,1,4,1,Gap (no page),,no moving page for this country,,
moving companies from usa to italy,Core,Moving & relocation,Italy,outbound-US,Transactional,3.7,6.01,0,1,4,1,Gap (no page),,no moving page for this country,,
international vehicle shipping calculator,Core,Car shipping,Any,unspecified,Transactional,3.7,6.01,0,1,4,1,Gap (no page),,no international car page,,
door to door shipping to ghana from usa,Core,Parcel & courier,Ghana,outbound-US,Transactional,4.6,5.98,2,0,2,2,Covered (hub only),/worldwide-destinations/shipping-to-ghana,,,
international shipping from usa to india,Core,Parcel & courier,India,outbound-US,Commercial,5.4,5.94,1,1,3,2,Covered (hub only),/worldwide-destinations/shipping-to-india,,/en-in/services/international-shipping-from-india,
ship courier usa to uae,Core,Parcel & courier,UAE,outbound-US,Commercial,5.4,5.94,0,2,8,2,Covered (hub only),/worldwide-destinations/shipping-to-uae,,,
international shipping to ghana,Core,Parcel & courier,Ghana,unspecified,Commercial,5.4,5.94,0,2,8,2,Covered (hub only),/worldwide-destinations/shipping-to-ghana,,,
shipping to africa from usa,Core,Parcel & courier,Any,outbound-US,Commercial,5.4,5.94,0,2,8,2,Covered (hub only),/services/worldwide-shipping,,,
postage to ireland from usa,Core,Parcel & courier,Ireland,outbound-US,Commercial,5.4,5.94,1,1,3,2,Covered (hub only),/worldwide-destinations/shipping-to-ireland,,,
ship car from california to new zealand,Core,Car shipping,New Zealand,outbound-US,Commercial,4.3,5.91,0,1,1,1,Gap (no page),,no international car page,/blog/shipping-a-car-to-new-zealand-from-usa,
ship car to philippines from us,Core,Car shipping,Philippines,outbound-US,Commercial,4.3,5.91,0,1,1,1,Gap (no page),,no international car page,,
moving to mexico from usa requirements,Core,Moving & relocation,Mexico,outbound-US,Commercial,4.3,5.91,0,1,1,1,Gap (no page),,no moving page for this country,,
overseas movers singapore,Core,Moving & relocation,Singapore,unspecified,Commercial,4.3,5.91,0,1,1,1,Gap (no page),,no moving page for this country,,
international car shipping san francisco,Core,Car shipping,Any,unspecified,Commercial,4.3,5.91,0,1,1,1,Lost (page deleted),,no international car page,,/blog/international-car-shipping-from-usa
courier to india from usa,Core,Parcel & courier,India,outbound-US,Commercial,5.3,5.83,1,1,1,1,Covered (hub only),/worldwide-destinations/shipping-to-india,,/en-in/faq/usa-courier-service,
moving to australia from usa,Core,Moving & relocation,Australia,outbound-US,Commercial,5.3,5.83,1,1,1,1,Covered (hub only),/worldwide-moving/moving-to-australia,,,
moving to germany from usa,Core,Moving & relocation,Germany,outbound-US,Commercial,5.3,5.83,1,1,1,1,Covered (hub only),/worldwide-moving/moving-to-germany,,/blog/moving-to-germany-from-usa-with-family,
moving to ireland from usa,Core,Moving & relocation,Ireland,outbound-US,Commercial,5.3,5.83,1,1,1,1,Covered (hub only),/worldwide-moving/moving-to-ireland,,,
moving to sweden from usa,Core,Moving & relocation,Sweden,outbound-US,Commercial,5.3,5.83,1,1,1,1,Covered (hub only),/worldwide-moving/moving-to-sweden,,,/blog/moving-to-sweden-from-usa-shipping-guide
moving to switzerland from usa,Core,Moving & relocation,Switzerland,outbound-US,Commercial,5.3,5.83,1,1,1,1,Covered (hub only),/worldwide-moving/moving-to-switzerland,,,
international shipping,Core,Parcel & courier,Any,unspecified,Commercial,5.3,5.83,1,1,1,1,Covered (hub only),/services/worldwide-shipping,,,
cheap international shipping,Core,Cost & rates,Any,unspecified,Commercial,5.3,5.83,1,1,1,1,Covered (hub only),/services/worldwide-shipping,,,
overseas movers,Core,Moving & relocation,Any,unspecified,Commercial,5.3,5.83,1,1,1,1,Covered (hub only),/services/reliable-international-relocation-services,,,
us address for international shipping,Core,Package forwarding,Any,unspecified,Commercial,5.3,5.83,1,1,1,1,Covered (hub only),/shop-us-stores-ship-worldwide,,,
ship furniture overseas,Core,Moving & relocation,Any,unspecified,Commercial,5.3,5.83,1,1,1,1,Covered (hub only),/services/reliable-international-relocation-services,,,
ship luggage overseas,Core,Specific items,Any,unspecified,Commercial,5.3,5.83,1,1,1,1,Covered (hub only),/services/worldwide-shipping,,,
sea freight from usa to uk,Core,Cargo & freight,UK,outbound-US,Commercial,5.3,5.83,1,1,1,1,Covered (hub only),/worldwide-destinations/shipping-to-uk,,/blog/what-is-sea-freight-and-when-it-is-used-in-shipping,
ship tv to india,Core,Specific items,India,unspecified,Commercial,5.3,5.83,1,1,1,1,Covered (hub only),/worldwide-destinations/shipping-to-india,,,/blog/how-to-ship-from-the-usa-to-india
shipping to india,Core,Parcel & courier,India,unspecified,Commercial,5.3,5.83,1,1,1,1,Covered (hub only),/worldwide-destinations/shipping-to-india,,,/blog/how-to-ship-from-the-usa-to-india
moving to india,Core,Moving & relocation,India,unspecified,Commercial,5.3,5.83,1,1,1,1,Covered (hub only),/worldwide-moving/moving-to-india,,/blog/is-it-worth-moving-to-usa-from-india,
ups shipping from nigeria to usa,Core,Parcel & courier,Nigeria,inbound-US,Carrier-brand,5.8,5.8,1,1,1,2,Covered (hub only),/carriers/shipping-with-ups,,,
usps shipping to germany from usa,Core,Parcel & courier,Germany,outbound-US,Carrier-brand,5.8,5.8,0,2,6,2,Covered (hub only),/carriers/shipping-with-usps,,,
usps shipping to sweden,Core,Parcel & courier,Sweden,unspecified,Carrier-brand,5.8,5.8,0,2,6,2,Covered (hub only),/carriers/shipping-with-usps,,,
how long does it take to ship ups ground,Core,Transit time,Any,unspecified,Carrier-brand,5.8,5.8,1,1,1,2,Covered (hub only),/carriers/shipping-with-ups,,,
shipping a car to dominican republic from us,Core,Car shipping,Dominican Republic,outbound-US,Commercial,4.2,5.78,2,0,4,2,Gap (no page),,no international car page,,
courier services to usa from india,Secondary (en-in),Parcel & courier,India,inbound-US,Transactional,7.4,5.77,4,0,3,4,Covered (hub only),/en-in/services/international-shipping-from-india,,/en-in/services/international-shipping-from-india,
shipping companies to kenya from usa,Core,Parcel & courier,Kenya,outbound-US,Transactional,4.4,5.72,2,0,3,2,Covered (hub only),/worldwide-destinations/shipping-to-kenya,,,
shipping from us to germany,Core,Parcel & courier,Germany,outbound-US,Commercial,5.2,5.72,0,2,9,2,Covered (hub only),/worldwide-destinations/shipping-to-germany,,,
postage from us to italy,Core,Parcel & courier,Italy,outbound-US,Commercial,5.2,5.72,0,2,9,2,Covered (hub only),/worldwide-destinations/shipping-to-italy,,,
cost to ship to china from usa,Core,Cost & rates,China,outbound-US,Commercial,5.2,5.72,0,2,9,2,Covered (hub only),/worldwide-destinations/shipping-to-china,,,
shipping company to jamaica from usa,Core,Parcel & courier,Jamaica,outbound-US,Transactional,4.4,5.72,2,0,3,2,Covered (hub only),/worldwide-destinations/shipping-to-jamaica,,,
international shipping terms,Core,Parcel & courier,Any,unspecified,Commercial,5.2,5.72,1,1,4,2,Covered (hub only),/services/worldwide-shipping,,,
international movers germany,Core,Moving & relocation,Germany,unspecified,Commercial,5.2,5.72,1,1,4,2,Covered (hub only),/worldwide-moving/moving-to-germany,,,
ups shipping to canada from usa,Core,Parcel & courier,Canada,outbound-US,Carrier-brand,5.7,5.7,3,0,4,3,Covered (hub only),/carriers/shipping-with-ups,,,
international courier service in sri lanka,Core,Parcel & courier,Sri Lanka,unspecified,Transactional,3.5,5.69,0,1,5,1,Lost (page deleted),,no page for this country,,/blog/international-courier-service-in-hyderabad
moving companies from usa to japan,Core,Moving & relocation,Japan,outbound-US,Transactional,3.5,5.69,0,1,5,1,Gap (no page),,no moving page for this country,,
international moving companies canada,Core,Moving & relocation,Canada,unspecified,Transactional,3.5,5.69,0,1,5,1,Gap (no page),,no moving page for this country,/en-ca/services/international-shipping-from-canada,
moving to sri lanka from america,Core,Moving & relocation,Sri Lanka,outbound-US,Commercial,4.1,5.64,0,1,2,1,Gap (no page),,no moving page for this country,,
shipping car from usa to canada courier,Core,Car shipping,Canada,outbound-US,Commercial,4.1,5.64,0,1,2,1,Gap (no page),,no international car page,,
moving to canada from usa requirements,Core,Moving & relocation,Canada,outbound-US,Commercial,4.1,5.64,0,1,2,1,Gap (no page),,no moving page for this country,,
moving to new zealand from usa is it worth it,Core,Moving & relocation,New Zealand,outbound-US,Commercial,4.1,5.64,0,1,2,1,Gap (no page),,no moving page for this country,,
shipping car to nigeria from usa,Core,Car shipping,Nigeria,outbound-US,Commercial,4.1,5.64,0,1,2,1,Gap (no page),,no international car page,,
moving to ghana as an african american,Core,Moving & relocation,Ghana,unspecified,Commercial,4.1,5.64,0,1,2,1,Gap (no page),,no moving page for this country,,
moving to france from usa as a retiree,Core,Moving & relocation,France,outbound-US,Commercial,4.1,5.64,0,1,2,1,Gap (no page),,no moving page for this country,,
moving to italy from usa program,Core,Moving & relocation,Italy,outbound-US,Commercial,4.1,5.64,0,1,2,1,Gap (no page),,no moving page for this country,,
ship my car from usa to japan,Core,Car shipping,Japan,outbound-US,Commercial,4.1,5.64,0,1,2,1,Gap (no page),,no international car page,,
ship my car from usa to mexico,Core,Car shipping,Mexico,outbound-US,Commercial,4.1,5.64,0,1,2,1,Gap (no page),,no international car page,,
moving to australia from usa with pets,Core,Moving & relocation,Australia,outbound-US,Commercial,5.1,5.61,1,1,2,1,Covered (hub only),/worldwide-moving/moving-to-australia,,,
moving to germany from usa requirements,Core,Moving & relocation,Germany,outbound-US,Commercial,5.1,5.61,1,1,2,1,Covered (hub only),/worldwide-moving/moving-to-germany,,,
moving to ireland from usa requirements,Core,Moving & relocation,Ireland,outbound-US,Commercial,5.1,5.61,1,1,2,1,Covered (hub only),/worldwide-moving/moving-to-ireland,,,
cheap international shipping from usa,Core,Cost & rates,Any,outbound-US,Commercial,5.1,5.61,1,1,2,1,Covered (hub only),/services/worldwide-shipping,,,
package forwarding,Core,Package forwarding,Any,unspecified,Commercial,5.1,5.61,1,1,2,1,Covered (hub only),/shop-us-stores-ship-worldwide,,,
us address format for international shipping,Core,Package forwarding,Any,unspecified,Commercial,5.1,5.61,1,1,2,1,Covered (hub only),/shop-us-stores-ship-worldwide,,,
usps shipping from japan to usa,Core,Parcel & courier,Japan,inbound-US,Carrier-brand,5.6,5.6,0,2,7,2,Covered (hub only),/carriers/shipping-with-usps,,,
usps shipping to dominican republic,Core,Parcel & courier,Dominican Republic,unspecified,Carrier-brand,5.6,5.6,0,2,7,2,Covered (hub only),/carriers/shipping-with-usps,,,
lcl shipment quote to india,Core,Cargo & freight,India,unspecified,Transactional,4.3,5.59,0,1,1,1,Covered (hub only),/worldwide-destinations/shipping-to-india,,,
china to pakistan shipping,Core,Parcel & courier,Pakistan,unspecified,Commercial,5.0,5.5,0,2,14,2,Covered (hub only),/worldwide-destinations/shipping-to-pakistan,,,
cargo shipping from saudi arabia to pakistan,Core,Cargo & freight,Pakistan,unspecified,Commercial,5.0,5.5,0,2,15,2,Covered (hub only),/worldwide-destinations/shipping-to-pakistan,,,
cheapest shipping to uk from usa,Core,Cost & rates,UK,outbound-US,Commercial,5.0,5.5,1,1,5,2,Covered (hub only),/worldwide-destinations/shipping-to-uk,,,
ship to australia from usa,Core,Parcel & courier,Australia,outbound-US,Commercial,5.0,5.5,0,2,10,2,Covered (hub only),/worldwide-destinations/shipping-to-australia,,,
international shipping to saudi arabia,Core,Parcel & courier,Saudi Arabia,unspecified,Commercial,5.0,5.5,0,2,17,2,Covered (hub only),/worldwide-destinations/shipping-to-saudi-arabia,,,
air cargo shipping to nigeria,Core,Cargo & freight,Nigeria,unspecified,Commercial,5.0,5.5,0,2,18,2,Covered (hub only),/worldwide-destinations/shipping-to-nigeria,,,
cargo shipping to ghana,Core,Cargo & freight,Ghana,unspecified,Commercial,5.0,5.5,0,2,18,2,Covered (hub only),/worldwide-destinations/shipping-to-ghana,,,
ship from us to south africa,Core,Parcel & courier,South Africa,outbound-US,Commercial,5.0,5.5,0,2,14,2,Covered (hub only),/worldwide-destinations/shipping-to-south-africa,,,
shipping from america to south africa,Core,Parcel & courier,South Africa,outbound-US,Commercial,5.0,5.5,0,2,18,2,Covered (hub only),/worldwide-destinations/shipping-to-south-africa,,,
shipping from us to south africa,Core,Parcel & courier,South Africa,outbound-US,Commercial,5.0,5.5,0,2,19,2,Covered (hub only),/worldwide-destinations/shipping-to-south-africa,,,
international shipping from us to germany,Core,Parcel & courier,Germany,outbound-US,Commercial,5.0,5.5,0,2,12,2,Covered (hub only),/worldwide-destinations/shipping-to-germany,,,
ship from us to ireland,Core,Parcel & courier,Ireland,outbound-US,Commercial,5.0,5.5,0,2,11,2,Covered (hub only),/worldwide-destinations/shipping-to-ireland,,,
international shipping new york to france,Core,Parcel & courier,US-domestic,unspecified,Commercial,5.0,5.5,0,2,18,2,Covered (hub only),/services/domestic-shipping,,,
mail to italy from usa,Core,Parcel & courier,Italy,outbound-US,Commercial,5.0,5.5,0,2,12,2,Covered (hub only),/worldwide-destinations/shipping-to-italy,,,
shipping cost from us to japan,Core,Cost & rates,Japan,outbound-US,Commercial,5.0,5.5,0,2,10,2,Covered (hub only),/worldwide-destinations/shipping-to-japan,,,
ship to japan from us,Core,Parcel & courier,Japan,outbound-US,Commercial,5.0,5.5,0,2,11,2,Covered (hub only),/worldwide-destinations/shipping-to-japan,,,
car transport usa to japan,Core,Car shipping,Japan,outbound-US,Commercial,5.0,5.5,0,2,12,2,Covered (hub only),/services/auto-transport,,,
shipping from us to singapore singpost,Core,Parcel & courier,Singapore,outbound-US,Commercial,5.0,5.5,0,2,10,2,Covered (hub only),/worldwide-destinations/shipping-to-singapore,,,
ship transporting cars from usa,Core,Car shipping,Any,outbound-US,Commercial,5.0,5.5,0,2,16,2,Covered (hub only),/services/auto-transport,,,
ship from usa to singapore,Core,Parcel & courier,Singapore,outbound-US,Commercial,5.0,5.5,0,2,15,2,Covered (hub only),/worldwide-destinations/shipping-to-singapore,,,
shipping cost from us to singapore,Core,Cost & rates,Singapore,outbound-US,Commercial,5.0,5.5,0,2,19,2,Covered (hub only),/worldwide-destinations/shipping-to-singapore,,,
cheapest sea freight usa to singapore cost,Core,Cargo & freight,Singapore,outbound-US,Commercial,5.0,5.5,0,2,10,2,Covered (hub only),/worldwide-destinations/shipping-to-singapore,,,
shipping a car to jamaica from us,Core,Car shipping,Jamaica,outbound-US,Commercial,4.0,5.5,2,0,5,2,Gap (no page),,no international car page,,
international shipping from us,Core,Parcel & courier,Any,outbound-US,Commercial,5.0,5.5,0,2,16,2,Covered (hub only),/services/worldwide-shipping,,,
shipping to india from us,Core,Parcel & courier,India,outbound-US,Commercial,5.0,5.5,0,2,10,2,Covered (hub only),/worldwide-destinations/shipping-to-india,,,/blog/how-to-ship-from-the-usa-to-india
usps international shipping rates to india from usa,Core,Cost & rates,India,outbound-US,Carrier-brand,5.5,5.5,3,0,5,3,Covered (hub only),/carriers/shipping-with-usps,,/en-in/services/international-shipping-from-india,
shipping services to india from usa,Core,Parcel & courier,India,outbound-US,Transactional,4.2,5.46,2,0,4,2,Covered (hub only),/worldwide-destinations/shipping-to-india,,/en-in/services/international-shipping-from-india,
car shipping cost,Secondary,Car shipping,Any,unspecified,Commercial,6.6,5.45,2,1,2,2,Gap (no page),,no international car page,,
fedex shipping to canada from usa,Core,Parcel & courier,Canada,outbound-US,Carrier-brand,5.4,5.4,1,1,3,2,Covered (hub only),/carriers/shipping-with-fedex,,,
dhl shipping from italy to usa,Core,Parcel & courier,Italy,inbound-US,Carrier-brand,5.4,5.4,0,2,8,2,Covered (hub only),/carriers/shipping-with-dhl,,,
moving to australia from usa requirements,Core,Moving & relocation,Australia,outbound-US,Commercial,4.9,5.39,1,1,3,1,Covered (hub only),/worldwide-moving/moving-to-australia,,,
moving to germany from usa checklist,Core,Moving & relocation,Germany,outbound-US,Commercial,4.9,5.39,1,1,3,1,Covered (hub only),/worldwide-moving/moving-to-germany,,,
vehicle shipping from usa to india,Core,Car shipping,India,outbound-US,Commercial,3.9,5.36,0,1,3,1,Gap (no page),,no international car page,,
moving back to the uk from usa,Core,Moving & relocation,UK,outbound-US,Commercial,3.9,5.36,0,1,3,1,Gap (no page),,no moving page for this country,,
moving to canada from usa as a retiree,Core,Moving & relocation,Canada,outbound-US,Commercial,3.9,5.36,0,1,3,1,Gap (no page),,no moving page for this country,,
ship my car from usa to australia,Core,Car shipping,Australia,outbound-US,Commercial,3.9,5.36,0,1,3,1,Gap (no page),,no international car page,,
shipping a motorcycle from usa to new zealand,Core,Car shipping,New Zealand,outbound-US,Commercial,3.9,5.36,0,1,3,1,Gap (no page),,no international car page,,
ship car from florida to new zealand,Core,Car shipping,New Zealand,outbound-US,Commercial,3.9,5.36,0,1,3,1,Gap (no page),,no international car page,/blog/shipping-a-car-to-new-zealand-from-usa,
shipping cars to ghana from usa,Core,Car shipping,Ghana,outbound-US,Commercial,3.9,5.36,0,1,3,1,Gap (no page),,no international car page,,
moving to ghana as a black american,Core,Moving & relocation,Ghana,unspecified,Commercial,3.9,5.36,0,1,3,1,Gap (no page),,no moving page for this country,,
us citizen moving to philippines,Core,Moving & relocation,Philippines,unspecified,Commercial,3.9,5.36,0,1,3,1,Gap (no page),,no moving page for this country,,
shipping car from usa to china,Core,Car shipping,China,outbound-US,Commercial,3.9,5.36,0,1,3,1,Gap (no page),,no international car page,,
moving to japan from usa cost,Core,Moving & relocation,Japan,outbound-US,Commercial,3.9,5.36,0,1,3,1,Gap (no page),,no moving page for this country,,
moving companies to mexico from usa,Core,Moving & relocation,Mexico,outbound-US,Transactional,3.3,5.36,0,1,6,1,Gap (no page),,no moving page for this country,,
shipping a car from usa to mexico,Core,Car shipping,Mexico,outbound-US,Commercial,3.9,5.36,0,1,3,1,Gap (no page),,no international car page,,
shipping car from miami to jamaica,Core,Car shipping,Jamaica,outbound-US,Commercial,3.9,5.36,0,1,3,1,Gap (no page),,no international car page,,
car shipping us to holland,Core,Car shipping,Any,outbound-US,Commercial,3.9,5.36,0,1,3,1,Gap (no page),,no international car page,,
international movers car,Core,Car shipping,Any,unspecified,Commercial,3.9,5.36,0,1,3,1,Lost (page deleted),,no international car page,,/blog/international-car-shipping-from-usa
international car shipping services,Core,Car shipping,Any,unspecified,Transactional,3.3,5.36,1,0,1,1,Gap (no page),,no international car page,/en-ca/services/international-shipping-from-canada,
fedex international shipping,Core,Parcel & courier,Any,unspecified,Carrier-brand,5.3,5.3,1,1,1,1,Covered (hub only),/carriers/shipping-with-fedex,,,/blog/international-priority-shipping-with-fedex
ups international shipping,Core,Parcel & courier,Any,unspecified,Carrier-brand,5.3,5.3,1,1,1,1,Covered (hub only),/carriers/shipping-with-ups,,,
usps international shipping,Core,Parcel & courier,Any,unspecified,Carrier-brand,5.3,5.3,1,1,1,1,Covered (hub only),/carriers/shipping-with-usps,,,
courier to india from usa cost,Core,Cost & rates,India,outbound-US,Commercial,4.8,5.28,2,0,1,2,Covered (hub only),/worldwide-destinations/shipping-to-india,,/blog/usa-to-india-shipping-cost-per-kg,
moving to india from usa tax implications,Core,Moving & relocation,India,outbound-US,Commercial,4.8,5.28,2,0,1,2,Covered (hub only),/worldwide-moving/moving-to-india,,,
moving to india from usa experience,Core,Moving & relocation,India,outbound-US,Commercial,4.8,5.28,2,0,1,2,Covered (hub only),/worldwide-moving/moving-to-india,,,
moving to india from usa with kids,Core,Moving & relocation,India,outbound-US,Commercial,4.8,5.28,2,0,1,2,Covered (hub only),/worldwide-moving/moving-to-india,,,
cargo to nepal from usa,Core,Cargo & freight,Nepal,outbound-US,Commercial,4.8,5.28,2,0,1,2,Covered (hub only),/worldwide-destinations/shipping-to-nepal,,,
shipping from usa to uae price,Core,Cost & rates,UAE,outbound-US,Commercial,4.8,5.28,2,0,1,2,Covered (hub only),/worldwide-destinations/shipping-to-uae,,,
cargo to nigeria from usa,Core,Cargo & freight,Nigeria,outbound-US,Commercial,4.8,5.28,2,0,1,2,Covered (hub only),/worldwide-destinations/shipping-to-nigeria,,,
delivery to ghana from usa,Core,Parcel & courier,Ghana,outbound-US,Commercial,4.8,5.28,2,0,1,2,Covered (hub only),/worldwide-destinations/shipping-to-ghana,,,
flower delivery to philippines from usa,Core,Parcel & courier,Philippines,outbound-US,Commercial,4.8,5.28,2,0,1,2,Covered (hub only),/worldwide-destinations/shipping-to-philippines,,,
shipping to brazil from usa cost,Core,Cost & rates,Brazil,outbound-US,Commercial,4.8,5.28,2,0,1,2,Covered (hub only),/worldwide-destinations/shipping-to-brazil,,,
shipping to sweden from usa,Core,Parcel & courier,Sweden,outbound-US,Commercial,4.8,5.28,2,0,1,2,Covered (hub only),/worldwide-destinations/shipping-to-sweden,,,
international movers reviews,Core,Moving & relocation,Any,unspecified,Commercial,4.8,5.28,2,0,1,2,Covered (hub only),/services/reliable-international-relocation-services,,,
shipping goods to india from usa,Core,Parcel & courier,India,outbound-US,Commercial,4.8,5.28,2,0,1,2,Covered (hub only),/worldwide-destinations/shipping-to-india,,,
shipping household goods to india from usa,Core,Moving & relocation,India,outbound-US,Commercial,4.8,5.28,2,0,1,2,Covered (hub only),/worldwide-moving/moving-to-india,,/blog/shipping-household-goods-from-usa-to-india-guide,
international shipping to india from usa,Core,Parcel & courier,India,outbound-US,Commercial,4.8,5.28,2,0,1,2,Covered (hub only),/worldwide-destinations/shipping-to-india,,/en-in/services/international-shipping-from-india,
shipping luggage to india from usa,Core,Specific items,India,outbound-US,Commercial,4.8,5.28,2,0,1,2,Covered (hub only),/worldwide-destinations/shipping-to-india,,,
shipping to india from usa price,Core,Cost & rates,India,outbound-US,Commercial,4.8,5.28,2,0,1,2,Covered (hub only),/worldwide-destinations/shipping-to-india,,,
courier electronics from usa to india,Core,Specific items,India,outbound-US,Commercial,4.8,5.28,2,0,1,2,Covered (hub only),/worldwide-destinations/shipping-to-india,,/blog/shipping-electronics-from-usa-to-india,
overnight courier from usa to india,Core,Parcel & courier,India,outbound-US,Commercial,4.8,5.28,2,0,1,2,Covered (hub only),/worldwide-destinations/shipping-to-india,,,
cheapest way to send courier to india from usa,Core,Cost & rates,India,outbound-US,Commercial,4.8,5.28,2,0,1,2,Covered (hub only),/worldwide-destinations/shipping-to-india,,,
moving back to india from usa tax implications,Core,Moving & relocation,India,outbound-US,Commercial,4.8,5.28,2,0,1,2,Covered (hub only),/worldwide-moving/moving-to-india,,,
moving back to india from the us,Core,Moving & relocation,India,outbound-US,Commercial,4.8,5.28,2,0,1,2,Covered (hub only),/worldwide-moving/moving-to-india,,,
shipping to canada from the usa,Core,Parcel & courier,Canada,outbound-US,Commercial,4.8,5.28,2,0,1,2,Covered (hub only),/worldwide-destinations/shipping-to-canada,,,
shipping to nigeria from the us,Core,Parcel & courier,Nigeria,outbound-US,Commercial,4.8,5.28,2,0,1,2,Covered (hub only),/worldwide-destinations/shipping-to-nigeria,,,
international movers bahrain,Core,Moving & relocation,Any,unspecified,Commercial,4.8,5.28,2,0,1,2,Covered (hub only),/services/reliable-international-relocation-services,,,
shipping furniture to italy from usa,Core,Moving & relocation,Italy,outbound-US,Commercial,3.8,5.22,2,0,6,2,Gap (no page),,no moving page for this country,,
is it easy to move to dubai,Core,Moving & relocation,UAE,unspecified,Informational,5.2,5.2,0,2,9,2,Gap (no page),,no moving page for this country,,
shipping cost from usa to france fedex,Core,Cost & rates,France,outbound-US,Carrier-brand,5.2,5.2,0,2,9,2,Covered (hub only),/carriers/shipping-with-fedex,,,
shipping to india cost,Core,Cost & rates,India,unspecified,Commercial,4.7,5.17,1,1,4,1,Covered (hub only),/worldwide-destinations/shipping-to-india,,,/blog/what-is-the-cost-of-shipping-from-usa-to-india
india to usa courier per kg,Secondary (en-in),Cost & rates,India,inbound-US,Commercial,7.8,5.15,4,0,1,4,Covered (hub only),/en-in/services/international-shipping-from-india,,/blog/usa-to-india-shipping-cost-per-kg,
can i ship my car to philippines from usa,Core,Car shipping,Philippines,outbound-US,Informational,5.1,5.1,1,1,2,1,Gap (no page),,no international car page,,
fedex international shipping rates,Core,Cost & rates,Any,unspecified,Carrier-brand,5.1,5.1,1,1,2,1,Covered (hub only),/carriers/shipping-with-fedex,,,/blog/international-priority-shipping-with-fedex
fedex international shipping options,Core,Parcel & courier,Any,unspecified,Carrier-brand,5.1,5.1,1,1,2,1,Covered (hub only),/carriers/shipping-with-fedex,,,/blog/international-priority-shipping-with-fedex
dhl shipping from usa to india,Core,Parcel & courier,India,outbound-US,Carrier-brand,5.1,5.1,1,1,2,1,Covered (hub only),/carriers/shipping-with-dhl,,,
ups international shipping rates,Core,Cost & rates,Any,unspecified,Carrier-brand,5.1,5.1,1,1,2,1,Covered (hub only),/carriers/shipping-with-ups,,,
usps international shipping rates,Core,Cost & rates,Any,unspecified,Carrier-brand,5.1,5.1,1,1,2,1,Covered (hub only),/carriers/shipping-with-usps,,,
relocating to new zealand from usa,Core,Moving & relocation,New Zealand,outbound-US,Commercial,3.7,5.09,0,1,4,1,Gap (no page),,no moving page for this country,,
ship my car from usa to germany,Core,Car shipping,Germany,outbound-US,Commercial,3.7,5.09,0,1,4,1,Gap (no page),,no international car page,,
relocating to france from usa,Core,Moving & relocation,France,outbound-US,Commercial,3.7,5.09,0,1,4,1,Gap (no page),,no moving page for this country,,
moving to japan from usa requirements,Core,Moving & relocation,Japan,outbound-US,Commercial,3.7,5.09,0,1,4,1,Gap (no page),,no moving page for this country,,
moving furniture to mexico from usa,Core,Moving & relocation,Mexico,outbound-US,Commercial,3.7,5.09,0,1,4,1,Gap (no page),,no moving page for this country,,
ship car from texas to mexico,Core,Car shipping,Mexico,outbound-US,Commercial,3.7,5.09,0,1,4,1,Lost (page deleted),,no international car page,,/blog/how-much-to-ship-a-car-to-texas
courier to india from saudi arabia near me,Core,Parcel & courier,India,unspecified,Transactional,3.9,5.07,0,1,3,1,Covered (hub only),/worldwide-destinations/shipping-to-india,,,
courier service to canada from usa,Core,Parcel & courier,Canada,outbound-US,Transactional,3.9,5.07,0,1,3,1,Covered (hub only),/worldwide-destinations/shipping-to-canada,,,
international shipping company in malaysia,Core,Parcel & courier,Any,unspecified,Transactional,3.9,5.07,0,1,3,1,Covered (hub only),/services/worldwide-shipping,,,
international moving companies germany,Core,Moving & relocation,Germany,unspecified,Transactional,3.9,5.07,0,1,3,1,Covered (hub only),/worldwide-moving/moving-to-germany,,,
mail stores near me that ship internationally,Core,Parcel & courier,Any,unspecified,Transactional,3.9,5.07,0,1,3,1,Covered (hub only),/services/worldwide-shipping,,,
send courier to india from usa,Core,Parcel & courier,India,outbound-US,Commercial,4.6,5.06,2,0,2,2,Covered (hub only),/worldwide-destinations/shipping-to-india,,/en-in/faq/faqs-about-food-courier-service-from-india-to-usa,
delivery to nepal from usa,Core,Parcel & courier,Nepal,outbound-US,Commercial,4.6,5.06,2,0,2,2,Covered (hub only),/worldwide-destinations/shipping-to-nepal,,,
delivery to canada from usa,Core,Parcel & courier,Canada,outbound-US,Commercial,4.6,5.06,2,0,2,2,Covered (hub only),/worldwide-destinations/shipping-to-canada,,,
shipping to new zealand from usa cost,Core,Cost & rates,New Zealand,outbound-US,Commercial,4.6,5.06,2,0,2,2,Covered (hub only),/worldwide-destinations/shipping-to-new-zealand,,/blog/shipping-a-car-to-new-zealand-from-usa,
shipping to saudi arabia from usa cost,Core,Cost & rates,Saudi Arabia,outbound-US,Commercial,4.6,5.06,2,0,2,2,Covered (hub only),/worldwide-destinations/shipping-to-saudi-arabia,,,
shipping to kenya from usa cost,Core,Cost & rates,Kenya,outbound-US,Commercial,4.6,5.06,2,0,2,2,Covered (hub only),/worldwide-destinations/shipping-to-kenya,,,
shipping to south africa from usa cost,Core,Cost & rates,South Africa,outbound-US,Commercial,4.6,5.06,2,0,2,2,Covered (hub only),/worldwide-destinations/shipping-to-south-africa,,,
food delivery to philippines from usa,Core,Specific items,Philippines,outbound-US,Commercial,4.6,5.06,2,0,2,2,Covered (hub only),/worldwide-destinations/shipping-to-philippines,,,
shipping to ireland from usa cost,Core,Cost & rates,Ireland,outbound-US,Commercial,4.6,5.06,2,0,2,2,Covered (hub only),/worldwide-destinations/shipping-to-ireland,,,
shipping to france from usa cost,Core,Cost & rates,France,outbound-US,Commercial,4.6,5.06,2,0,2,2,Covered (hub only),/worldwide-destinations/shipping-to-france,,,
shipping to italy from usa cost,Core,Cost & rates,Italy,outbound-US,Commercial,4.6,5.06,2,0,2,2,Covered (hub only),/worldwide-destinations/shipping-to-italy,,,
shipping to china from usa cost,Core,Cost & rates,China,outbound-US,Commercial,4.6,5.06,2,0,2,2,Covered (hub only),/worldwide-destinations/shipping-to-china,,,
shipping to singapore from usa cost,Core,Cost & rates,Singapore,outbound-US,Commercial,4.6,5.06,2,0,2,2,Covered (hub only),/worldwide-destinations/shipping-to-singapore,,,
shipping to miragoane haiti from usa,Core,Parcel & courier,Haiti,outbound-US,Commercial,4.6,5.06,2,0,2,2,Covered (hub only),/worldwide-destinations/shipping-to-haiti,,,
air cargo shipping to haiti from usa,Core,Cargo & freight,Haiti,outbound-US,Commercial,4.6,5.06,2,0,2,2,Covered (hub only),/worldwide-destinations/shipping-to-haiti,,,
shipping to switzerland from usa cost,Core,Cost & rates,Switzerland,outbound-US,Commercial,4.6,5.06,2,0,2,2,Covered (hub only),/worldwide-destinations/shipping-to-switzerland,,/blog/cost-to-move-to-switzerland,
shipping cost to netherlands from usa,Core,Cost & rates,Netherlands,outbound-US,Commercial,4.6,5.06,2,0,2,2,Covered (hub only),/worldwide-destinations/shipping-to-netherlands,,,
international shipping cost,Core,Cost & rates,Any,unspecified,Commercial,4.6,5.06,2,0,2,2,Covered (hub only),/services/worldwide-shipping,,/blog/how-much-does-international-relocation-cost,
international shipping codes,Core,Parcel & courier,Any,unspecified,Commercial,4.6,5.06,1,1,7,2,Covered (hub only),/services/worldwide-shipping,,,
cheapest way to ship internationally from us,Core,Cost & rates,Any,outbound-US,Commercial,4.6,5.06,2,0,2,2,Covered (hub only),/services/worldwide-shipping,,/blog/ship-internationally,
international movers association,Core,Moving & relocation,Any,unspecified,Commercial,4.6,5.06,2,0,2,2,Covered (hub only),/services/reliable-international-relocation-services,,,
international movers to spain,Core,Moving & relocation,Any,unspecified,Commercial,4.6,5.06,1,1,7,2,Covered (hub only),/services/reliable-international-relocation-services,,,
international shipping usa inc,Core,Parcel & courier,Any,unspecified,Commercial,4.6,5.06,1,1,7,2,Covered (hub only),/services/worldwide-shipping,,,
ship container to india from usa,Core,Cargo & freight,India,outbound-US,Commercial,4.6,5.06,2,0,2,2,Covered (hub only),/worldwide-destinations/shipping-to-india,,,
shipping boxes to india from usa,Core,Specific items,India,outbound-US,Commercial,4.6,5.06,2,0,2,2,Covered (hub only),/worldwide-destinations/shipping-to-india,,/worldwide-destinations/shipping-to-india/shipping-boxes-to-india,
cargo shipping to india from usa,Core,Cargo & freight,India,outbound-US,Commercial,4.6,5.06,2,0,2,2,Covered (hub only),/worldwide-destinations/shipping-to-india,,,
fastest shipping to india from usa,Core,Transit time,India,outbound-US,Commercial,4.6,5.06,2,0,2,2,Covered (hub only),/worldwide-destinations/shipping-to-india,,,
sending gifts to india from usa online,Core,Specific items,India,outbound-US,Commercial,4.6,5.06,2,0,2,2,Covered (hub only),/worldwide-destinations/shipping-to-india,,,
shipping items to india from usa,Core,Parcel & courier,India,outbound-US,Commercial,4.6,5.06,2,0,2,2,Covered (hub only),/worldwide-destinations/shipping-to-india,,/en-in/resources/prohibited-shipping-items,
shipping laptop to india from usa,Core,Specific items,India,outbound-US,Commercial,4.6,5.06,2,0,2,2,Covered (hub only),/worldwide-destinations/shipping-to-india,,,
overnight shipping to india from usa,Core,Parcel & courier,India,outbound-US,Commercial,4.6,5.06,2,0,2,2,Covered (hub only),/worldwide-destinations/shipping-to-india,,,
shipping package to india from usa,Core,Parcel & courier,India,outbound-US,Commercial,4.6,5.06,2,0,2,2,Covered (hub only),/worldwide-destinations/shipping-to-india,,,
shipping tv to india from usa,Core,Specific items,India,outbound-US,Commercial,4.6,5.06,2,0,2,2,Covered (hub only),/worldwide-destinations/shipping-to-india,,,/blog/how-to-ship-from-the-usa-to-india
moving back to india from usa with kids,Core,Moving & relocation,India,outbound-US,Commercial,4.6,5.06,2,0,2,2,Covered (hub only),/worldwide-moving/moving-to-india,,,
shipping from usa to uk small parcel,Core,Parcel & courier,UK,outbound-US,Commercial,4.6,5.06,2,0,2,2,Covered (hub only),/worldwide-destinations/shipping-to-uk,,,
shipping to canada from us customs fees,Core,Customs & rules,Canada,outbound-US,Commercial,4.6,5.06,2,0,2,2,Covered (hub only),/worldwide-destinations/shipping-to-canada,,,
india to dubai container ship time,Core,Cargo & freight,India,unspecified,Commercial,4.6,5.06,2,0,2,2,Covered (hub only),/worldwide-destinations/shipping-to-india,,/blog/shipping-container-from-india-to-usa-cost-time,
international moving companies brazil,Core,Moving & relocation,Brazil,unspecified,Transactional,3.1,5.04,0,1,7,1,Gap (no page),,no moving page for this country,,
shipping cars overseas companies,Core,Car shipping,Any,unspecified,Transactional,3.1,5.04,1,0,2,1,Gap (no page),,no international car page,,
international vehicle shipping quote,Core,Car shipping,Any,unspecified,Transactional,3.1,5.04,1,0,2,1,Gap (no page),,no international car page,,
international vehicle shipping services,Core,Car shipping,Any,unspecified,Transactional,3.1,5.04,1,0,2,1,Gap (no page),,no international car page,/en-ca/services/international-shipping-from-canada,
courier ayurvedic medicines from india to usa,Secondary (en-in),Specific items,India,inbound-US,Commercial,7.6,5.02,4,0,2,4,Covered (hub only),/en-in/services/international-shipping-from-india,,,
shipping cost from usa to france usps,Core,Cost & rates,France,outbound-US,Carrier-brand,5.0,5.0,0,2,10,2,Covered (hub only),/carriers/shipping-with-usps,,,
shipping to italy usps customs,Core,Customs & rules,Italy,unspecified,Carrier-brand,5.0,5.0,0,2,11,2,Covered (hub only),/carriers/shipping-with-usps,,,
does usps ship to dominican republic,Core,Parcel & courier,Dominican Republic,unspecified,Carrier-brand,5.0,5.0,0,2,17,2,Covered (hub only),/carriers/shipping-with-usps,,,
how long does it take to ship a package usps,Core,Transit time,Any,unspecified,Carrier-brand,5.0,5.0,1,1,5,2,Covered (hub only),/carriers/shipping-with-usps,,,
moving back to ireland from usa,Core,Moving & relocation,Ireland,outbound-US,Commercial,4.5,4.95,1,1,5,1,Covered (hub only),/worldwide-moving/moving-to-ireland,,,
metti international vehicle transport & car shipping,Core,Car shipping,Any,unspecified,Commercial,3.6,4.95,2,0,7,2,Gap (no page),,no international car page,,
cargo shipping to haiti near me from usa,Core,Cargo & freight,Haiti,outbound-US,Transactional,3.8,4.94,2,0,6,2,Covered (hub only),/worldwide-destinations/shipping-to-haiti,,,
parcel service to india from usa,Core,Parcel & courier,India,outbound-US,Transactional,3.8,4.94,2,0,6,2,Covered (hub only),/worldwide-destinations/shipping-to-india,,,
courier from india to usa near me,Secondary (en-in),Parcel & courier,India,inbound-US,Transactional,6.3,4.91,3,0,1,3,Covered (hub only),/en-in/services/international-shipping-from-india,,,
international shipping calculator ups,Core,Cost & rates,Any,unspecified,Carrier-brand,4.9,4.9,1,1,3,1,Covered (hub only),/carriers/shipping-with-ups,,,
fedex international shipping phone number,Core,Specific items,Any,unspecified,Carrier-brand,4.9,4.9,1,1,3,1,Covered (hub only),/carriers/shipping-with-fedex,,,
ups international shipping phone number,Core,Specific items,Any,unspecified,Carrier-brand,4.9,4.9,1,1,3,1,Covered (hub only),/carriers/shipping-with-ups,,,
usps international shipping calculator,Core,Cost & rates,Any,unspecified,Carrier-brand,4.9,4.9,1,1,3,1,Covered (hub only),/carriers/shipping-with-usps,,,
car shipping companies in uae,Secondary,Car shipping,UAE,unspecified,Transactional,5.0,4.88,0,2,15,2,Gap (no page),,no international car page,,
courier charges from india to usa per kg in rupees,Secondary (en-in),Cost & rates,India,inbound-US,Commercial,7.4,4.88,4,0,3,4,Covered (hub only),/en-in/services/international-shipping-from-india,,/blog/usa-to-india-shipping-cost-per-kg,
parcel to india from usa,Core,Parcel & courier,India,outbound-US,Commercial,4.4,4.84,2,0,3,2,Covered (hub only),/worldwide-destinations/shipping-to-india,,,
delivery to pakistan from usa,Core,Parcel & courier,Pakistan,outbound-US,Commercial,4.4,4.84,2,0,3,2,Covered (hub only),/worldwide-destinations/shipping-to-pakistan,,,
shipping cost to nepal from usa,Core,Cost & rates,Nepal,outbound-US,Commercial,4.4,4.84,2,0,3,2,Covered (hub only),/worldwide-destinations/shipping-to-nepal,,,
air cargo to nigeria from usa,Core,Cargo & freight,Nigeria,outbound-US,Commercial,4.4,4.84,2,0,3,2,Covered (hub only),/worldwide-destinations/shipping-to-nigeria,,,
shipping to germany from usa price,Core,Cost & rates,Germany,outbound-US,Commercial,4.4,4.84,2,0,3,2,Covered (hub only),/worldwide-destinations/shipping-to-germany,,,
cargo ship to ireland from usa,Core,Cargo & freight,Ireland,outbound-US,Commercial,4.4,4.84,2,0,3,2,Covered (hub only),/worldwide-destinations/shipping-to-ireland,,,
cheapest shipping to france from usa,Core,Cost & rates,France,outbound-US,Commercial,4.4,4.84,2,0,3,2,Covered (hub only),/worldwide-destinations/shipping-to-france,,,
shipping packages to italy from usa,Core,Parcel & courier,Italy,outbound-US,Commercial,4.4,4.84,2,0,3,2,Covered (hub only),/worldwide-destinations/shipping-to-italy,,,
shipping luggage to japan from usa,Core,Specific items,Japan,outbound-US,Commercial,4.4,4.84,2,0,3,2,Covered (hub only),/worldwide-destinations/shipping-to-japan,,,
cheapest shipping to singapore from usa,Core,Cost & rates,Singapore,outbound-US,Commercial,4.4,4.84,2,0,3,2,Covered (hub only),/worldwide-destinations/shipping-to-singapore,,,
accordia shipping to haiti from usa,Core,Parcel & courier,Haiti,outbound-US,Commercial,4.4,4.84,2,0,3,2,Covered (hub only),/worldwide-destinations/shipping-to-haiti,,,
shipping to dominican republic from us,Core,Parcel & courier,Dominican Republic,outbound-US,Commercial,4.4,4.84,2,0,3,2,Covered (hub only),/worldwide-destinations/shipping-to-dominican-republic,,,/blog/best-shipping-company-to-the-dominican-republic
international movers chicago,Core,Moving & relocation,Any,unspecified,Commercial,4.4,4.84,1,1,8,2,Covered (hub only),/services/reliable-international-relocation-services,,,
shipping books to india from usa,Core,Specific items,India,outbound-US,Commercial,4.4,4.84,2,0,3,2,Covered (hub only),/worldwide-destinations/shipping-to-india,,,
shipping furniture to india from usa,Core,Moving & relocation,India,outbound-US,Commercial,4.4,4.84,2,0,3,2,Covered (hub only),/worldwide-moving/moving-to-india,,/blog/shipping-furniture-from-india-to-usa-step-by-step-guide,
relocating to india from usa shipping cost,Core,Moving & relocation,India,outbound-US,Commercial,4.4,4.84,2,0,3,2,Covered (hub only),/worldwide-moving/moving-to-india,,,/blog/what-is-the-cost-of-shipping-from-usa-to-india
shipping stuff to india from usa,Core,Parcel & courier,India,outbound-US,Commercial,4.4,4.84,2,0,3,2,Covered (hub only),/worldwide-destinations/shipping-to-india,,,
shipping things to india from usa,Core,Parcel & courier,India,outbound-US,Commercial,4.4,4.84,2,0,3,2,Covered (hub only),/worldwide-destinations/shipping-to-india,,,
cheapest document courier to india from usa,Core,Customs & rules,India,outbound-US,Commercial,4.4,4.84,2,0,3,2,Covered (hub only),/worldwide-destinations/shipping-to-india,,,
courier charges from usa to india for iphone,Core,Cost & rates,India,outbound-US,Commercial,4.4,4.84,2,0,3,2,Covered (hub only),/worldwide-destinations/shipping-to-india,,/blog/usa-to-india-shipping-cost-per-kg,/blog/courier-charges-from-canada-to-india
send parcel to india from usa,Core,Parcel & courier,India,outbound-US,Commercial,4.4,4.84,2,0,3,2,Covered (hub only),/worldwide-destinations/shipping-to-india,,,
life after moving back to india from usa,Core,Moving & relocation,India,outbound-US,Commercial,4.4,4.84,2,0,3,2,Covered (hub only),/worldwide-moving/moving-to-india,,,
mailing to canada from us address format,Core,Package forwarding,Canada,outbound-US,Commercial,4.4,4.84,2,0,3,2,Covered (hub only),/shop-us-stores-ship-worldwide,,,
ghee courier from india to usa,Secondary (en-in),Parcel & courier,India,inbound-US,Commercial,7.3,4.82,2,1,1,3,Covered (hub only),/en-in/services/international-shipping-from-india,,,
moving companies from usa to india,Core,Moving & relocation,India,outbound-US,Transactional,3.7,4.81,0,1,4,1,Covered (hub only),/worldwide-moving/moving-to-india,,,
courier service from usa to nepal,Core,Parcel & courier,Nepal,outbound-US,Transactional,3.7,4.81,0,1,4,1,Covered (hub only),/worldwide-destinations/shipping-to-nepal,,,
international courier services in nigeria,Core,Parcel & courier,Nigeria,unspecified,Transactional,3.7,4.81,0,1,4,1,Covered (hub only),/worldwide-destinations/shipping-to-nigeria,,/en-ca/services/international-shipping-from-canada,
door to door shipping from usa to ghana,Core,Parcel & courier,Ghana,outbound-US,Transactional,3.7,4.81,0,1,4,1,Covered (hub only),/worldwide-destinations/shipping-to-ghana,,,
shipping a car to ghana from usa,Core,Car shipping,Ghana,outbound-US,Commercial,3.5,4.81,0,1,5,1,Gap (no page),,no international car page,,
ship car from georgia to hawaii,Core,Car shipping,Any,outbound-US,Commercial,3.5,4.81,0,1,5,1,Gap (no page),,no international car page,,
shipping companies from usa to south africa,Core,Parcel & courier,South Africa,outbound-US,Transactional,3.7,4.81,0,1,4,1,Covered (hub only),/worldwide-destinations/shipping-to-south-africa,,,
uk car shipping to ireland,Core,Car shipping,Ireland,unspecified,Commercial,3.5,4.81,0,1,5,1,Gap (no page),,no international car page,,
cost of moving to italy from usa,Core,Moving & relocation,Italy,outbound-US,Commercial,3.5,4.81,0,1,5,1,Gap (no page),,no moving page for this country,,
moving companies from usa to brasilia,Core,Moving & relocation,Any,outbound-US,Transactional,3.7,4.81,0,1,4,1,Covered (hub only),/services/reliable-international-relocation-services,,,
ship car from usa to middle america,Core,Car shipping,Any,outbound-US,Commercial,3.5,4.81,0,1,5,1,Gap (no page),,no international car page,,
international shipping company in philippines,Core,Parcel & courier,Philippines,unspecified,Transactional,3.7,4.81,0,1,4,1,Covered (hub only),/worldwide-destinations/shipping-to-philippines,,,
international moving companies sydney,Core,Moving & relocation,Any,unspecified,Transactional,3.7,4.81,0,1,4,1,Covered (hub only),/services/reliable-international-relocation-services,,,
package forwarding service us to canada,Core,Package forwarding,Canada,outbound-US,Transactional,3.7,4.81,0,1,4,1,Covered (hub only),/shop-us-stores-ship-worldwide,,,
fedex courier to india from usa,Core,Parcel & courier,India,outbound-US,Carrier-brand,4.8,4.8,2,0,1,2,Covered (hub only),/carriers/shipping-with-fedex,,,
fedex shipping to nigeria from usa,Core,Parcel & courier,Nigeria,outbound-US,Carrier-brand,4.8,4.8,2,0,1,2,Covered (hub only),/carriers/shipping-with-fedex,,,
how to ship to germany from usa,Core,Parcel & courier,Germany,outbound-US,Informational,6.0,4.8,0,2,5,2,Covered (hub only),/worldwide-destinations/shipping-to-germany,,,
package forwarding usps,Core,Package forwarding,Any,unspecified,Carrier-brand,4.8,4.8,2,0,1,2,Covered (hub only),/carriers/shipping-with-usps,,,
dhl shipping to india from usa,Core,Parcel & courier,India,outbound-US,Carrier-brand,4.8,4.8,2,0,1,2,Covered (hub only),/carriers/shipping-with-dhl,,,
does ups ship to philippines from usa,Core,Parcel & courier,Philippines,outbound-US,Carrier-brand,4.8,4.8,2,0,1,2,Covered (hub only),/carriers/shipping-with-ups,,,
how to ship car overseas,Core,Car shipping,Any,unspecified,Informational,4.8,4.8,2,0,1,2,Gap (no page),,no international car page,,
ship car across country quote,Secondary,Car shipping,Any,domestic-US,Transactional,6.1,4.76,3,0,2,3,Covered (hub only),/services/auto-transport,,,
courier to canada from south africa,Core,Parcel & courier,South Africa,unspecified,Commercial,4.3,4.73,0,1,1,1,Covered (hub only),/worldwide-destinations/shipping-to-south-africa,,,
ship usa to uae courier,Core,Parcel & courier,UAE,outbound-US,Commercial,4.3,4.73,0,1,1,1,Covered (hub only),/worldwide-destinations/shipping-to-uae,,,
courier to philippines from nz,Core,Parcel & courier,Philippines,unspecified,Commercial,4.3,4.73,0,1,1,1,Covered (hub only),/worldwide-destinations/shipping-to-philippines,,,
ship to italy from usa,Core,Parcel & courier,Italy,outbound-US,Commercial,4.3,4.73,0,1,1,1,Covered (hub only),/worldwide-destinations/shipping-to-italy,,,
international shipping ecommerce laws,Core,Business shipping,Any,unspecified,Commercial,4.3,4.73,0,1,1,1,Covered (hub only),/shipping-for-small-business,,,
how to ship us to philippines,Core,Parcel & courier,Philippines,outbound-US,Informational,5.9,4.72,3,0,3,3,Covered (hub only),/worldwide-destinations/shipping-to-philippines,,,
cheap international car shipping companies,Core,Car shipping,Any,unspecified,Transactional,2.9,4.71,0,1,8,1,Lost (page deleted),,no international car page,,/blog/international-car-shipping-from-usa
international car shipping online quote,Core,Car shipping,Any,unspecified,Transactional,2.9,4.71,0,1,8,1,Lost (page deleted),,no international car page,,/blog/international-car-shipping-from-usa
best international car shipping company,Core,Car shipping,Any,unspecified,Transactional,2.9,4.71,1,0,3,1,Gap (no page),,no international car page,/blog/how-to-choose-the-best-international-shipping-company,
international car transport service,Core,Car shipping,Any,unspecified,Transactional,2.9,4.71,1,0,3,1,Lost (page deleted),,no international car page,,/blog/international-car-shipping-from-usa
shipping to australia from usa cost calculator,Core,Cost & rates,Australia,outbound-US,Transactional,3.6,4.68,2,0,7,2,Covered (hub only),/worldwide-destinations/shipping-to-australia,,,
shipping car to germany from usa,Core,Car shipping,Germany,outbound-US,Commercial,3.4,4.68,2,0,8,2,Gap (no page),,no international car page,,
shipping to jamaica from canada,Secondary (en-ca),Parcel & courier,Jamaica,other-origin,Commercial,8.5,4.68,0,3,5,3,Covered (hub only),/worldwide-destinations/shipping-to-jamaica,,,
car shipping service,Secondary,Car shipping,Any,unspecified,Transactional,4.8,4.68,2,0,1,2,Gap (no page),,no international car page,,
car shipping near me,Secondary,Car shipping,Any,unspecified,Transactional,4.8,4.68,2,0,1,2,Gap (no page),,no international car page,,
flower delivery to uk from usa,Core,Parcel & courier,UK,outbound-US,Commercial,4.2,4.62,2,0,4,2,Covered (hub only),/worldwide-destinations/shipping-to-uk,,,
shipping container to new zealand from usa,Core,Cargo & freight,New Zealand,outbound-US,Commercial,4.2,4.62,2,0,4,2,Covered (hub only),/worldwide-destinations/shipping-to-new-zealand,,,
shipping container to dubai from usa,Core,Cargo & freight,UAE,outbound-US,Commercial,4.2,4.62,2,0,4,2,Covered (hub only),/worldwide-destinations/shipping-to-uae,,,
air cargo from usa to saudi arabia,Core,Cargo & freight,Saudi Arabia,outbound-US,Commercial,4.2,4.62,2,0,4,2,Covered (hub only),/worldwide-destinations/shipping-to-saudi-arabia,,,
shipping container to ireland from usa,Core,Cargo & freight,Ireland,outbound-US,Commercial,4.2,4.62,2,0,4,2,Covered (hub only),/worldwide-destinations/shipping-to-ireland,,,
cheapest shipping to japan from usa,Core,Cost & rates,Japan,outbound-US,Commercial,4.2,4.62,2,0,4,2,Covered (hub only),/worldwide-destinations/shipping-to-japan,,,
free shipping to jamaica from usa,Core,Parcel & courier,Jamaica,outbound-US,Commercial,4.2,4.62,2,0,4,2,Covered (hub only),/worldwide-destinations/shipping-to-jamaica,,,
shipping containers to dominican republic from us,Core,Cargo & freight,Dominican Republic,outbound-US,Commercial,4.2,4.62,2,0,4,2,Covered (hub only),/worldwide-destinations/shipping-to-dominican-republic,,,
international movers network inc,Core,Moving & relocation,Any,unspecified,Commercial,4.2,4.62,2,0,4,2,Covered (hub only),/services/reliable-international-relocation-services,,,
car shipping rates,Secondary,Car shipping,Any,unspecified,Commercial,5.6,4.62,1,1,2,2,Gap (no page),,no international car page,,
car shipping estimate,Secondary,Car shipping,Any,unspecified,Commercial,5.6,4.62,1,1,2,2,Gap (no page),,no international car page,,
international shipping from usa,Core,Parcel & courier,Any,outbound-US,Commercial,4.2,4.62,1,1,9,2,Covered (hub only),/services/worldwide-shipping,,,
bulk shipping to india from usa,Core,Business shipping,India,outbound-US,Commercial,4.2,4.62,2,0,4,2,Covered (hub only),/shipping-for-small-business,,,
courier charges from usa to india per kg in dollars,Core,Cost & rates,India,outbound-US,Commercial,4.2,4.62,2,0,4,2,Covered (hub only),/worldwide-destinations/shipping-to-india,,/blog/usa-to-india-shipping-cost-per-kg,
grimaldi shipping from usa to nigeria price,Core,Cost & rates,Nigeria,outbound-US,Commercial,4.2,4.62,2,0,4,2,Covered (hub only),/worldwide-destinations/shipping-to-nigeria,,,
grimaldi shipping from usa to nigeria time,Core,Parcel & courier,Nigeria,outbound-US,Commercial,4.2,4.62,2,0,4,2,Covered (hub only),/worldwide-destinations/shipping-to-nigeria,,,
dhl shipping to germany from usa,Core,Parcel & courier,Germany,outbound-US,Carrier-brand,4.6,4.6,1,1,7,2,Covered (hub only),/carriers/shipping-with-dhl,,,
how much to ship a car from usa to ireland,Core,Car shipping,Ireland,outbound-US,Informational,4.6,4.6,2,0,2,2,Gap (no page),,no international car page,,
dhl shipping to mexico from usa,Core,Parcel & courier,Mexico,outbound-US,Carrier-brand,4.6,4.6,2,0,2,2,Covered (hub only),/carriers/shipping-with-dhl,,,
how long does it take to ship from china to usa usps,Core,Transit time,China,inbound-US,Carrier-brand,4.6,4.6,2,0,2,2,Covered (hub only),/carriers/shipping-with-usps,,,/blog/how-long-does-it-take-to-ship-from-usa-to-china
sending documents to india from usa fedex,Core,Customs & rules,India,outbound-US,Carrier-brand,4.6,4.6,2,0,2,2,Covered (hub only),/carriers/shipping-with-fedex,,,
ups shipping to india from usa,Core,Parcel & courier,India,outbound-US,Carrier-brand,4.6,4.6,2,0,2,2,Covered (hub only),/carriers/shipping-with-ups,,,
courier from india to usa cheap service,Secondary (en-in),Cost & rates,India,inbound-US,Transactional,5.9,4.6,3,0,3,3,Covered (hub only),/en-in/services/international-shipping-from-india,,/en-in/faq/usa-courier-service,
does fedex ship to nigeria from usa,Core,Parcel & courier,Nigeria,outbound-US,Carrier-brand,4.6,4.6,2,0,2,2,Covered (hub only),/carriers/shipping-with-fedex,,,
shipping from nigeria to usa price dhl,Core,Cost & rates,Nigeria,inbound-US,Carrier-brand,4.6,4.6,2,0,2,2,Covered (hub only),/carriers/shipping-with-dhl,,,
ups shipping from nigeria to usa price,Core,Cost & rates,Nigeria,inbound-US,Carrier-brand,4.6,4.6,2,0,2,2,Covered (hub only),/carriers/shipping-with-ups,,,
how to ship car overseas military,Core,Car shipping,Any,unspecified,Informational,4.6,4.6,2,0,2,2,Gap (no page),,no international car page,,
how much is international car shipping,Core,Car shipping,Any,unspecified,Informational,4.6,4.6,2,0,2,2,Lost (page deleted),,no international car page,,/blog/international-car-shipping-from-usa
courier service from usa to india,Core,Parcel & courier,India,outbound-US,Transactional,3.5,4.55,0,1,5,1,Covered (hub only),/worldwide-destinations/shipping-to-india,,/en-in/faq/usa-courier-service,
moving companies from usa to australia,Core,Moving & relocation,Australia,outbound-US,Transactional,3.5,4.55,0,1,5,1,Covered (hub only),/worldwide-moving/moving-to-australia,,,
moving companies from usa to germany,Core,Moving & relocation,Germany,outbound-US,Transactional,3.5,4.55,0,1,5,1,Covered (hub only),/worldwide-moving/moving-to-germany,,,
international shipping company scam,Core,Parcel & courier,Any,unspecified,Transactional,3.5,4.55,0,1,5,1,Covered (hub only),/services/worldwide-shipping,,,
overseas movers near me,Core,Moving & relocation,Any,unspecified,Transactional,3.5,4.55,0,1,5,1,Covered (hub only),/services/reliable-international-relocation-services,,,
package forwarding service usa to australia,Core,Package forwarding,Australia,outbound-US,Transactional,3.5,4.55,0,1,5,1,Covered (hub only),/shop-us-stores-ship-worldwide,,,
ship car to india from usa,Core,Car shipping,India,outbound-US,Commercial,3.3,4.54,1,0,1,1,Gap (no page),,no international car page,,
moving to pakistan from usa,Core,Moving & relocation,Pakistan,outbound-US,Commercial,3.3,4.54,1,0,1,1,Gap (no page),,no moving page for this country,,
send parcel to bangladesh from usa,Core,Parcel & courier,Bangladesh,outbound-US,Commercial,3.3,4.54,1,0,1,1,Gap (no page),,no page for this country,,
moving to bangladesh from usa,Core,Moving & relocation,Bangladesh,outbound-US,Commercial,3.3,4.54,1,0,1,1,Gap (no page),,no moving page for this country,,
moving to nepal from usa,Core,Moving & relocation,Nepal,outbound-US,Commercial,3.3,4.54,1,0,1,1,Gap (no page),,no moving page for this country,,
moving to sri lanka from usa,Core,Moving & relocation,Sri Lanka,outbound-US,Commercial,3.3,4.54,1,0,1,1,Gap (no page),,no moving page for this country,,
moving to canada from usa 2025,Core,Moving & relocation,Canada,outbound-US,Commercial,3.3,4.54,0,1,6,1,Gap (no page),,no moving page for this country,,
ship car to australia from usa,Core,Car shipping,Australia,outbound-US,Commercial,3.3,4.54,1,0,1,1,Gap (no page),,no international car page,,
shipping a car to new zealand from us,Core,Car shipping,New Zealand,outbound-US,Commercial,3.3,4.54,1,0,1,1,Gap (no page),,no international car page,/blog/shipping-a-car-to-new-zealand-from-usa,
moving to uae from usa,Core,Moving & relocation,UAE,outbound-US,Commercial,3.3,4.54,1,0,1,1,Gap (no page),,no moving page for this country,,
ship car to dubai from usa,Core,Car shipping,UAE,outbound-US,Commercial,3.3,4.54,1,0,1,1,Gap (no page),,no international car page,,
ship car from usa to saudi arabia,Core,Car shipping,Saudi Arabia,outbound-US,Commercial,3.3,4.54,1,0,1,1,Gap (no page),,no international car page,,
ship car to nigeria from usa,Core,Car shipping,Nigeria,outbound-US,Commercial,3.3,4.54,1,0,1,1,Gap (no page),,no international car page,,
black americans moving to ghana,Core,Moving & relocation,Ghana,unspecified,Commercial,3.3,4.54,0,1,6,1,Gap (no page),,no moving page for this country,,
shipping cars overseas from south africa,Core,Car shipping,South Africa,unspecified,Commercial,3.3,4.54,0,1,6,1,Gap (no page),,no international car page,,
ship car to germany from usa,Core,Car shipping,Germany,outbound-US,Commercial,3.3,4.54,1,0,1,1,Gap (no page),,no international car page,,
requirements to move to france from usa,Core,Moving & relocation,France,outbound-US,Commercial,3.3,4.54,0,1,6,1,Gap (no page),,no moving page for this country,,
ship car to mexico from us,Core,Car shipping,Mexico,outbound-US,Commercial,3.3,4.54,1,0,1,1,Gap (no page),,no international car page,,
moving to haiti from us,Core,Moving & relocation,Haiti,outbound-US,Commercial,3.3,4.54,1,0,1,1,Gap (no page),,no moving page for this country,,
ship my car overseas reviews,Core,Car shipping,Any,unspecified,Commercial,3.3,4.54,0,1,6,1,Gap (no page),,no international car page,,
international movers canada,Core,Moving & relocation,Canada,unspecified,Commercial,3.3,4.54,1,0,1,1,Gap (no page),,no moving page for this country,/en-ca/services/international-shipping-from-canada,
international movers japan,Core,Moving & relocation,Japan,unspecified,Commercial,3.3,4.54,1,0,1,1,Gap (no page),,no moving page for this country,,
international movers kenya,Core,Moving & relocation,Kenya,unspecified,Commercial,3.3,4.54,1,0,1,1,Gap (no page),,no moving page for this country,,
international movers london,Core,Moving & relocation,UK,unspecified,Commercial,3.3,4.54,1,0,1,1,Gap (no page),,no moving page for this country,,
international movers uk,Core,Moving & relocation,UK,unspecified,Commercial,3.3,4.54,1,0,1,1,Gap (no page),,no moving page for this country,,
shipping car overseas army,Core,Car shipping,Any,unspecified,Commercial,3.3,4.54,1,0,1,1,Gap (no page),,no international car page,,
shipping car overseas insurance,Core,Car shipping,Any,unspecified,Commercial,3.3,4.54,1,0,1,1,Gap (no page),,no international car page,,
shipping car to overseas,Core,Car shipping,Any,unspecified,Commercial,3.3,4.54,1,0,1,1,Gap (no page),,no international car page,,
international car shipping australia,Core,Car shipping,Australia,unspecified,Commercial,3.3,4.54,1,0,1,1,Lost (page deleted),,no international car page,,/blog/international-car-shipping-from-usa
international car shipping montreal,Core,Car shipping,Any,unspecified,Commercial,3.3,4.54,1,0,1,1,Lost (page deleted),,no international car page,,/blog/international-car-shipping-from-usa
international car shipping price,Core,Car shipping,Any,unspecified,Commercial,3.3,4.54,1,0,1,1,Lost (page deleted),,no international car page,,/blog/international-car-shipping-from-usa
international car shipping quotes,Core,Car shipping,Any,unspecified,Commercial,3.3,4.54,1,0,1,1,Lost (page deleted),,no international car page,,/blog/international-car-shipping-from-usa
international car shipping usa,Core,Car shipping,Any,unspecified,Commercial,3.3,4.54,1,0,1,1,Lost (page deleted),,no international car page,,/blog/international-car-shipping-from-usa
international car shipping vancouver,Core,Car shipping,Any,unspecified,Commercial,3.3,4.54,1,0,1,1,Lost (page deleted),,no international car page,,/blog/international-car-shipping-from-usa
cargo to india from saudi arabia,Core,Cargo & freight,India,unspecified,Commercial,4.1,4.51,0,1,2,1,Covered (hub only),/worldwide-destinations/shipping-to-india,,,
cargo to pakistan from manchester,Core,Cargo & freight,Pakistan,unspecified,Commercial,4.1,4.51,0,1,2,1,Covered (hub only),/worldwide-destinations/shipping-to-pakistan,,,
courier to uk from south africa,Core,Parcel & courier,South Africa,unspecified,Commercial,4.1,4.51,0,1,2,1,Covered (hub only),/worldwide-destinations/shipping-to-south-africa,,,
shipping from usa to nigeria,Core,Parcel & courier,Nigeria,outbound-US,Commercial,4.1,4.51,0,1,2,1,Covered (hub only),/worldwide-destinations/shipping-to-nigeria,,,
cargo to nigeria from london,Core,Cargo & freight,Nigeria,unspecified,Commercial,4.1,4.51,0,1,2,1,Covered (hub only),/worldwide-destinations/shipping-to-nigeria,,,
shipping container to philippines from usa,Core,Cargo & freight,Philippines,outbound-US,Commercial,4.1,4.51,0,1,2,1,Covered (hub only),/worldwide-destinations/shipping-to-philippines,,,
courier to ireland from south africa,Core,Parcel & courier,South Africa,unspecified,Commercial,4.1,4.51,0,1,2,1,Covered (hub only),/worldwide-destinations/shipping-to-south-africa,,,
shipping cost to china from usa,Core,Cost & rates,China,outbound-US,Commercial,4.1,4.51,0,1,2,1,Covered (hub only),/worldwide-destinations/shipping-to-china,,,
cheapest shipping from usa to japan options,Core,Cost & rates,Japan,outbound-US,Commercial,4.1,4.51,0,1,2,1,Covered (hub only),/worldwide-destinations/shipping-to-japan,,,
cheapest way to ship internationally from usa,Core,Cost & rates,Any,outbound-US,Commercial,4.1,4.51,0,1,2,1,Covered (hub only),/services/worldwide-shipping,,/blog/ship-internationally,
overseas movers cost,Core,Moving & relocation,Any,unspecified,Commercial,4.1,4.51,0,1,2,1,Covered (hub only),/services/reliable-international-relocation-services,,,/blog/how-much-do-movers-cost-in-california
moving from new york to south carolina,Core,Moving & relocation,US-domestic,outbound-US,Commercial,4.1,4.51,0,1,2,1,Covered (hub only),/services/cheapest-domestic-relocation-services,,,
usa address for international shipping,Core,Parcel & courier,Any,unspecified,Commercial,4.1,4.51,0,1,2,1,Covered (hub only),/services/worldwide-shipping,,,
clothing stores that ship internationally,Core,Parcel & courier,Any,unspecified,Commercial,4.1,4.51,0,1,2,1,Covered (hub only),/services/worldwide-shipping,,,
sending tv from usa to india,Core,Specific items,India,outbound-US,Commercial,4.1,4.51,0,1,2,1,Covered (hub only),/worldwide-destinations/shipping-to-india,,,
international shipping ecommerce rates,Core,Cost & rates,Any,unspecified,Commercial,4.1,4.51,0,1,2,1,Covered (hub only),/services/worldwide-shipping,,,
send food online to india,Core,Specific items,India,unspecified,Commercial,4.1,4.51,0,1,2,1,Covered (hub only),/worldwide-destinations/shipping-to-india,,/blog/shipping-food-items-from-india-to-usa,
fedex international shipping customer service,Core,Parcel & courier,Any,unspecified,Carrier-brand,4.5,4.5,1,1,5,1,Covered (hub only),/carriers/shipping-with-fedex,,,
ups international shipping calculator,Core,Cost & rates,Any,unspecified,Carrier-brand,4.5,4.5,1,1,5,1,Covered (hub only),/carriers/shipping-with-ups,,,
ups international shipping options,Core,Parcel & courier,Any,unspecified,Carrier-brand,4.5,4.5,1,1,5,1,Covered (hub only),/carriers/shipping-with-ups,,,
courier from india to usa cost,Secondary (en-in),Cost & rates,India,inbound-US,Commercial,6.8,4.49,2,1,1,2,Covered (hub only),/en-in/services/international-shipping-from-india,,/blog/usa-to-india-shipping-cost-per-kg,
moving to india from usa shipping,Core,Moving & relocation,India,outbound-US,Commercial,4.0,4.4,2,0,5,2,Covered (hub only),/worldwide-moving/moving-to-india,,/blog/is-it-worth-moving-to-usa-from-india,
shipping to united kingdom from usa,Core,Parcel & courier,UK,outbound-US,Commercial,4.0,4.4,1,1,10,2,Covered (hub only),/worldwide-destinations/shipping-to-uk,,,
how much is dhl shipping from ghana to usa,Core,Cost & rates,Ghana,inbound-US,Carrier-brand,4.4,4.4,2,0,3,2,Covered (hub only),/carriers/shipping-with-dhl,,,
shipping goods to kenya from usa,Core,Parcel & courier,Kenya,outbound-US,Commercial,4.0,4.4,2,0,5,2,Covered (hub only),/worldwide-destinations/shipping-to-kenya,,,
usps shipping to south africa from usa,Core,Parcel & courier,South Africa,outbound-US,Carrier-brand,4.4,4.4,2,0,3,2,Covered (hub only),/carriers/shipping-with-usps,,,
cheapest shipping to ireland from usa,Core,Cost & rates,Ireland,outbound-US,Commercial,4.0,4.4,2,0,5,2,Covered (hub only),/worldwide-destinations/shipping-to-ireland,,,
international shipping to france from usa,Core,Parcel & courier,France,outbound-US,Commercial,4.0,4.4,2,0,5,2,Covered (hub only),/worldwide-destinations/shipping-to-france,,,
ups shipping from mexico to us,Core,Parcel & courier,Mexico,inbound-US,Carrier-brand,4.4,4.4,2,0,3,2,Covered (hub only),/carriers/shipping-with-ups,,,
international shipping to jamaica from usa,Core,Parcel & courier,Jamaica,outbound-US,Commercial,4.0,4.4,2,0,5,2,Covered (hub only),/worldwide-destinations/shipping-to-jamaica,,,
shipping package to brazil from usa,Core,Parcel & courier,Brazil,outbound-US,Commercial,4.0,4.4,2,0,5,2,Covered (hub only),/worldwide-destinations/shipping-to-brazil,,,
international movers nyc,Core,Moving & relocation,Any,unspecified,Commercial,4.0,4.4,2,0,5,2,Covered (hub only),/services/reliable-international-relocation-services,,,
international movers san francisco,Core,Moving & relocation,Any,unspecified,Commercial,4.0,4.4,1,1,10,2,Covered (hub only),/services/reliable-international-relocation-services,,,
international shipping to india,Core,Parcel & courier,India,unspecified,Commercial,4.0,4.4,1,1,10,2,Covered (hub only),/worldwide-destinations/shipping-to-india,,/en-in/services/international-shipping-from-india,
how much does it cost to ship a package ups,Core,Cost & rates,Any,unspecified,Carrier-brand,4.4,4.4,2,0,3,2,Covered (hub only),/carriers/shipping-with-ups,,,/blog/how-much-does-it-cost-to-ship-a-large-package-in-the-usa
fedex international shipping to india from usa,Core,Parcel & courier,India,outbound-US,Carrier-brand,4.4,4.4,2,0,3,2,Covered (hub only),/carriers/shipping-with-fedex,,/en-in/services/international-shipping-from-india,
indians moving back to india from usa,Core,Moving & relocation,India,outbound-US,Commercial,4.0,4.4,2,0,5,2,Covered (hub only),/worldwide-moving/moving-to-india,,,
shipping to canada from us usps cost,Core,Cost & rates,Canada,outbound-US,Carrier-brand,4.4,4.4,2,0,3,2,Covered (hub only),/carriers/shipping-with-usps,,,
usps shipping from nigeria to usa price,Core,Cost & rates,Nigeria,inbound-US,Carrier-brand,4.4,4.4,2,0,3,2,Covered (hub only),/carriers/shipping-with-usps,,,
usps shipping from ghana to usa cost,Core,Cost & rates,Ghana,inbound-US,Carrier-brand,4.4,4.4,2,0,3,2,Covered (hub only),/carriers/shipping-with-usps,,,
how much cost ship car overseas,Core,Car shipping,Any,unspecified,Informational,4.4,4.4,2,0,3,2,Gap (no page),,no international car page,,
what is package forwarding,Core,Package forwarding,Any,unspecified,Informational,5.5,4.4,3,0,5,3,Covered (hub only),/shop-us-stores-ship-worldwide,,,
moving companies from usa to canada,Core,Moving & relocation,Canada,outbound-US,Transactional,2.7,4.39,0,1,9,1,Gap (no page),,no moving page for this country,,
car shipping,Secondary,Car shipping,Any,unspecified,Commercial,5.3,4.37,1,1,1,1,Gap (no page),,no international car page,,
ship trucking from india to usa,Secondary (en-in),Parcel & courier,India,inbound-US,Commercial,6.6,4.36,0,2,2,2,Covered (hub only),/en-in/services/international-shipping-from-india,,,
how much to ship a car from usa to uk,Core,Car shipping,UK,outbound-US,Informational,4.3,4.3,1,1,6,1,Gap (no page),,no international car page,,
courier to australia from uae dhl,Core,Parcel & courier,Australia,other-origin,Carrier-brand,4.3,4.3,0,1,1,1,Covered (hub only),/carriers/shipping-with-dhl,,,
how much to ship a car from usa to nigeria,Core,Car shipping,Nigeria,outbound-US,Informational,4.3,4.3,0,1,1,1,Gap (no page),,no international car page,,
shipping to sweden from usa fedex,Core,Parcel & courier,Sweden,outbound-US,Carrier-brand,4.3,4.3,0,1,1,1,Covered (hub only),/carriers/shipping-with-fedex,,,
fedex international shipping quote,Core,Cost & rates,Any,unspecified,Carrier-brand,4.3,4.3,1,1,6,1,Covered (hub only),/carriers/shipping-with-fedex,,,/blog/international-priority-shipping-with-fedex
ups international shipping customer service,Core,Parcel & courier,Any,unspecified,Carrier-brand,4.3,4.3,1,1,6,1,Covered (hub only),/carriers/shipping-with-ups,,,
ups international shipping quote,Core,Cost & rates,Any,unspecified,Carrier-brand,4.3,4.3,1,1,6,1,Covered (hub only),/carriers/shipping-with-ups,,,
usps international shipping label,Core,Parcel & courier,Any,unspecified,Carrier-brand,4.3,4.3,1,1,6,1,Covered (hub only),/carriers/shipping-with-usps,,,
usa to pakistan shipping rates per kg,Core,Cost & rates,Pakistan,outbound-US,Commercial,3.9,4.29,0,1,3,1,Covered (hub only),/worldwide-destinations/shipping-to-pakistan,,,
cargo to pakistan from abu dhabi,Core,Cargo & freight,UAE,unspecified,Commercial,3.9,4.29,0,1,3,1,Covered (hub only),/worldwide-destinations/shipping-to-uae,,,
courier from usa to nepal,Core,Parcel & courier,Nepal,outbound-US,Commercial,3.9,4.29,0,1,3,1,Covered (hub only),/worldwide-destinations/shipping-to-nepal,,,
cheap shipping from usa to uk,Core,Cost & rates,UK,outbound-US,Commercial,3.9,4.29,0,1,3,1,Covered (hub only),/worldwide-destinations/shipping-to-uk,,,
cargo to canada from sharjah,Core,Cargo & freight,Canada,unspecified,Commercial,3.9,4.29,0,1,3,1,Covered (hub only),/worldwide-destinations/shipping-to-canada,,,
cheap freight from usa to new zealand,Core,Cargo & freight,New Zealand,outbound-US,Commercial,3.9,4.29,0,1,3,1,Covered (hub only),/worldwide-destinations/shipping-to-new-zealand,,,
courier to dubai from ireland,Core,Parcel & courier,Ireland,unspecified,Commercial,3.9,4.29,0,1,3,1,Covered (hub only),/worldwide-destinations/shipping-to-ireland,,,
ship to nigeria from usa,Core,Parcel & courier,Nigeria,outbound-US,Commercial,3.9,4.29,0,1,3,1,Covered (hub only),/worldwide-destinations/shipping-to-nigeria,,,
moving to africa from usa,Core,Moving & relocation,Any,outbound-US,Commercial,3.9,4.29,0,1,3,1,Covered (hub only),/services/reliable-international-relocation-services,,,
cheap freight from usa to south africa,Core,Cargo & freight,South Africa,outbound-US,Commercial,3.9,4.29,0,1,3,1,Covered (hub only),/worldwide-destinations/shipping-to-south-africa,,,
shipping boxes to the philippines from usa,Core,Specific items,Philippines,outbound-US,Commercial,3.9,4.29,0,1,3,1,Covered (hub only),/worldwide-destinations/shipping-to-philippines,,,
lbc air cargo rates usa to philippines,Core,Cargo & freight,Philippines,outbound-US,Commercial,3.9,4.29,0,1,3,1,Covered (hub only),/worldwide-destinations/shipping-to-philippines,,,
cheapest shipping from usa to japan rates,Core,Cost & rates,Japan,outbound-US,Commercial,3.9,4.29,0,1,3,1,Covered (hub only),/worldwide-destinations/shipping-to-japan,,,
mail from usa to mexico,Core,Parcel & courier,Mexico,outbound-US,Commercial,3.9,4.29,0,1,3,1,Covered (hub only),/worldwide-destinations/shipping-to-mexico,,,
shipping from us to netherlands,Core,Parcel & courier,Netherlands,outbound-US,Commercial,3.9,4.29,0,1,3,1,Covered (hub only),/worldwide-destinations/shipping-to-netherlands,,,
international shipping company v bentley,Core,Parcel & courier,Any,unspecified,Transactional,3.3,4.29,0,1,6,1,Covered (hub only),/services/worldwide-shipping,,,
cheap international shipping rates,Core,Cost & rates,Any,unspecified,Commercial,3.9,4.29,0,1,3,1,Covered (hub only),/services/worldwide-shipping,,,
cheapest way to ship international packages,Core,Cost & rates,Any,unspecified,Commercial,3.9,4.29,0,1,3,1,Covered (hub only),/services/worldwide-shipping,,,
international moving companies dublin,Core,Moving & relocation,Any,unspecified,Transactional,3.3,4.29,0,1,6,1,Covered (hub only),/services/reliable-international-relocation-services,,,
sea freight usa to nz,Core,Cargo & freight,New Zealand,outbound-US,Commercial,3.9,4.29,0,1,3,1,Covered (hub only),/worldwide-destinations/shipping-to-new-zealand,,/blog/what-is-sea-freight-and-when-it-is-used-in-shipping,
cheapest sea freight usa to singapore quote,Core,Cargo & freight,Singapore,outbound-US,Transactional,3.3,4.29,0,1,6,1,Covered (hub only),/worldwide-destinations/shipping-to-singapore,,,
door to door cargo to philippines near me,Core,Cargo & freight,Philippines,unspecified,Transactional,3.3,4.29,1,0,1,1,Covered (hub only),/worldwide-destinations/shipping-to-philippines,,,
free shipping items to india electronics,Core,Specific items,India,unspecified,Commercial,3.9,4.29,0,1,3,1,Covered (hub only),/worldwide-destinations/shipping-to-india,,,
international shipping ecommerce challenges,Core,Business shipping,Any,unspecified,Commercial,3.9,4.29,0,1,3,1,Covered (hub only),/shipping-for-small-business,,,
cost to ship car to uk from usa,Core,Car shipping,UK,outbound-US,Commercial,3.1,4.26,1,0,2,1,Gap (no page),,no international car page,,
moving to canada from usa as a nurse,Core,Moving & relocation,Canada,outbound-US,Commercial,3.1,4.26,0,1,7,1,Gap (no page),,no moving page for this country,,
usa car shipping to canada,Core,Car shipping,Canada,unspecified,Commercial,3.1,4.26,0,1,7,1,Gap (no page),,no international car page,/blog/shipping-a-car-from-canada-to-the-us-what-you-need-to-know,
cost to ship car to australia from usa,Core,Car shipping,Australia,outbound-US,Commercial,3.1,4.26,1,0,2,1,Gap (no page),,no international car page,,
ship car from nz to australia,Core,Car shipping,Australia,unspecified,Commercial,3.1,4.26,0,1,7,1,Gap (no page),,no international car page,,
moving to dubai from us,Core,Moving & relocation,UAE,outbound-US,Commercial,3.1,4.26,0,1,7,1,Gap (no page),,no moving page for this country,,
ship car from canada to uae,Secondary (en-ca),Car shipping,Canada,other-origin,Commercial,6.2,4.26,0,2,4,2,Gap (no page),,no international car page,,
used cars shipped to nigeria,Core,Car shipping,Nigeria,unspecified,Commercial,3.1,4.26,0,1,7,1,Gap (no page),,no international car page,,
move to ghana from usa requirements,Core,Moving & relocation,Ghana,outbound-US,Commercial,3.1,4.26,1,0,2,1,Gap (no page),,no moving page for this country,,
cost of shipping hybrid car to ghana,Core,Car shipping,Ghana,unspecified,Commercial,3.1,4.26,0,1,7,1,Gap (no page),,no international car page,/blog/shipping-car-to-ghana-from-usa-cost-and-process,
shipping car from usa to south africa price,Core,Car shipping,South Africa,outbound-US,Commercial,3.1,4.26,1,0,2,1,Gap (no page),,no international car page,,
sending car to philippines from usa,Core,Car shipping,Philippines,outbound-US,Commercial,3.1,4.26,1,0,2,1,Gap (no page),,no international car page,,
cost to ship car to germany from usa,Core,Car shipping,Germany,outbound-US,Commercial,3.1,4.26,1,0,2,1,Gap (no page),,no international car page,/blog/shipping-a-car-from-usa-to-germany,
moving to france from usa requirements,Core,Moving & relocation,France,outbound-US,Commercial,3.1,4.26,1,0,2,1,Gap (no page),,no moving page for this country,,
moving to italy from usa with a dog,Core,Moving & relocation,Italy,outbound-US,Commercial,3.1,4.26,1,0,2,1,Gap (no page),,no moving page for this country,,
relocating to italy from usa,Core,Moving & relocation,Italy,outbound-US,Commercial,3.1,4.26,0,1,7,1,Gap (no page),,no moving page for this country,,
relocating to mexico from usa,Core,Moving & relocation,Mexico,outbound-US,Commercial,3.1,4.26,0,1,7,1,Gap (no page),,no moving page for this country,,
ship car from usa to netherlands,Core,Car shipping,Netherlands,outbound-US,Commercial,3.1,4.26,1,0,2,1,Gap (no page),,no international car page,,
cheap international car shipping,Core,Car shipping,Any,unspecified,Commercial,3.1,4.26,0,1,7,1,Lost (page deleted),,no international car page,,/blog/international-car-shipping-from-usa
cheapest way to ship freight internationally,Core,Cargo & freight,Any,unspecified,Commercial,3.1,4.26,0,1,7,1,Gap (no page),,no US freight-forwarding page,,
ship my car overseas cheap,Core,Car shipping,Any,unspecified,Commercial,3.1,4.26,0,1,7,1,Gap (no page),,no international car page,,
shipping furniture to uk from usa,Core,Moving & relocation,UK,outbound-US,Commercial,3.1,4.26,1,0,2,1,Gap (no page),,no moving page for this country,,
ship motorcycle to uk from usa,Core,Car shipping,UK,outbound-US,Commercial,3.1,4.26,1,0,2,1,Gap (no page),,no international car page,,
shipping of car from usa to nigeria,Core,Car shipping,Nigeria,outbound-US,Commercial,3.1,4.26,1,0,2,1,Gap (no page),,no international car page,,
roro shipping from usa to nigeria,Core,Car shipping,Nigeria,outbound-US,Commercial,3.1,4.26,1,0,2,1,Gap (no page),,no international car page,,
roro shipping from usa to ghana,Core,Car shipping,Ghana,outbound-US,Commercial,3.1,4.26,1,0,2,1,Gap (no page),,no international car page,,
international shipping pallets,Core,Cargo & freight,Any,unspecified,Commercial,3.1,4.26,1,0,2,1,Gap (no page),,no US freight-forwarding page,,
international movers in dubai,Core,Moving & relocation,UAE,unspecified,Commercial,3.1,4.26,1,0,2,1,Gap (no page),,no moving page for this country,,
international movers to mexico,Core,Moving & relocation,Mexico,unspecified,Commercial,3.1,4.26,1,0,2,1,Gap (no page),,no moving page for this country,,
international movers uae,Core,Moving & relocation,UAE,unspecified,Commercial,3.1,4.26,1,0,2,1,Gap (no page),,no moving page for this country,,
ship a car overseas,Core,Car shipping,Any,unspecified,Commercial,3.1,4.26,1,0,2,1,Gap (no page),,no international car page,,
shipping car overseas pcs,Core,Car shipping,Any,unspecified,Commercial,3.1,4.26,1,0,2,1,Gap (no page),,no international car page,,
cost to ship car overseas,Core,Car shipping,Any,unspecified,Commercial,3.1,4.26,1,0,2,1,Gap (no page),,no international car page,,
international car shipping broker,Core,Car shipping,Any,unspecified,Commercial,3.1,4.26,1,0,2,1,Lost (page deleted),,no international car page,,/blog/international-car-shipping-from-usa
overseas car shipping insurance,Core,Car shipping,Any,unspecified,Commercial,3.1,4.26,1,0,2,1,Gap (no page),,no international car page,,
vega international car transport & logistic trading,Core,Car shipping,Any,unspecified,Commercial,3.1,4.26,1,0,2,1,Gap (no page),,no international car page,,
international shipping car parts,Core,Car shipping,Any,unspecified,Commercial,3.1,4.26,1,0,2,1,Lost (page deleted),,no international car page,,/blog/international-car-shipping-from-usa
international car shipping toronto,Core,Car shipping,Any,unspecified,Commercial,3.1,4.26,1,0,2,1,Lost (page deleted),,no international car page,,/blog/international-car-shipping-from-usa
international car shipping uk,Core,Car shipping,UK,unspecified,Commercial,3.1,4.26,1,0,2,1,Lost (page deleted),,no international car page,,/blog/international-car-shipping-from-usa
what can i ship to canada,Core,Customs & rules,Canada,unspecified,Informational,5.3,4.24,1,1,1,1,Covered (hub only),/worldwide-destinations/shipping-to-canada,,,
shipping to australia from usa cost usps,Core,Cost & rates,Australia,outbound-US,Carrier-brand,4.2,4.2,2,0,4,2,Covered (hub only),/carriers/shipping-with-usps,,,
how much does it cost to ship a car to australia,Core,Car shipping,Australia,unspecified,Informational,4.2,4.2,2,0,4,2,Gap (no page),,no international car page,,
dhl shipping to kenya from usa,Core,Parcel & courier,Kenya,outbound-US,Carrier-brand,4.2,4.2,2,0,4,2,Covered (hub only),/carriers/shipping-with-dhl,,,
how much does it cost to ship a car from usa to france,Core,Car shipping,France,outbound-US,Informational,4.2,4.2,2,0,4,2,Gap (no page),,no international car page,,
how much to ship a car to italy from usa,Core,Car shipping,Italy,outbound-US,Informational,4.2,4.2,2,0,4,2,Gap (no page),,no international car page,,
shipping to china from usa usps,Core,Parcel & courier,China,outbound-US,Carrier-brand,4.2,4.2,2,0,4,2,Covered (hub only),/carriers/shipping-with-usps,,,
how much to ship a car from us to jamaica,Core,Car shipping,Jamaica,outbound-US,Informational,4.2,4.2,2,0,4,2,Gap (no page),,no international car page,,
does ups ship to india from usa,Core,Parcel & courier,India,outbound-US,Carrier-brand,4.2,4.2,2,0,4,2,Covered (hub only),/carriers/shipping-with-ups,,,
dhl courier from india to usa time,Secondary (en-in),Parcel & courier,India,inbound-US,Carrier-brand,7.0,4.2,4,0,5,4,Covered (hub only),/carriers/shipping-with-dhl,,,
does fedex ship to nigeria,Core,Parcel & courier,Nigeria,unspecified,Carrier-brand,4.2,4.2,2,0,4,2,Covered (hub only),/carriers/shipping-with-fedex,,,
fedex shipping from nigeria to usa price,Core,Cost & rates,Nigeria,inbound-US,Carrier-brand,4.2,4.2,2,0,4,2,Covered (hub only),/carriers/shipping-with-fedex,,,
fedex shipping from usa to ghana price,Core,Cost & rates,Ghana,outbound-US,Carrier-brand,4.2,4.2,2,0,4,2,Covered (hub only),/carriers/shipping-with-fedex,,,
shipping car overseas from canada cost,Secondary (en-ca),Car shipping,Canada,other-origin,Commercial,6.1,4.19,3,0,2,3,Gap (no page),,no international car page,,
international car shipping from canada,Secondary (en-ca),Car shipping,Canada,other-origin,Commercial,6.1,4.19,3,0,2,3,Gap (no page),,no international car page,/en-ca/services/international-shipping-from-canada,
shipping containers to kenya from usa,Core,Cargo & freight,Kenya,outbound-US,Commercial,3.8,4.18,2,0,6,2,Covered (hub only),/worldwide-destinations/shipping-to-kenya,,,
cheap shipping to india from usa,Core,Cost & rates,India,outbound-US,Commercial,3.8,4.18,2,0,6,2,Covered (hub only),/worldwide-destinations/shipping-to-india,,,
courier from india to usa tariff,Secondary (en-in),Parcel & courier,India,inbound-US,Commercial,6.3,4.16,3,0,1,3,Covered (hub only),/en-in/services/international-shipping-from-india,,,
shipping from india to usa per kg,Secondary (en-in),Cost & rates,India,inbound-US,Commercial,6.3,4.16,3,0,1,3,Covered (hub only),/en-in/services/international-shipping-from-india,,,
courier india to usa via post office,Secondary (en-in),Parcel & courier,India,inbound-US,Commercial,6.3,4.16,3,0,1,3,Covered (hub only),/en-in/services/international-shipping-from-india,,,
car shipping cost in uae,Secondary,Car shipping,UAE,unspecified,Commercial,5.0,4.12,0,2,14,2,Gap (no page),,no international car page,,
shipping from canada to ghana,Secondary (en-ca),Parcel & courier,Canada,other-origin,Commercial,7.5,4.12,0,3,20,3,Covered (hub only),/worldwide-destinations/shipping-to-canada,,,
easy import auto international car shipping export,Core,Car shipping,Any,unspecified,Commercial,3.0,4.12,2,0,10,2,Gap (no page),,no international car page,,
how much to ship a car from usa to uk by air,Core,Car shipping,UK,outbound-US,Informational,4.1,4.1,0,1,2,1,Gap (no page),,no international car page,,
shipping to canada from usa ups,Core,Parcel & courier,Canada,outbound-US,Carrier-brand,4.1,4.1,0,1,2,1,Covered (hub only),/carriers/shipping-with-ups,,,
how much to ship my car to france from usa,Core,Car shipping,France,outbound-US,Informational,4.1,4.1,0,1,2,1,Gap (no page),,no international car page,,
shipping to mexico from usa usps,Core,Parcel & courier,Mexico,outbound-US,Carrier-brand,4.1,4.1,0,1,2,1,Covered (hub only),/carriers/shipping-with-usps,,,
car shipping quote without personal information,Secondary,Car shipping,Any,unspecified,Transactional,4.2,4.1,2,0,4,2,Gap (no page),,no international car page,,
shipping container from usa to india,Core,Cargo & freight,India,outbound-US,Commercial,3.7,4.07,0,1,4,1,Covered (hub only),/worldwide-destinations/shipping-to-india,,,
cargo to india from sharjah,Core,Cargo & freight,India,unspecified,Commercial,3.7,4.07,0,1,4,1,Covered (hub only),/worldwide-destinations/shipping-to-india,,,
shipping from usa to uk prices,Core,Cost & rates,UK,outbound-US,Commercial,3.7,4.07,0,1,4,1,Covered (hub only),/worldwide-destinations/shipping-to-uk,,,
courier from usa to canada cost,Core,Cost & rates,Canada,outbound-US,Commercial,3.7,4.07,0,1,4,1,Covered (hub only),/worldwide-destinations/shipping-to-canada,,,
ship to canada from usa,Core,Parcel & courier,Canada,outbound-US,Commercial,3.7,4.07,0,1,4,1,Covered (hub only),/worldwide-destinations/shipping-to-canada,,,
cost to ship to australia from usa,Core,Cost & rates,Australia,outbound-US,Commercial,3.7,4.07,0,1,4,1,Covered (hub only),/worldwide-destinations/shipping-to-australia,,,/blog/shipping-from-usa-to-australia-rules-cost-guide
usa to uae shipping time,Core,Parcel & courier,UAE,outbound-US,Commercial,3.7,4.07,0,1,4,1,Covered (hub only),/worldwide-destinations/shipping-to-uae,,,
shipping laptop to philippines from usa,Core,Specific items,Philippines,outbound-US,Commercial,3.7,4.07,0,1,4,1,Covered (hub only),/worldwide-destinations/shipping-to-philippines,,,
moving to ireland from usa with a cat,Core,Moving & relocation,Ireland,outbound-US,Commercial,3.7,4.07,0,1,4,1,Covered (hub only),/worldwide-moving/moving-to-ireland,,,
cheapest shipping from usa to japan tips,Core,Cost & rates,Japan,outbound-US,Commercial,3.7,4.07,0,1,4,1,Covered (hub only),/worldwide-destinations/shipping-to-japan,,,
mail to japan from usa,Core,Parcel & courier,Japan,outbound-US,Commercial,3.7,4.07,0,1,4,1,Covered (hub only),/worldwide-destinations/shipping-to-japan,,,
moving to holland from usa,Core,Moving & relocation,Any,outbound-US,Commercial,3.7,4.07,0,1,4,1,Covered (hub only),/services/reliable-international-relocation-services,,,
cheapest way to ship international shipping,Core,Cost & rates,Any,unspecified,Commercial,3.7,4.07,0,1,4,1,Covered (hub only),/services/worldwide-shipping,,,/blog/cheapest-way-to-ship-from-usa-to-australia
international shipping phone number,Core,Specific items,Any,unspecified,Commercial,3.7,4.07,0,1,4,1,Covered (hub only),/services/worldwide-shipping,,,
sea freight rates usa to australia,Core,Cargo & freight,Australia,outbound-US,Commercial,3.7,4.07,0,1,4,1,Covered (hub only),/worldwide-destinations/shipping-to-australia,,,
international shipping ecommerce platforms,Core,Business shipping,Any,unspecified,Commercial,3.7,4.07,0,1,4,1,Covered (hub only),/shipping-for-small-business,,,
send gifts from usa to india,Core,Specific items,India,outbound-US,Commercial,3.7,4.07,0,1,4,1,Covered (hub only),/worldwide-destinations/shipping-to-india,,/blog/how-to-send-a-package-to-india-from-canada,
moving companies that ship to pakistan,Core,Moving & relocation,Pakistan,unspecified,Transactional,2.5,4.06,0,1,11,1,Gap (no page),,no moving page for this country,,
cargo service from usa to bangladesh,Core,Cargo & freight,Bangladesh,outbound-US,Transactional,2.5,4.06,1,0,5,1,Gap (no page),,no page for this country,,
sri lanka to australia courier service,Core,Parcel & courier,Sri Lanka,unspecified,Transactional,2.5,4.06,0,1,12,1,Gap (no page),,no page for this country,,
car shipping usa to uk companies,Core,Car shipping,UK,outbound-US,Transactional,2.5,4.06,0,1,13,1,Gap (no page),,no international car page,,
international car shipping companies nigeria,Core,Car shipping,Nigeria,unspecified,Transactional,2.5,4.06,0,1,13,1,Lost (page deleted),,no international car page,,/blog/international-car-shipping-from-usa
international moving companies new mexico,Core,Moving & relocation,Mexico,unspecified,Transactional,2.5,4.06,0,1,18,1,Gap (no page),,no moving page for this country,,
shipping car overseas from canada,Secondary (en-ca),Car shipping,Canada,other-origin,Commercial,5.9,4.06,3,0,3,3,Gap (no page),,no international car page,,
international car shipping instant quote,Core,Car shipping,Any,unspecified,Transactional,2.5,4.06,0,1,12,1,Lost (page deleted),,no international car page,,/blog/international-car-shipping-from-usa
international car shipping rates calculator,Core,Car shipping,Any,unspecified,Transactional,2.5,4.06,0,1,13,1,Lost (page deleted),,no international car page,,/blog/international-car-shipping-from-usa
international car shipping companies near me,Core,Car shipping,Any,unspecified,Transactional,2.5,4.06,0,1,22,1,Lost (page deleted),,no international car page,,/blog/international-car-shipping-from-usa
door to door cargo from usa,Core,Cargo & freight,Any,outbound-US,Transactional,2.5,4.06,0,1,10,1,Gap (no page),,no US freight-forwarding page,,
courier service from usa to canada,Core,Parcel & courier,Canada,outbound-US,Transactional,3.1,4.03,0,1,7,1,Covered (hub only),/worldwide-destinations/shipping-to-canada,,,
cheap freight from usa to singapore companies,Core,Cargo & freight,Singapore,outbound-US,Transactional,3.1,4.03,0,1,7,1,Covered (hub only),/worldwide-destinations/shipping-to-singapore,,,
courier service from usa to jamaica,Core,Parcel & courier,Jamaica,outbound-US,Transactional,3.1,4.03,1,0,2,1,Covered (hub only),/worldwide-destinations/shipping-to-jamaica,,,
international shipping company in jamaica,Core,Parcel & courier,Jamaica,unspecified,Transactional,3.1,4.03,0,1,7,1,Covered (hub only),/worldwide-destinations/shipping-to-jamaica,,,
package forwarding service germany,Core,Package forwarding,Germany,unspecified,Transactional,3.1,4.03,0,1,7,1,Covered (hub only),/shop-us-stores-ship-worldwide,,,
shipping household goods overseas calculator,Core,Moving & relocation,Any,unspecified,Transactional,3.1,4.03,1,0,2,1,Covered (hub only),/services/reliable-international-relocation-services,,,
ship to canada from us service,Core,Parcel & courier,Canada,outbound-US,Transactional,3.1,4.03,1,0,2,1,Covered (hub only),/worldwide-destinations/shipping-to-canada,,,
international movers quote,Core,Moving & relocation,Any,unspecified,Transactional,3.1,4.03,1,0,2,1,Covered (hub only),/services/reliable-international-relocation-services,,,
shipping to australia from usa usps,Core,Parcel & courier,Australia,outbound-US,Carrier-brand,4.0,4.0,2,0,5,2,Covered (hub only),/carriers/shipping-with-usps,,,
can an american move to dubai,Core,Moving & relocation,UAE,unspecified,Informational,4.0,4.0,1,1,10,2,Gap (no page),,no moving page for this country,,
shipping to germany from usa usps,Core,Parcel & courier,Germany,outbound-US,Carrier-brand,4.0,4.0,2,0,5,2,Covered (hub only),/carriers/shipping-with-usps,,,
how much does it cost to ship a car from us to japan,Core,Car shipping,Japan,outbound-US,Informational,4.0,4.0,2,0,5,2,Gap (no page),,no international car page,,
does fedex ship to india from usa,Core,Parcel & courier,India,outbound-US,Carrier-brand,4.0,4.0,2,0,5,2,Covered (hub only),/carriers/shipping-with-fedex,,,
does ups ship to canada from usa,Core,Parcel & courier,Canada,outbound-US,Carrier-brand,4.0,4.0,2,0,5,2,Covered (hub only),/carriers/shipping-with-ups,,,
fedex shipping from philippines to usa price,Core,Cost & rates,Philippines,inbound-US,Carrier-brand,4.0,4.0,2,0,5,2,Covered (hub only),/carriers/shipping-with-fedex,,,
moving back to pakistan from.usa,Core,Moving & relocation,Pakistan,unspecified,Commercial,2.9,3.99,1,0,3,1,Gap (no page),,no moving page for this country,,
cargo from usa to bangladesh,Core,Cargo & freight,Bangladesh,outbound-US,Commercial,2.9,3.99,1,0,3,1,Gap (no page),,no page for this country,,
cargo from usa to sri lanka,Core,Cargo & freight,Sri Lanka,outbound-US,Commercial,2.9,3.99,1,0,3,1,Gap (no page),,no page for this country,,
moving to uk from usa driving licence,Core,Moving & relocation,UK,outbound-US,Commercial,2.9,3.99,1,0,3,1,Gap (no page),,no moving page for this country,,
moving from usa to canada shipping,Core,Moving & relocation,Canada,outbound-US,Commercial,2.9,3.99,0,1,8,1,Gap (no page),,no moving page for this country,,
ship my car from usa to canada,Core,Car shipping,Canada,outbound-US,Commercial,2.9,3.99,1,0,3,1,Gap (no page),,no international car page,/blog/shipping-a-car-from-canada-to-the-us-what-you-need-to-know,
car shipping prices from usa to australia,Core,Car shipping,Australia,outbound-US,Commercial,2.9,3.99,0,1,8,1,Gap (no page),,no international car page,,
moving to new zealand from usa requirements,Core,Moving & relocation,New Zealand,outbound-US,Commercial,2.9,3.99,1,0,3,1,Gap (no page),,no moving page for this country,,
moving to accra ghana from usa,Core,Moving & relocation,Ghana,outbound-US,Commercial,2.9,3.99,1,0,3,1,Gap (no page),,no moving page for this country,,
moving back to kenya from usa,Core,Moving & relocation,Kenya,outbound-US,Commercial,2.9,3.99,1,0,3,1,Gap (no page),,no moving page for this country,,
ship my car from usa to alaska,Core,Car shipping,Any,outbound-US,Commercial,2.9,3.99,0,1,8,1,Gap (no page),,no international car page,,
moving back to south africa from usa,Core,Moving & relocation,South Africa,outbound-US,Commercial,2.9,3.99,1,0,3,1,Gap (no page),,no moving page for this country,,
freight to africa from usa,Core,Cargo & freight,Any,outbound-US,Commercial,2.9,3.99,0,1,8,1,Gap (no page),,no US freight-forwarding page,,
cost to ship car to philippines from usa,Core,Car shipping,Philippines,outbound-US,Commercial,2.9,3.99,1,0,3,1,Gap (no page),,no international car page,,
process of moving to china from usa,Core,Moving & relocation,China,outbound-US,Commercial,2.9,3.99,1,0,3,1,Gap (no page),,no moving page for this country,,
ship car from georgia to china,Core,Car shipping,China,outbound-US,Commercial,2.9,3.99,0,1,8,1,Gap (no page),,no international car page,,
moving back to singapore from usa,Core,Moving & relocation,Singapore,outbound-US,Commercial,2.9,3.99,1,0,3,1,Gap (no page),,no moving page for this country,,
moving to mexico from us requirements,Core,Moving & relocation,Mexico,outbound-US,Commercial,2.9,3.99,1,0,3,1,Gap (no page),,no moving page for this country,,
pros and cons of moving to jamaica from us,Core,Moving & relocation,Jamaica,outbound-US,Commercial,2.9,3.99,1,0,3,1,Gap (no page),,no moving page for this country,/blog/moving-to-ireland-from-us-pros-and-cons,
cost to ship car from usa to jamaica,Core,Car shipping,Jamaica,outbound-US,Commercial,2.9,3.99,1,0,3,1,Gap (no page),,no international car page,,
moving back to brazil from usa,Core,Moving & relocation,Brazil,outbound-US,Commercial,2.9,3.99,1,0,3,1,Gap (no page),,no moving page for this country,,
moving to netherlands from us indians,Core,Moving & relocation,Netherlands,outbound-US,Commercial,2.9,3.99,1,0,3,1,Gap (no page),,no moving page for this country,,
ship or drive car overseas,Core,Car shipping,Any,unspecified,Commercial,2.9,3.99,0,1,8,1,Gap (no page),,no international car page,,
roro shipping from usa to uae,Core,Car shipping,UAE,outbound-US,Commercial,2.9,3.99,1,0,3,1,Gap (no page),,no international car page,,
international movers abu dhabi,Core,Moving & relocation,UAE,unspecified,Commercial,2.9,3.99,1,0,3,1,Gap (no page),,no moving page for this country,,
international movers france,Core,Moving & relocation,France,unspecified,Commercial,2.9,3.99,1,0,3,1,Gap (no page),,no moving page for this country,,
international movers mexico,Core,Moving & relocation,Mexico,unspecified,Commercial,2.9,3.99,1,0,3,1,Gap (no page),,no moving page for this country,,
international movers philippines,Core,Moving & relocation,Philippines,unspecified,Commercial,2.9,3.99,1,0,3,1,Gap (no page),,no moving page for this country,,
international movers south africa,Core,Moving & relocation,South Africa,unspecified,Commercial,2.9,3.99,1,0,3,1,Gap (no page),,no moving page for this country,,
international movers us to canada,Core,Moving & relocation,Canada,outbound-US,Commercial,2.9,3.99,1,0,3,1,Gap (no page),,no moving page for this country,/en-ca/services/international-shipping-from-canada,
transport car overseas cost,Core,Car shipping,Any,unspecified,Commercial,2.9,3.99,1,0,3,1,Gap (no page),,no international car page,,
shipping car parts internationally,Core,Car shipping,Any,unspecified,Commercial,2.9,3.99,1,0,3,1,Gap (no page),,no international car page,,
vega international car transport & logistic trading ltd,Core,Car shipping,Any,unspecified,Commercial,2.9,3.99,1,0,3,1,Gap (no page),,no international car page,,
overseas car shipping quotes,Core,Car shipping,Any,unspecified,Commercial,2.9,3.99,1,0,3,1,Gap (no page),,no international car page,,
international car shipping from us,Core,Car shipping,Any,outbound-US,Commercial,2.9,3.99,1,0,3,1,Lost (page deleted),,no international car page,,/blog/international-car-shipping-from-usa
car shipping international,Core,Car shipping,Any,unspecified,Commercial,2.9,3.99,1,0,3,1,Lost (page deleted),,no international car page,,/blog/international-car-shipping-from-usa
car shipping japan to australia,Core,Car shipping,Australia,unspecified,Commercial,2.9,3.99,1,0,3,1,Gap (no page),,no international car page,,
car shipping overseas,Core,Car shipping,Any,unspecified,Commercial,2.9,3.99,1,0,3,1,Gap (no page),,no international car page,,
auto transport companies,Secondary,Car shipping,Any,domestic-US,Transactional,5.1,3.98,1,1,2,1,Covered (hub only),/services/auto-transport,,,
cross country movers near me,Secondary,Moving & relocation,Any,domestic-US,Transactional,5.1,3.98,1,1,2,1,Covered (hub only),/services/cheapest-domestic-relocation-services,,,
cargo ship route from india to usa,Secondary (en-in),Cargo & freight,India,inbound-US,Commercial,6.0,3.96,0,2,5,2,Covered (hub only),/en-in/services/international-shipping-from-india,,,
shipping boxes to kenya from usa,Core,Specific items,Kenya,outbound-US,Commercial,3.6,3.96,2,0,7,2,Covered (hub only),/worldwide-destinations/shipping-to-kenya,,,
shipping to northern ireland from usa,Core,Parcel & courier,Ireland,outbound-US,Commercial,3.6,3.96,2,0,7,2,Covered (hub only),/worldwide-destinations/shipping-to-ireland,,,
international shipping to italy from usa,Core,Parcel & courier,Italy,outbound-US,Commercial,3.6,3.96,2,0,7,2,Covered (hub only),/worldwide-destinations/shipping-to-italy,,,
car shipping express inc,Secondary,Car shipping,Any,unspecified,Commercial,4.8,3.96,2,0,1,2,Gap (no page),,no international car page,,
car shipping hawaii,Secondary,Car shipping,Any,unspecified,Commercial,4.8,3.96,2,0,1,2,Gap (no page),,no international car page,,
car shipping boat,Secondary,Car shipping,Any,unspecified,Commercial,4.8,3.96,1,1,6,2,Gap (no page),,no international car page,,
shipping used laptop from usa to india,Core,Specific items,India,outbound-US,Commercial,3.6,3.96,2,0,7,2,Covered (hub only),/worldwide-destinations/shipping-to-india,,,
how much to ship a car from usa to uk by rail,Core,Car shipping,UK,outbound-US,Informational,3.9,3.9,0,1,3,1,Gap (no page),,no international car page,,
shipping to australia from usa fedex,Core,Parcel & courier,Australia,outbound-US,Carrier-brand,3.9,3.9,0,1,3,1,Covered (hub only),/carriers/shipping-with-fedex,,,
shipping cost from usa to france dhl,Core,Cost & rates,France,outbound-US,Carrier-brand,3.9,3.9,0,1,3,1,Covered (hub only),/carriers/shipping-with-dhl,,,
dhl shipping from usa,Core,Parcel & courier,Any,outbound-US,Carrier-brand,3.9,3.9,0,1,3,1,Covered (hub only),/carriers/shipping-with-dhl,,,
usps international shipping quote,Core,Cost & rates,Any,unspecified,Carrier-brand,3.9,3.9,1,1,8,1,Covered (hub only),/carriers/shipping-with-usps,,,
car shipping quote no email,Secondary,Car shipping,Any,unspecified,Transactional,4.0,3.9,2,0,5,2,Gap (no page),,no international car page,,
courier from india to usa time,Secondary (en-in),Parcel & courier,India,inbound-US,Commercial,5.9,3.89,3,0,3,3,Covered (hub only),/en-in/services/international-shipping-from-india,,,
international courier from india to usa price,Secondary (en-in),Cost & rates,India,inbound-US,Commercial,5.9,3.89,3,0,3,3,Covered (hub only),/en-in/services/international-shipping-from-india,,/en-in/services/international-shipping-from-india,
medicine courier from india to usa price,Secondary (en-in),Cost & rates,India,inbound-US,Commercial,5.9,3.89,3,0,3,3,Covered (hub only),/en-in/services/international-shipping-from-india,,,
courier charges from india to usa per kg,Secondary (en-in),Cost & rates,India,inbound-US,Commercial,5.9,3.89,3,0,3,3,Covered (hub only),/en-in/services/international-shipping-from-india,,/blog/usa-to-india-shipping-cost-per-kg,
courier to uk from ireland,Core,Parcel & courier,Ireland,unspecified,Commercial,3.5,3.85,0,1,5,1,Covered (hub only),/worldwide-destinations/shipping-to-ireland,,,
cost to ship to uk from usa,Core,Cost & rates,UK,outbound-US,Commercial,3.5,3.85,0,1,5,1,Covered (hub only),/worldwide-destinations/shipping-to-uk,,,
shipping to canada from usa forms,Core,Parcel & courier,Canada,outbound-US,Commercial,3.5,3.85,0,1,5,1,Covered (hub only),/worldwide-destinations/shipping-to-canada,,,
lbc shipping to philippines from usa,Core,Parcel & courier,Philippines,outbound-US,Commercial,3.5,3.85,0,1,5,1,Covered (hub only),/worldwide-destinations/shipping-to-philippines,,,
shipping cost from usa to france by air,Core,Cost & rates,France,outbound-US,Commercial,3.5,3.85,0,1,5,1,Covered (hub only),/worldwide-destinations/shipping-to-france,,,
cheapest shipping from usa to japan by air,Core,Cost & rates,Japan,outbound-US,Commercial,3.5,3.85,0,1,5,1,Covered (hub only),/worldwide-destinations/shipping-to-japan,,,
mailing to mexico from usa,Core,Parcel & courier,Mexico,outbound-US,Commercial,3.5,3.85,0,1,5,1,Covered (hub only),/worldwide-destinations/shipping-to-mexico,,,
shipping to dominican republic from new york,Core,Parcel & courier,Dominican Republic,outbound-US,Commercial,3.5,3.85,0,1,5,1,Covered (hub only),/worldwide-destinations/shipping-to-dominican-republic,,,
relocating to switzerland from us,Core,Moving & relocation,Switzerland,outbound-US,Commercial,3.5,3.85,0,1,5,1,Covered (hub only),/worldwide-moving/moving-to-switzerland,,,
cheapest way to ship packages internationally,Core,Cost & rates,Any,unspecified,Commercial,3.5,3.85,0,1,5,1,Covered (hub only),/services/worldwide-shipping,,,
international shipping contact number,Core,Parcel & courier,Any,unspecified,Commercial,3.5,3.85,0,1,5,1,Covered (hub only),/services/worldwide-shipping,,,
ship package to india online,Core,Parcel & courier,India,unspecified,Commercial,3.5,3.85,0,1,5,1,Covered (hub only),/worldwide-destinations/shipping-to-india,,,
international shipping ecommerce solutions,Core,Business shipping,Any,unspecified,Commercial,3.5,3.85,0,1,5,1,Covered (hub only),/shipping-for-small-business,,,
send gift to india from usa,Core,Specific items,India,outbound-US,Commercial,3.5,3.85,0,1,5,1,Covered (hub only),/worldwide-destinations/shipping-to-india,,,
courier to india from usa documents,Core,Customs & rules,India,outbound-US,Informational,4.8,3.84,2,0,1,2,Covered (hub only),/worldwide-destinations/shipping-to-india,,,
how to ship to pakistan from usa,Core,Parcel & courier,Pakistan,outbound-US,Informational,4.8,3.84,2,0,1,2,Covered (hub only),/worldwide-destinations/shipping-to-pakistan,,,
does whatnot ship to uk from usa,Core,Parcel & courier,UK,outbound-US,Informational,4.8,3.84,2,0,1,2,Covered (hub only),/worldwide-destinations/shipping-to-uk,,,
does macy's ship to canada from usa,Core,Parcel & courier,Canada,outbound-US,Informational,4.8,3.84,2,0,1,2,Covered (hub only),/worldwide-destinations/shipping-to-canada,,,
how much is shipping to nigeria from usa,Core,Cost & rates,Nigeria,outbound-US,Informational,4.8,3.84,2,0,1,2,Covered (hub only),/worldwide-destinations/shipping-to-nigeria,,,
how to ship to ghana from usa,Core,Parcel & courier,Ghana,outbound-US,Informational,4.8,3.84,2,0,1,2,Covered (hub only),/worldwide-destinations/shipping-to-ghana,,,
how to ship to uae from usa,Core,Parcel & courier,UAE,outbound-US,Informational,4.8,3.84,2,0,1,2,Covered (hub only),/worldwide-destinations/shipping-to-uae,,,
auto transport services,Secondary,Car shipping,Any,domestic-US,Transactional,4.9,3.82,1,1,3,1,Covered (hub only),/services/auto-transport,,,
fedex shipping to ireland from usa,Core,Parcel & courier,Ireland,outbound-US,Carrier-brand,3.8,3.8,2,0,6,2,Covered (hub only),/carriers/shipping-with-fedex,,,
usps shipping to brazil from usa,Core,Parcel & courier,Brazil,outbound-US,Carrier-brand,3.8,3.8,2,0,6,2,Covered (hub only),/carriers/shipping-with-usps,,,
ups shipping to canada from us cost,Core,Cost & rates,Canada,outbound-US,Carrier-brand,3.8,3.8,2,0,6,2,Covered (hub only),/carriers/shipping-with-ups,,,
dhl shipping from nigeria to usa cost,Core,Cost & rates,Nigeria,inbound-US,Carrier-brand,3.8,3.8,2,0,6,2,Covered (hub only),/carriers/shipping-with-dhl,,,/blog/how-can-i-reduce-the-cost-of-shipping-to-nigeria
car shipping by train,Secondary,Car shipping,Any,unspecified,Commercial,4.6,3.79,2,0,2,2,Gap (no page),,no international car page,,
car shipping quotes online,Secondary,Car shipping,Any,unspecified,Commercial,4.6,3.79,2,0,2,2,Gap (no page),,no international car page,,
cargo to pakistan near me,Core,Cargo & freight,Pakistan,unspecified,Transactional,2.9,3.77,0,1,8,1,Covered (hub only),/worldwide-destinations/shipping-to-pakistan,,,
courier service to canada,Core,Parcel & courier,Canada,unspecified,Transactional,2.9,3.77,0,1,8,1,Covered (hub only),/worldwide-destinations/shipping-to-canada,,,
international shipping company in new jersey,Core,Parcel & courier,Any,unspecified,Transactional,2.9,3.77,1,0,3,1,Covered (hub only),/services/worldwide-shipping,,,
international shipping company naics code,Core,Parcel & courier,Any,unspecified,Transactional,2.9,3.77,0,1,8,1,Covered (hub only),/services/worldwide-shipping,,,
international moving companies usa to europe,Core,Moving & relocation,Any,outbound-US,Transactional,2.9,3.77,1,0,3,1,Covered (hub only),/services/reliable-international-relocation-services,,,
international moving companies australia,Core,Moving & relocation,Australia,unspecified,Transactional,2.9,3.77,0,1,8,1,Covered (hub only),/worldwide-moving/moving-to-australia,,,
cheapest sea freight usa to singapore service,Core,Cargo & freight,Singapore,outbound-US,Transactional,2.9,3.77,0,1,8,1,Covered (hub only),/worldwide-destinations/shipping-to-singapore,,,
international shipping rates calculator,Core,Cost & rates,Any,unspecified,Transactional,2.9,3.77,0,1,8,1,Covered (hub only),/services/worldwide-shipping,,,
shipping to india quote,Core,Cost & rates,India,unspecified,Transactional,2.9,3.77,0,1,8,1,Covered (hub only),/worldwide-destinations/shipping-to-india,,,
shipping agent from usa to ghana,Core,Parcel & courier,Ghana,outbound-US,Transactional,2.9,3.77,1,0,3,1,Covered (hub only),/worldwide-destinations/shipping-to-ghana,,,
international shipping price calculator,Core,Cost & rates,Any,unspecified,Transactional,2.9,3.77,1,0,3,1,Covered (hub only),/services/worldwide-shipping,,,
package forwarding company,Core,Package forwarding,Any,unspecified,Transactional,2.9,3.77,1,0,3,1,Covered (hub only),/shop-us-stores-ship-worldwide,,,
shipping packages to china from usa,Core,Parcel & courier,China,outbound-US,Commercial,3.4,3.74,2,0,8,2,Covered (hub only),/worldwide-destinations/shipping-to-china,,,
cheapest shipping to brazil from usa,Core,Cost & rates,Brazil,outbound-US,Commercial,3.4,3.74,2,0,8,2,Covered (hub only),/worldwide-destinations/shipping-to-brazil,,,
shipping from canada to india,Secondary (en-ca),Parcel & courier,Canada,other-origin,Commercial,6.8,3.74,2,1,1,2,Covered (hub only),/worldwide-destinations/shipping-to-canada,,/en-in/worldwide-destinations/shipping-to-canada-from-india,
container shipping to india from usa,Core,Cargo & freight,India,outbound-US,Commercial,3.4,3.74,2,0,8,2,Covered (hub only),/worldwide-destinations/shipping-to-india,,,
international car shipping companies in canada,Core,Car shipping,Canada,unspecified,Transactional,2.3,3.74,1,0,6,1,Gap (no page),,no international car page,/en-ca/services/international-shipping-from-canada,
international vehicle shipping companies near me,Core,Car shipping,Any,unspecified,Transactional,2.3,3.74,1,0,6,1,Gap (no page),,no international car page,,
moving to uk from usa checklist,Core,Moving & relocation,UK,outbound-US,Commercial,2.7,3.71,1,0,4,1,Gap (no page),,no moving page for this country,,
moving to canada from usa with car,Core,Car shipping,Canada,outbound-US,Commercial,2.7,3.71,1,0,4,1,Gap (no page),,no international car page,,
car shipping us to australia,Core,Car shipping,Australia,outbound-US,Commercial,2.7,3.71,0,1,9,1,Gap (no page),,no international car page,,
moving back to philippines from usa,Core,Moving & relocation,Philippines,outbound-US,Commercial,2.7,3.71,1,0,4,1,Gap (no page),,no moving page for this country,,
car shipping to germany from usa,Core,Car shipping,Germany,outbound-US,Commercial,2.7,3.71,0,1,9,1,Gap (no page),,no international car page,,
moving to nice france from usa,Core,Moving & relocation,France,outbound-US,Commercial,2.7,3.71,1,0,4,1,Gap (no page),,no moving page for this country,,
cost of moving to china from usa,Core,Moving & relocation,China,outbound-US,Commercial,2.7,3.71,1,0,4,1,Gap (no page),,no moving page for this country,,
moving to japan from us cost,Core,Moving & relocation,Japan,outbound-US,Commercial,2.7,3.71,1,0,4,1,Gap (no page),,no moving page for this country,,
moving to netherlands from us requirements,Core,Moving & relocation,Netherlands,outbound-US,Commercial,2.7,3.71,1,0,4,1,Gap (no page),,no moving page for this country,,
ship my car military overseas,Core,Car shipping,Any,unspecified,Commercial,2.7,3.71,0,1,9,1,Gap (no page),,no international car page,,
air cargo from usa to tanzania,Core,Cargo & freight,Any,outbound-US,Commercial,2.7,3.71,1,0,4,1,Gap (no page),,no US freight-forwarding page,,
shipping cars from usa to uae,Core,Car shipping,UAE,outbound-US,Commercial,2.7,3.71,1,0,4,1,Gap (no page),,no international car page,,
international movers canada to uk,Core,Moving & relocation,Canada,unspecified,Commercial,2.7,3.71,1,0,4,1,Gap (no page),,no moving page for this country,/en-ca/services/international-shipping-from-canada,
international movers in singapore,Core,Moving & relocation,Singapore,unspecified,Commercial,2.7,3.71,1,0,4,1,Gap (no page),,no moving page for this country,,
international moving japan,Core,Moving & relocation,Japan,unspecified,Commercial,2.7,3.71,1,0,4,1,Gap (no page),,no moving page for this country,,
worldwide movers kenya,Core,Moving & relocation,Kenya,unspecified,Commercial,2.7,3.71,1,0,4,1,Gap (no page),,no moving page for this country,,
international movers to canada,Core,Moving & relocation,Canada,unspecified,Commercial,2.7,3.71,1,0,4,1,Gap (no page),,no moving page for this country,/en-ca/services/international-shipping-from-canada,
international movers new zealand,Core,Moving & relocation,New Zealand,unspecified,Commercial,2.7,3.71,1,0,4,1,Gap (no page),,no moving page for this country,,
shipping vehicles overseas cost,Core,Car shipping,Any,unspecified,Commercial,2.7,3.71,1,0,4,1,Gap (no page),,no international car page,,
international car shipping from usa,Core,Car shipping,Any,outbound-US,Commercial,2.7,3.71,1,0,4,1,Lost (page deleted),,no international car page,,/blog/international-car-shipping-from-usa
vega international car transport gmbh,Core,Car shipping,Any,unspecified,Commercial,2.7,3.71,1,0,4,1,Gap (no page),,no international car page,,
roro international car shipping,Core,Car shipping,Any,unspecified,Commercial,2.7,3.71,1,0,4,1,Lost (page deleted),,no international car page,,/blog/international-car-shipping-from-usa
car shipping overseas cost,Core,Car shipping,Any,unspecified,Commercial,2.7,3.71,1,0,4,1,Gap (no page),,no international car page,,
how much to ship a car from usa to uk by road,Core,Car shipping,UK,outbound-US,Informational,3.7,3.7,0,1,4,1,Gap (no page),,no international car page,,
usps shipping to australia from usa,Core,Parcel & courier,Australia,outbound-US,Carrier-brand,3.7,3.7,0,1,4,1,Covered (hub only),/carriers/shipping-with-usps,,,
can you ship a car from usa to australia,Core,Car shipping,Australia,outbound-US,Informational,3.7,3.7,0,1,4,1,Gap (no page),,no international car page,,
ups courier usa to dubai,Core,Parcel & courier,UAE,outbound-US,Carrier-brand,3.7,3.7,0,1,4,1,Covered (hub only),/carriers/shipping-with-ups,,,
why is everyone moving to dubai,Core,Moving & relocation,UAE,unspecified,Informational,3.7,3.7,0,1,4,1,Gap (no page),,no moving page for this country,,
how to move to ghana,Core,Moving & relocation,Ghana,unspecified,Informational,3.7,3.7,0,1,4,1,Gap (no page),,no moving page for this country,,
ups shipping to mexico from usa,Core,Parcel & courier,Mexico,outbound-US,Carrier-brand,3.7,3.7,0,1,4,1,Covered (hub only),/carriers/shipping-with-ups,,,
dhl shipping from usa to china,Core,Parcel & courier,China,outbound-US,Carrier-brand,3.7,3.7,0,1,4,1,Covered (hub only),/carriers/shipping-with-dhl,,,
usps international shipping estimate,Core,Cost & rates,Any,unspecified,Carrier-brand,3.7,3.7,1,1,9,1,Covered (hub only),/carriers/shipping-with-usps,,,
medicine courier from india to usa,Secondary (en-in),Specific items,India,inbound-US,Commercial,5.6,3.7,1,1,2,2,Covered (hub only),/en-in/services/international-shipping-from-india,,,
fastest courier from india to usa,Secondary (en-in),Transit time,India,inbound-US,Commercial,5.6,3.7,1,1,2,2,Covered (hub only),/en-in/services/international-shipping-from-india,,,
international courier from india to usa,Secondary (en-in),Parcel & courier,India,inbound-US,Commercial,5.6,3.7,1,1,2,2,Covered (hub only),/en-in/services/international-shipping-from-india,,/en-in/services/international-shipping-from-india,
dhl international shipping prohibited items,Core,Customs & rules,Any,unspecified,Carrier-brand,3.7,3.7,0,1,4,1,Covered (hub only),/carriers/shipping-with-dhl,,,
how to ship to ireland from us,Core,Parcel & courier,Ireland,outbound-US,Informational,4.6,3.68,2,0,2,2,Covered (hub only),/worldwide-destinations/shipping-to-ireland,,,
how to ship to mexico from us,Core,Parcel & courier,Mexico,outbound-US,Informational,4.6,3.68,2,0,2,2,Covered (hub only),/worldwide-destinations/shipping-to-mexico,,,
shipping documents to india from usa,Core,Customs & rules,India,outbound-US,Informational,4.6,3.68,2,0,2,2,Covered (hub only),/worldwide-destinations/shipping-to-india,,,
how to send courier to india from usa,Core,Parcel & courier,India,outbound-US,Informational,4.6,3.68,2,0,2,2,Covered (specific page),/worldwide-destinations/shipping-to-india,,/en-in/faq/faqs-about-food-courier-service-from-india-to-usa,
can i ship to pakistan from usa,Core,Customs & rules,Pakistan,outbound-US,Informational,4.6,3.68,2,0,2,2,Covered (hub only),/worldwide-destinations/shipping-to-pakistan,,,
how much is shipping to philippines from usa,Core,Cost & rates,Philippines,outbound-US,Informational,4.6,3.68,2,0,2,2,Covered (hub only),/worldwide-destinations/shipping-to-philippines,,,
shipping container from usa to india customs,Core,Cargo & freight,India,outbound-US,Commercial,3.3,3.63,0,1,6,1,Covered (hub only),/worldwide-destinations/shipping-to-india,,,
courier charges from usa to india,Core,Cost & rates,India,outbound-US,Commercial,3.3,3.63,0,1,6,1,Covered (hub only),/worldwide-destinations/shipping-to-india,,/blog/usa-to-india-shipping-cost-per-kg,/blog/courier-charges-from-canada-to-india
cargo to india from usa,Core,Cargo & freight,India,outbound-US,Commercial,3.3,3.63,1,0,1,1,Covered (hub only),/worldwide-destinations/shipping-to-india,,,
cargo shipping from usa to india best options,Core,Cargo & freight,India,outbound-US,Commercial,3.3,3.63,0,1,6,1,Covered (hub only),/worldwide-destinations/shipping-to-india,,,/blog/best-shipping-options-from-usa-to-india-in-2023
courier to pakistan from usa,Core,Parcel & courier,Pakistan,outbound-US,Commercial,3.3,3.63,1,0,1,1,Covered (hub only),/worldwide-destinations/shipping-to-pakistan,,,
send gift to nepal from usa,Core,Specific items,Nepal,outbound-US,Commercial,3.3,3.63,0,1,6,1,Covered (hub only),/worldwide-destinations/shipping-to-nepal,,,
courier to nepal from usa,Core,Parcel & courier,Nepal,outbound-US,Commercial,3.3,3.63,1,0,1,1,Covered (hub only),/worldwide-destinations/shipping-to-nepal,,,
courier to uk from usa,Core,Parcel & courier,UK,outbound-US,Commercial,3.3,3.63,1,0,1,1,Covered (hub only),/worldwide-destinations/shipping-to-uk,,,
cargo to uk from usa,Core,Cargo & freight,UK,outbound-US,Commercial,3.3,3.63,1,0,1,1,Covered (hub only),/worldwide-destinations/shipping-to-uk,,,
courier to canada from usa,Core,Parcel & courier,Canada,outbound-US,Commercial,3.3,3.63,1,0,1,1,Covered (hub only),/worldwide-destinations/shipping-to-canada,,,/blog/courier-charges-from-canada-to-india
cheap courier from usa to canada,Core,Cost & rates,Canada,outbound-US,Commercial,3.3,3.63,0,1,6,1,Covered (hub only),/worldwide-destinations/shipping-to-canada,,,
ship freight to canada from usa,Core,Cargo & freight,Canada,outbound-US,Commercial,3.3,3.63,0,1,6,1,Covered (hub only),/worldwide-destinations/shipping-to-canada,,,
international shipping to australia from usa,Core,Parcel & courier,Australia,outbound-US,Commercial,3.3,3.63,0,1,6,1,Covered (hub only),/worldwide-destinations/shipping-to-australia,,,
courier to australia from usa,Core,Parcel & courier,Australia,outbound-US,Commercial,3.3,3.63,1,0,1,1,Covered (hub only),/worldwide-destinations/shipping-to-australia,,,
freight to australia from usa,Core,Cargo & freight,Australia,outbound-US,Commercial,3.3,3.63,1,0,1,1,Covered (hub only),/worldwide-destinations/shipping-to-australia,,,
freight from usa to australia costs,Core,Cargo & freight,Australia,outbound-US,Commercial,3.3,3.63,0,1,6,1,Covered (hub only),/worldwide-destinations/shipping-to-australia,,,
cargo from morocco to uae,Core,Cargo & freight,UAE,unspecified,Commercial,3.3,3.63,0,1,6,1,Covered (hub only),/worldwide-destinations/shipping-to-uae,,,
courier to dubai from usa,Core,Parcel & courier,UAE,outbound-US,Commercial,3.3,3.63,1,0,1,1,Covered (hub only),/worldwide-destinations/shipping-to-uae,,,
cheapest shipping from usa to saudi arabia,Core,Cost & rates,Saudi Arabia,outbound-US,Commercial,3.3,3.63,0,1,6,1,Covered (hub only),/worldwide-destinations/shipping-to-saudi-arabia,,,
sea shipping route from usa to south africa,Core,Parcel & courier,South Africa,outbound-US,Commercial,3.3,3.63,0,1,6,1,Covered (hub only),/worldwide-destinations/shipping-to-south-africa,,,
courier to south africa from usa,Core,Parcel & courier,South Africa,outbound-US,Commercial,3.3,3.63,1,0,1,1,Covered (hub only),/worldwide-destinations/shipping-to-south-africa,,,
move to africa from usa,Core,Moving & relocation,Any,outbound-US,Commercial,3.3,3.63,0,1,6,1,Covered (hub only),/services/reliable-international-relocation-services,,,
air cargo to philippines,Core,Cargo & freight,Philippines,unspecified,Commercial,3.3,3.63,0,1,6,1,Covered (hub only),/worldwide-destinations/shipping-to-philippines,,,
flower delivery to germany from usa,Core,Parcel & courier,Germany,outbound-US,Commercial,3.3,3.63,1,0,1,1,Covered (hub only),/worldwide-destinations/shipping-to-germany,,,
mail to germany from usa,Core,Parcel & courier,Germany,outbound-US,Commercial,3.3,3.63,0,1,6,1,Covered (hub only),/worldwide-destinations/shipping-to-germany,,,
cost of moving to germany from usa,Core,Moving & relocation,Germany,outbound-US,Commercial,3.3,3.63,0,1,6,1,Covered (hub only),/worldwide-moving/moving-to-germany,,,/blog/shipping-to-germany-from-usa-cost-breakdown
cheap freight from usa to germany,Core,Cargo & freight,Germany,outbound-US,Commercial,3.3,3.63,0,1,6,1,Covered (hub only),/worldwide-destinations/shipping-to-germany,,,
moving to dublin ireland from usa,Core,Moving & relocation,Ireland,outbound-US,Commercial,3.3,3.63,0,1,6,1,Covered (hub only),/worldwide-moving/moving-to-ireland,,,
flower delivery to italy from usa,Core,Parcel & courier,Italy,outbound-US,Commercial,3.3,3.63,1,0,1,1,Covered (hub only),/worldwide-destinations/shipping-to-italy,,,
cheapest shipping from usa to japan by sea,Core,Cargo & freight,Japan,outbound-US,Commercial,3.3,3.63,0,1,6,1,Covered (hub only),/worldwide-destinations/shipping-to-japan,,,
cheap freight from usa to japan,Core,Cargo & freight,Japan,outbound-US,Commercial,3.3,3.63,0,1,6,1,Covered (hub only),/worldwide-destinations/shipping-to-japan,,,
cheap international shipping from usa to uk,Core,Cost & rates,UK,outbound-US,Commercial,3.3,3.63,0,1,6,1,Covered (hub only),/worldwide-destinations/shipping-to-uk,,,
overseas movers reviews,Core,Moving & relocation,Any,unspecified,Commercial,3.3,3.63,0,1,6,1,Covered (hub only),/services/reliable-international-relocation-services,,,
shop us stores and ship internationally,Core,Package forwarding,Any,unspecified,Commercial,3.3,3.63,1,0,1,1,Covered (hub only),/shop-us-stores-ship-worldwide,,,
shipping household goods overseas,Core,Moving & relocation,Any,unspecified,Commercial,3.3,3.63,1,0,1,1,Covered (hub only),/services/reliable-international-relocation-services,,,
ship boxes overseas,Core,Specific items,Any,unspecified,Commercial,3.3,3.63,1,0,1,1,Covered (hub only),/services/worldwide-shipping,,,
sea freight from usa to australia,Core,Cargo & freight,Australia,outbound-US,Commercial,3.3,3.63,1,0,1,1,Covered (hub only),/worldwide-destinations/shipping-to-australia,,,
air cargo from usa to philippines,Core,Cargo & freight,Philippines,outbound-US,Commercial,3.3,3.63,1,0,1,1,Covered (hub only),/worldwide-destinations/shipping-to-philippines,,,
ship electronics to india,Core,Specific items,India,unspecified,Commercial,3.3,3.63,1,0,1,1,Covered (hub only),/worldwide-destinations/shipping-to-india,,/blog/shipping-electronics-from-usa-to-india,
ecommerce international shipping,Core,Business shipping,Any,unspecified,Commercial,3.3,3.63,1,0,1,1,Covered (hub only),/shipping-for-small-business,,,
international shipping ecommerce taxes,Core,Customs & rules,Any,unspecified,Commercial,3.3,3.63,0,1,6,1,Covered (hub only),/services/worldwide-shipping,,,
india to canada courier charges per kg,Core,Cost & rates,Canada,unspecified,Commercial,3.3,3.63,0,1,6,1,Covered (hub only),/worldwide-destinations/shipping-to-canada,,/blog/usa-to-india-shipping-cost-per-kg,/blog/courier-charges-from-canada-to-india
shipping to india from nz,Core,Parcel & courier,India,unspecified,Commercial,3.3,3.63,0,1,6,1,Covered (hub only),/worldwide-destinations/shipping-to-india,,,/blog/how-to-ship-from-the-usa-to-india
ship container to india,Core,Cargo & freight,India,unspecified,Commercial,3.3,3.63,1,0,1,1,Covered (hub only),/worldwide-destinations/shipping-to-india,,,
lcl shipping to india,Core,Cargo & freight,India,unspecified,Commercial,3.3,3.63,1,0,1,1,Covered (hub only),/worldwide-destinations/shipping-to-india,,,
best courier to india from usa,Core,Parcel & courier,India,outbound-US,Commercial,3.3,3.63,1,0,1,1,Covered (hub only),/worldwide-destinations/shipping-to-india,,,
international courier to india from usa,Core,Parcel & courier,India,outbound-US,Commercial,3.3,3.63,1,0,1,1,Covered (hub only),/worldwide-destinations/shipping-to-india,,/en-in/services/international-shipping-from-india,
laptop courier to india from usa,Core,Specific items,India,outbound-US,Commercial,3.3,3.63,1,0,1,1,Covered (hub only),/worldwide-destinations/shipping-to-india,,,
moving from usa to india in 9th grade,Core,Moving & relocation,India,outbound-US,Commercial,3.3,3.63,1,0,1,1,Covered (hub only),/worldwide-moving/moving-to-india,,,
sending gifts to pakistan from usa,Core,Specific items,Pakistan,outbound-US,Commercial,3.3,3.63,1,0,1,1,Covered (hub only),/worldwide-destinations/shipping-to-pakistan,,,
shipping laptop from usa to pakistan,Core,Specific items,Pakistan,outbound-US,Commercial,3.3,3.63,1,0,1,1,Covered (hub only),/worldwide-destinations/shipping-to-pakistan,,,
shipping boxes to uk from usa,Core,Specific items,UK,outbound-US,Commercial,3.3,3.63,1,0,1,1,Covered (hub only),/worldwide-destinations/shipping-to-uk,,,/blog/shipping-boxes
fastest shipping to uk from usa,Core,Transit time,UK,outbound-US,Commercial,3.3,3.63,1,0,1,1,Covered (hub only),/worldwide-destinations/shipping-to-uk,,,
shipping items to uk from usa,Core,Parcel & courier,UK,outbound-US,Commercial,3.3,3.63,1,0,1,1,Covered (hub only),/worldwide-destinations/shipping-to-uk,,,
shipping laptop to uk from usa,Core,Specific items,UK,outbound-US,Commercial,3.3,3.63,1,0,1,1,Covered (hub only),/worldwide-destinations/shipping-to-uk,,,
shipping to uk from usa price,Core,Cost & rates,UK,outbound-US,Commercial,3.3,3.63,1,0,1,1,Covered (hub only),/worldwide-destinations/shipping-to-uk,,,
shipping to canada from us grailed,Core,Parcel & courier,Canada,outbound-US,Commercial,3.3,3.63,1,0,1,1,Covered (hub only),/worldwide-destinations/shipping-to-canada,,,
postage to canada from us letter,Core,Specific items,Canada,outbound-US,Commercial,3.3,3.63,1,0,1,1,Covered (hub only),/worldwide-destinations/shipping-to-canada,,,
shipping to canada from us price,Core,Cost & rates,Canada,outbound-US,Commercial,3.3,3.63,1,0,1,1,Covered (hub only),/worldwide-destinations/shipping-to-canada,,,
shipping to canada from us shopify,Core,Parcel & courier,Canada,outbound-US,Commercial,3.3,3.63,1,0,1,1,Covered (hub only),/worldwide-destinations/shipping-to-canada,,,
shipping to canada with us address,Core,Package forwarding,Canada,unspecified,Commercial,3.3,3.63,1,0,1,1,Covered (hub only),/shop-us-stores-ship-worldwide,,,
shipping goods to nigeria from usa,Core,Parcel & courier,Nigeria,outbound-US,Commercial,3.3,3.63,1,0,1,1,Covered (hub only),/worldwide-destinations/shipping-to-nigeria,,,/blog/how-to-pack-and-ship-for-perishable-goods-to-nigeria
shipping from usa to nigeria nairaland,Core,Parcel & courier,Nigeria,outbound-US,Commercial,3.3,3.63,1,0,1,1,Covered (hub only),/worldwide-destinations/shipping-to-nigeria,,,
shipping route from usa to nigeria,Core,Parcel & courier,Nigeria,outbound-US,Commercial,3.3,3.63,1,0,1,1,Covered (hub only),/worldwide-destinations/shipping-to-nigeria,,,
shipping route from usa to ghana,Core,Parcel & courier,Ghana,outbound-US,Commercial,3.3,3.63,1,0,1,1,Covered (hub only),/worldwide-destinations/shipping-to-ghana,,,
shipping package to philippines from usa,Core,Parcel & courier,Philippines,outbound-US,Commercial,3.3,3.63,1,0,1,1,Covered (hub only),/worldwide-destinations/shipping-to-philippines,,,
shipping to the philippines from usa,Core,Parcel & courier,Philippines,outbound-US,Commercial,3.3,3.63,1,0,1,1,Covered (hub only),/worldwide-destinations/shipping-to-philippines,,,
best shipping from usa to uae,Core,Parcel & courier,UAE,outbound-US,Commercial,3.3,3.63,1,0,1,1,Covered (hub only),/worldwide-destinations/shipping-to-uae,,,
sea shipping from usa to uae,Core,Parcel & courier,UAE,outbound-US,Commercial,3.3,3.63,1,0,1,1,Covered (hub only),/worldwide-destinations/shipping-to-uae,,,
international shipping boxes,Core,Specific items,Any,unspecified,Commercial,3.3,3.63,1,0,1,1,Covered (hub only),/services/worldwide-shipping,,,
international shipping insurance,Core,Parcel & courier,Any,unspecified,Commercial,3.3,3.63,1,0,1,1,Covered (hub only),/services/worldwide-shipping,,,
international shipping korea,Core,Parcel & courier,Any,unspecified,Commercial,3.3,3.63,1,0,1,1,Covered (hub only),/services/worldwide-shipping,,,
international shipping prices,Core,Cost & rates,Any,unspecified,Commercial,3.3,3.63,1,0,1,1,Covered (hub only),/services/worldwide-shipping,,,
international shipping yamato,Core,Parcel & courier,Any,unspecified,Commercial,3.3,3.63,1,0,1,1,Covered (hub only),/services/worldwide-shipping,,,
international shipping zones,Core,Parcel & courier,Any,unspecified,Commercial,3.3,3.63,1,0,1,1,Covered (hub only),/services/worldwide-shipping,,,
international movers edmonton,Core,Moving & relocation,Any,unspecified,Commercial,3.3,3.63,1,0,1,1,Covered (hub only),/services/reliable-international-relocation-services,,,
international movers from usa to india,Core,Moving & relocation,India,outbound-US,Commercial,3.3,3.63,1,0,1,1,Covered (hub only),/worldwide-moving/moving-to-india,,/en-in/services/international-shipping-from-india,
international movers greece,Core,Moving & relocation,Any,unspecified,Commercial,3.3,3.63,1,0,1,1,Covered (hub only),/services/reliable-international-relocation-services,,,
international movers hong kong,Core,Moving & relocation,Any,unspecified,Commercial,3.3,3.63,1,0,1,1,Covered (hub only),/services/reliable-international-relocation-services,,,
international movers in qatar,Core,Moving & relocation,Any,unspecified,Commercial,3.3,3.63,1,0,1,1,Covered (hub only),/services/reliable-international-relocation-services,,,
international movers malaysia,Core,Moving & relocation,Any,unspecified,Commercial,3.3,3.63,1,0,1,1,Covered (hub only),/services/reliable-international-relocation-services,,,
international movers perth,Core,Moving & relocation,Any,unspecified,Commercial,3.3,3.63,1,0,1,1,Covered (hub only),/services/reliable-international-relocation-services,,,
international movers qatar,Core,Moving & relocation,Any,unspecified,Commercial,3.3,3.63,1,0,1,1,Covered (hub only),/services/reliable-international-relocation-services,,,
international movers toronto,Core,Moving & relocation,Any,unspecified,Commercial,3.3,3.63,1,0,1,1,Covered (hub only),/services/reliable-international-relocation-services,,,
international movers vancouver,Core,Moving & relocation,Any,unspecified,Commercial,3.3,3.63,1,0,1,1,Covered (hub only),/services/reliable-international-relocation-services,,,
international movers winnipeg,Core,Moving & relocation,Any,unspecified,Commercial,3.3,3.63,1,0,1,1,Covered (hub only),/services/reliable-international-relocation-services,,,
international moving yamato,Core,Moving & relocation,Any,unspecified,Commercial,3.3,3.63,1,0,1,1,Covered (hub only),/services/reliable-international-relocation-services,,,
worldwide movers zambia,Core,Moving & relocation,Any,unspecified,Commercial,3.3,3.63,1,0,1,1,Covered (hub only),/services/reliable-international-relocation-services,,,
package forwarding europe to canada,Core,Package forwarding,Canada,unspecified,Commercial,3.3,3.63,1,0,1,1,Covered (hub only),/shop-us-stores-ship-worldwide,,,
package forwarding germany,Core,Package forwarding,Germany,unspecified,Commercial,3.3,3.63,1,0,1,1,Covered (hub only),/shop-us-stores-ship-worldwide,,,
package forwarding india,Core,Package forwarding,India,unspecified,Commercial,3.3,3.63,1,0,1,1,Covered (hub only),/shop-us-stores-ship-worldwide,,/en-in/services/freight-forwarding-services-in-india,
package forwarding korea,Core,Package forwarding,Any,unspecified,Commercial,3.3,3.63,1,0,1,1,Covered (hub only),/shop-us-stores-ship-worldwide,,,
package forwarding netherlands,Core,Package forwarding,Netherlands,unspecified,Commercial,3.3,3.63,1,0,1,1,Covered (hub only),/shop-us-stores-ship-worldwide,,,
package forwarding to hawaii,Core,Package forwarding,Any,unspecified,Commercial,3.3,3.63,1,0,1,1,Covered (hub only),/shop-us-stores-ship-worldwide,,,
shipping container india to australia,Core,Cargo & freight,Australia,unspecified,Commercial,3.3,3.63,1,0,1,1,Covered (hub only),/worldwide-destinations/shipping-to-australia,,,
shipping container india to canada,Core,Cargo & freight,Canada,unspecified,Commercial,3.3,3.63,1,0,1,1,Covered (hub only),/worldwide-destinations/shipping-to-canada,,/blog/container-shipping-cost-canada-to-india,
shipping container india to uk,Core,Cargo & freight,India,unspecified,Commercial,3.3,3.63,1,0,1,1,Covered (hub only),/worldwide-destinations/shipping-to-india,,,
cheapest way to ship to canada,Core,Cost & rates,Canada,unspecified,Commercial,3.3,3.63,1,0,1,1,Covered (hub only),/worldwide-destinations/shipping-to-canada,,,/blog/cheapest-way-to-ship-from-usa-to-australia
best way to ship internationally,Core,Parcel & courier,Any,unspecified,Commercial,3.3,3.63,1,0,1,1,Covered (hub only),/services/worldwide-shipping,,/blog/ship-internationally,
car shipping companies amerifreight,Secondary,Car shipping,Any,unspecified,Transactional,3.7,3.61,0,1,4,1,Gap (no page),,no international car page,,
dhl shipping from philippines to usa cost,Core,Cost & rates,Philippines,inbound-US,Carrier-brand,3.6,3.6,2,0,7,2,Covered (hub only),/carriers/shipping-with-dhl,,,
courier from india to usa new rules,Secondary (en-in),Customs & rules,India,inbound-US,Informational,7.4,3.55,4,0,3,4,Covered (specific page),/en-in/services/international-shipping-from-india,,/blog/courier-iphone-from-usa-to-india,
how to ship to italy from us,Core,Parcel & courier,Italy,outbound-US,Informational,4.4,3.52,2,0,3,2,Covered (hub only),/worldwide-destinations/shipping-to-italy,,,
how much is shipping to uk from usa,Core,Cost & rates,UK,outbound-US,Informational,4.4,3.52,2,0,3,2,Covered (hub only),/worldwide-destinations/shipping-to-uk,,,
is shipping to canada from us expensive,Core,Parcel & courier,Canada,outbound-US,Informational,4.4,3.52,2,0,3,2,Covered (hub only),/worldwide-destinations/shipping-to-canada,,,
courier service to australia,Core,Parcel & courier,Australia,unspecified,Transactional,2.7,3.51,0,1,9,1,Covered (hub only),/worldwide-destinations/shipping-to-australia,,,
courier service abu dhabi to dubai,Core,Parcel & courier,UAE,unspecified,Transactional,2.7,3.51,0,1,9,1,Covered (hub only),/worldwide-destinations/shipping-to-uae,,,
international courier service philippines,Core,Parcel & courier,Philippines,unspecified,Transactional,2.7,3.51,0,1,9,1,Covered (hub only),/worldwide-destinations/shipping-to-philippines,,,/blog/international-courier-service-in-hyderabad
cheap freight from usa to singapore service,Core,Cargo & freight,Singapore,outbound-US,Transactional,2.7,3.51,0,1,9,1,Covered (hub only),/worldwide-destinations/shipping-to-singapore,,,
international shipping company in brooklyn,Core,Parcel & courier,Any,unspecified,Transactional,2.7,3.51,1,0,4,1,Covered (hub only),/services/worldwide-shipping,,,
international moving companies florida,Core,Moving & relocation,US-domestic,unspecified,Transactional,2.7,3.51,1,0,4,1,Covered (hub only),/services/cheapest-domestic-relocation-services,,,
international moving companies prices,Core,Moving & relocation,Any,unspecified,Transactional,2.7,3.51,0,1,9,1,Covered (hub only),/services/reliable-international-relocation-services,,,
overseas movers company,Core,Moving & relocation,Any,unspecified,Transactional,2.7,3.51,0,1,9,1,Covered (hub only),/services/reliable-international-relocation-services,,,
auto transport near me,Secondary,Car shipping,Any,domestic-US,Transactional,4.5,3.51,1,1,5,1,Covered (hub only),/services/auto-transport,,,
shipping agent from usa to nigeria,Core,Parcel & courier,Nigeria,outbound-US,Transactional,2.7,3.51,1,0,4,1,Covered (hub only),/worldwide-destinations/shipping-to-nigeria,,,
international shipping brokers near me,Core,Parcel & courier,Any,unspecified,Transactional,2.7,3.51,1,0,4,1,Covered (hub only),/services/worldwide-shipping,,,
international shipping rate calculator,Core,Cost & rates,Any,unspecified,Transactional,2.7,3.51,1,0,4,1,Covered (hub only),/services/worldwide-shipping,,,
international movers and packers near me,Core,Moving & relocation,Any,unspecified,Transactional,2.7,3.51,1,0,4,1,Covered (hub only),/services/reliable-international-relocation-services,,,
how much to ship a car from usa to uk by sea,Core,Car shipping,UK,outbound-US,Informational,3.5,3.5,0,1,5,1,Gap (no page),,no international car page,,
ups shipping to australia from usa,Core,Parcel & courier,Australia,outbound-US,Carrier-brand,3.5,3.5,0,1,5,1,Covered (hub only),/carriers/shipping-with-ups,,,
how to move to uae,Core,Moving & relocation,UAE,unspecified,Informational,3.5,3.5,0,1,5,1,Gap (no page),,no moving page for this country,,
fedex shipping charges from usa to kenya,Core,Cost & rates,Kenya,outbound-US,Carrier-brand,3.5,3.5,0,1,5,1,Covered (hub only),/carriers/shipping-with-fedex,,,
how much to ship car to philippines,Core,Car shipping,Philippines,unspecified,Informational,3.5,3.5,0,1,5,1,Gap (no page),,no international car page,,
fedex shipping to germany from usa,Core,Parcel & courier,Germany,outbound-US,Carrier-brand,3.5,3.5,0,1,5,1,Covered (hub only),/carriers/shipping-with-fedex,,,
shipping to ireland usps,Core,Parcel & courier,Ireland,unspecified,Carrier-brand,3.5,3.5,0,1,5,1,Covered (hub only),/carriers/shipping-with-usps,,,
usps shipping cost to china from usa,Core,Cost & rates,China,outbound-US,Carrier-brand,3.5,3.5,0,1,5,1,Covered (hub only),/carriers/shipping-with-usps,,,
fedex shipping to mexico from usa,Core,Parcel & courier,Mexico,outbound-US,Carrier-brand,3.5,3.5,0,1,5,1,Covered (hub only),/carriers/shipping-with-fedex,,,
auto transport,Secondary,Car shipping,Any,domestic-US,Commercial,5.3,3.5,1,1,1,1,Covered (hub only),/services/auto-transport,,,
cross country movers,Secondary,Moving & relocation,Any,domestic-US,Commercial,5.3,3.5,1,1,1,1,Covered (hub only),/services/cheapest-domestic-relocation-services,,,
moving to texas,Secondary,Moving & relocation,US-domestic,domestic-US,Commercial,5.3,3.5,1,1,1,1,Covered (hub only),/services/cheapest-domestic-relocation-services,,,
moving from california to texas,Secondary,Moving & relocation,US-domestic,domestic-US,Commercial,5.3,3.5,1,1,1,1,Covered (hub only),/services/cheapest-domestic-relocation-services,,/blog/moving-from-california-to-texas-checklist,
moving from new york to texas,Secondary,Moving & relocation,US-domestic,domestic-US,Commercial,5.3,3.5,1,1,1,1,Covered (hub only),/services/cheapest-domestic-relocation-services,,/blog/moving-from-new-york-to-texas-cost-and-tips-guide,
ups international shipping estimate,Core,Cost & rates,Any,unspecified,Carrier-brand,3.5,3.5,1,1,10,1,Covered (hub only),/carriers/shipping-with-ups,,,
usps international shipping form,Core,Parcel & courier,Any,unspecified,Carrier-brand,3.5,3.5,0,1,5,1,Covered (hub only),/carriers/shipping-with-usps,,,
courier from india to usa,Secondary (en-in),Parcel & courier,India,inbound-US,Commercial,5.3,3.5,1,1,1,1,Covered (hub only),/en-in/services/international-shipping-from-india,,/en-in/faq/usa-courier-service,
ship from india to usa,Secondary (en-in),Parcel & courier,India,inbound-US,Commercial,5.3,3.5,1,1,1,1,Covered (hub only),/en-in/services/international-shipping-from-india,,,/blog/how-to-ship-from-the-usa-to-india
import car from usa to india,Core,Car shipping,India,outbound-US,Commercial,2.5,3.44,0,1,15,1,Gap (no page),,no international car page,,
nepal can move international,Core,Moving & relocation,Nepal,unspecified,Commercial,2.5,3.44,0,1,19,1,Gap (no page),,no moving page for this country,,
usa to sri lanka shipping cost,Core,Cost & rates,Sri Lanka,outbound-US,Commercial,2.5,3.44,1,0,5,1,Gap (no page),,no page for this country,,
shipping a car to england from usa,Core,Car shipping,UK,outbound-US,Commercial,2.5,3.44,0,1,10,1,Gap (no page),,no international car page,,
car shipping usa to uk cheap,Core,Car shipping,UK,outbound-US,Commercial,2.5,3.44,0,1,11,1,Gap (no page),,no international car page,,
car shipping usa to uk cost,Core,Car shipping,UK,outbound-US,Commercial,2.5,3.44,0,1,12,1,Gap (no page),,no international car page,,
car shipping america to uk,Core,Car shipping,UK,outbound-US,Commercial,2.5,3.44,0,1,14,1,Gap (no page),,no international car page,,
car shipping usa to uk process,Core,Car shipping,UK,outbound-US,Commercial,2.5,3.44,0,1,19,1,Gap (no page),,no international car page,,
auto shipping usa to uk,Core,Car shipping,UK,outbound-US,Commercial,2.5,3.44,0,1,20,1,Gap (no page),,no international car page,,
relocating to canada from us,Core,Moving & relocation,Canada,outbound-US,Commercial,2.5,3.44,1,0,5,1,Gap (no page),,no moving page for this country,,
moving back to canada from usa,Core,Moving & relocation,Canada,outbound-US,Commercial,2.5,3.44,0,1,10,1,Gap (no page),,no moving page for this country,,
ship my car to australia,Core,Car shipping,Australia,unspecified,Commercial,2.5,3.44,0,1,10,1,Gap (no page),,no international car page,,
car shipping america to australia,Core,Car shipping,Australia,outbound-US,Commercial,2.5,3.44,0,1,11,1,Gap (no page),,no international car page,,
ship my car overseas to australia,Core,Car shipping,Australia,unspecified,Commercial,2.5,3.44,0,1,16,1,Gap (no page),,no international car page,,
uk car shipping to australia,Core,Car shipping,Australia,unspecified,Commercial,2.5,3.44,0,1,20,1,Gap (no page),,no international car page,,
auto shipping us to australia,Core,Car shipping,Australia,outbound-US,Commercial,2.5,3.44,0,1,21,1,Gap (no page),,no international car page,,
moving pets to new zealand from usa,Core,Moving & relocation,New Zealand,outbound-US,Commercial,2.5,3.44,1,0,5,1,Gap (no page),,no moving page for this country,,
shipping car from florida to new zealand,Core,Car shipping,New Zealand,outbound-US,Commercial,2.5,3.44,0,1,12,1,Gap (no page),,no international car page,/blog/shipping-a-car-to-new-zealand-from-usa,
shipping cars overseas from new zealand,Core,Car shipping,New Zealand,unspecified,Commercial,2.5,3.44,0,1,13,1,Gap (no page),,no international car page,,
shipping car from nz to australia,Core,Car shipping,Australia,unspecified,Commercial,2.5,3.44,0,1,21,1,Gap (no page),,no international car page,,
cost of moving to dubai,Core,Moving & relocation,UAE,unspecified,Commercial,2.5,3.44,0,1,13,1,Gap (no page),,no moving page for this country,,
shipping a car from japan to dubai,Core,Car shipping,UAE,unspecified,Commercial,2.5,3.44,0,1,11,1,Gap (no page),,no international car page,,
moving to canada from nigeria,Core,Moving & relocation,Nigeria,unspecified,Commercial,2.5,3.44,0,1,11,1,Gap (no page),,no moving page for this country,,
african americans relocating to ghana,Core,Moving & relocation,Ghana,unspecified,Commercial,2.5,3.44,0,1,12,1,Gap (no page),,no moving page for this country,,
shipping car from china to ghana,Core,Car shipping,Ghana,unspecified,Commercial,2.5,3.44,0,1,19,1,Gap (no page),,no international car page,,
moving to canada from kenya,Core,Moving & relocation,Canada,unspecified,Commercial,2.5,3.44,0,1,17,1,Gap (no page),,no moving page for this country,,
car shipping us to central african republic,Core,Car shipping,Any,outbound-US,Commercial,2.5,3.44,0,1,19,1,Gap (no page),,no international car page,,
shipping a car from japan to philippines,Core,Car shipping,Philippines,unspecified,Commercial,2.5,3.44,0,1,10,1,Gap (no page),,no international car page,,
car shipping philippines to canada,Core,Car shipping,Philippines,unspecified,Commercial,2.5,3.44,0,1,13,1,Gap (no page),,no international car page,,
car shipping us to germany,Core,Car shipping,Germany,outbound-US,Commercial,2.5,3.44,0,1,12,1,Gap (no page),,no international car page,,
shipping car to germany,Core,Car shipping,Germany,unspecified,Commercial,2.5,3.44,0,1,21,1,Gap (no page),,no international car page,,
moving to colmar france from usa,Core,Moving & relocation,France,outbound-US,Commercial,2.5,3.44,1,0,5,1,Gap (no page),,no moving page for this country,,
movers us to france,Core,Moving & relocation,France,outbound-US,Commercial,2.5,3.44,0,1,13,1,Gap (no page),,no moving page for this country,,
shipping car from illinois to france,Core,Car shipping,France,outbound-US,Commercial,2.5,3.44,0,1,14,1,Gap (no page),,no international car page,,
moving to italy from usa cost,Core,Moving & relocation,Italy,outbound-US,Commercial,2.5,3.44,1,0,5,1,Gap (no page),,no moving page for this country,,
ship my car from usa to spain,Core,Car shipping,Any,outbound-US,Commercial,2.5,3.44,0,1,11,1,Gap (no page),,no international car page,,
shipping a car from us to europe,Core,Car shipping,Any,outbound-US,Commercial,2.5,3.44,0,1,16,1,Gap (no page),,no international car page,,
shipping cars overseas from china,Core,Car shipping,China,unspecified,Commercial,2.5,3.44,0,1,13,1,Gap (no page),,no international car page,,
moving to japan from us with kids,Core,Moving & relocation,Japan,outbound-US,Commercial,2.5,3.44,1,0,5,1,Gap (no page),,no moving page for this country,,
ship my car overseas to japan,Core,Car shipping,Japan,unspecified,Commercial,2.5,3.44,0,1,15,1,Gap (no page),,no international car page,,
auto shipping us to japan,Core,Car shipping,Japan,outbound-US,Commercial,2.5,3.44,0,1,21,1,Gap (no page),,no international car page,,
shipping cars overseas from japan,Core,Car shipping,Japan,unspecified,Commercial,2.5,3.44,0,1,23,1,Gap (no page),,no international car page,,
car shipping us to japan,Core,Car shipping,Japan,outbound-US,Commercial,2.5,3.44,0,1,16,1,Gap (no page),,no international car page,,
ship car from us to philippines,Core,Car shipping,Philippines,outbound-US,Commercial,2.5,3.44,0,1,12,1,Gap (no page),,no international car page,,
moving to mexico from us with pets,Core,Moving & relocation,Mexico,outbound-US,Commercial,2.5,3.44,1,0,5,1,Gap (no page),,no moving page for this country,,
car shipping america to mexico,Core,Car shipping,Mexico,outbound-US,Commercial,2.5,3.44,0,1,13,1,Gap (no page),,no international car page,,
shipping car from california to mexico,Core,Car shipping,US-domestic,outbound-US,Commercial,2.5,3.44,0,1,16,1,Gap (no page),,no international car page,,
shipping car from texas to mexico,Core,Car shipping,Mexico,outbound-US,Commercial,2.5,3.44,0,1,17,1,Lost (page deleted),,no international car page,,/blog/how-much-to-ship-a-car-to-texas
car shipping usa to mexico,Core,Car shipping,Mexico,outbound-US,Commercial,2.5,3.44,0,1,12,1,Gap (no page),,no international car page,,
international movers usa to brazil,Core,Moving & relocation,Brazil,outbound-US,Commercial,2.5,3.44,0,1,13,1,Gap (no page),,no moving page for this country,,
shipping car from usa to chile,Core,Car shipping,Any,outbound-US,Commercial,2.5,3.44,0,1,18,1,Gap (no page),,no international car page,,
swiss international air lines cargo,Core,Cargo & freight,Any,unspecified,Commercial,2.5,3.44,0,1,21,1,Gap (no page),,no US freight-forwarding page,,
moving to netherlands from us with pets,Core,Moving & relocation,Netherlands,outbound-US,Commercial,2.5,3.44,1,0,5,1,Gap (no page),,no moving page for this country,,
cheap auto shipping international,Core,Car shipping,Any,unspecified,Commercial,2.5,3.44,0,1,10,1,Gap (no page),,no international car page,,
ship my car and belongings overseas,Core,Car shipping,Any,unspecified,Commercial,2.5,3.44,0,1,10,1,Gap (no page),,no international car page,,
international car shipping quotes instant,Core,Car shipping,Any,unspecified,Commercial,2.5,3.44,0,1,14,1,Lost (page deleted),,no international car page,,/blog/international-car-shipping-from-usa
international car shipping san diego,Core,Car shipping,Any,unspecified,Commercial,2.5,3.44,0,1,15,1,Lost (page deleted),,no international car page,,/blog/international-car-shipping-from-usa
international car shipping boston,Core,Car shipping,Any,unspecified,Commercial,2.5,3.44,0,1,17,1,Lost (page deleted),,no international car page,,/blog/international-car-shipping-from-usa
international car shipping seattle,Core,Car shipping,Any,unspecified,Commercial,2.5,3.44,0,1,18,1,Lost (page deleted),,no international car page,,/blog/international-car-shipping-from-usa
international car shipping new york,Core,Car shipping,US-domestic,unspecified,Commercial,2.5,3.44,0,1,19,1,Lost (page deleted),,no international car page,,/blog/international-car-shipping-from-usa
international car shipping baltimore,Core,Car shipping,Any,unspecified,Commercial,2.5,3.44,0,1,20,1,Lost (page deleted),,no international car page,,/blog/international-car-shipping-from-usa
how to ship household goods overseas,Core,Moving & relocation,Any,unspecified,Informational,4.3,3.44,0,1,1,1,Covered (hub only),/services/reliable-international-relocation-services,,,
shipping a car from usa to ghana,Core,Car shipping,Ghana,outbound-US,Commercial,2.5,3.44,1,0,5,1,Gap (no page),,no international car page,,
shipping car internationally cost,Core,Car shipping,Any,unspecified,Commercial,2.5,3.44,1,0,5,1,Gap (no page),,no international car page,,
best international car shipping,Core,Car shipping,Any,unspecified,Commercial,2.5,3.44,1,0,5,1,Lost (page deleted),,no international car page,,/blog/international-car-shipping-from-usa
international car freight shipping,Core,Car shipping,Any,unspecified,Commercial,2.5,3.44,1,0,5,1,Lost (page deleted),,no international car page,,/blog/international-car-shipping-from-usa
vega international car transport gmbh ulm,Core,Car shipping,Any,unspecified,Commercial,2.5,3.44,1,0,5,1,Gap (no page),,no international car page,,
car shipping japan to uk,Core,Car shipping,Japan,unspecified,Commercial,2.5,3.44,1,0,5,1,Gap (no page),,no international car page,,
shipping container from usa to india size,Core,Cargo & freight,India,outbound-US,Commercial,3.1,3.41,0,1,7,1,Covered (hub only),/worldwide-destinations/shipping-to-india,,,
cheap courier from usa to india,Core,Cost & rates,India,outbound-US,Commercial,3.1,3.41,0,1,7,1,Covered (hub only),/worldwide-destinations/shipping-to-india,,,
moving from usa to india shipping,Core,Moving & relocation,India,outbound-US,Commercial,3.1,3.41,0,1,7,1,Covered (hub only),/worldwide-moving/moving-to-india,,/blog/is-it-worth-moving-to-usa-from-india,
ship from us to india,Core,Parcel & courier,India,outbound-US,Commercial,3.1,3.41,0,1,7,1,Covered (hub only),/worldwide-destinations/shipping-to-india,,,/blog/how-to-ship-from-the-usa-to-india
cargo shipping from usa to india by air,Core,Cargo & freight,India,outbound-US,Commercial,3.1,3.41,0,1,7,1,Covered (hub only),/worldwide-destinations/shipping-to-india,,,
car shipping companies in nepal,Secondary,Car shipping,Nepal,unspecified,Transactional,3.5,3.41,0,1,5,1,Gap (no page),,no international car page,,
parcel to uk from usa,Core,Parcel & courier,UK,outbound-US,Commercial,3.1,3.41,1,0,2,1,Covered (hub only),/worldwide-destinations/shipping-to-uk,,,
us to canada shipping cost by courier,Core,Cost & rates,Canada,outbound-US,Commercial,3.1,3.41,0,1,7,1,Covered (hub only),/worldwide-destinations/shipping-to-canada,,,
moving companies to canada from usa,Core,Moving & relocation,Canada,outbound-US,Transactional,2.1,3.41,1,0,7,1,Gap (no page),,no moving page for this country,,
cheap shipping to australia from usa,Core,Cost & rates,Australia,outbound-US,Commercial,3.1,3.41,0,1,7,1,Covered (hub only),/worldwide-destinations/shipping-to-australia,,,
freight shipping to australia from usa,Core,Cargo & freight,Australia,outbound-US,Commercial,3.1,3.41,1,0,2,1,Covered (hub only),/worldwide-destinations/shipping-to-australia,,,
courier from abu dhabi to dubai,Core,Parcel & courier,UAE,unspecified,Commercial,3.1,3.41,0,1,7,1,Covered (hub only),/worldwide-destinations/shipping-to-uae,,,
cheap freight from usa to philippines,Core,Cargo & freight,Philippines,outbound-US,Commercial,3.1,3.41,0,1,7,1,Covered (hub only),/worldwide-destinations/shipping-to-philippines,,,
send parcel to germany from usa,Core,Parcel & courier,Germany,outbound-US,Commercial,3.1,3.41,1,0,2,1,Covered (hub only),/worldwide-destinations/shipping-to-germany,,,
moving back to germany from usa,Core,Moving & relocation,Germany,outbound-US,Commercial,3.1,3.41,0,1,7,1,Covered (hub only),/worldwide-moving/moving-to-germany,,,
courier from northern ireland to ireland,Core,Parcel & courier,Ireland,unspecified,Commercial,3.1,3.41,0,1,7,1,Covered (hub only),/worldwide-destinations/shipping-to-ireland,,,
postage to japan from usa,Core,Parcel & courier,Japan,outbound-US,Commercial,3.1,3.41,1,0,2,1,Covered (hub only),/worldwide-destinations/shipping-to-japan,,,
postage from usa to.mexico,Core,Parcel & courier,Mexico,outbound-US,Commercial,3.1,3.41,1,0,2,1,Covered (hub only),/worldwide-destinations/shipping-to-mexico,,,
shipping from the us to mexico,Core,Parcel & courier,Mexico,outbound-US,Commercial,3.1,3.41,0,1,7,1,Covered (hub only),/worldwide-destinations/shipping-to-mexico,,,
ship to mexico from usa,Core,Parcel & courier,Mexico,outbound-US,Commercial,3.1,3.41,0,1,7,1,Covered (hub only),/worldwide-destinations/shipping-to-mexico,,,
moving to switzerland from usa requirements,Core,Moving & relocation,Switzerland,outbound-US,Commercial,3.1,3.41,1,0,2,1,Covered (hub only),/worldwide-moving/moving-to-switzerland,,,
overseas movers and packers,Core,Moving & relocation,Any,unspecified,Commercial,3.1,3.41,1,0,2,1,Covered (hub only),/services/reliable-international-relocation-services,,,
overseas movers checklist,Core,Moving & relocation,Any,unspecified,Commercial,3.1,3.41,0,1,7,1,Covered (hub only),/services/reliable-international-relocation-services,,,
shipping boxes overseas prices,Core,Cost & rates,Any,unspecified,Commercial,3.1,3.41,1,0,2,1,Covered (hub only),/services/worldwide-shipping,,,
ship furniture overseas cost,Core,Moving & relocation,Any,unspecified,Commercial,3.1,3.41,1,0,2,1,Covered (hub only),/services/reliable-international-relocation-services,,,
shipping luggage overseas europe,Core,Specific items,Any,unspecified,Commercial,3.1,3.41,1,0,2,1,Covered (hub only),/services/worldwide-shipping,,,
sea freight from usa to singapore,Core,Cargo & freight,Singapore,outbound-US,Commercial,3.1,3.41,1,0,2,1,Covered (hub only),/worldwide-destinations/shipping-to-singapore,,,
cheapest sea freight usa to singapore rates,Core,Cargo & freight,Singapore,outbound-US,Commercial,3.1,3.41,0,1,7,1,Covered (hub only),/worldwide-destinations/shipping-to-singapore,,,
air cargo from usa to philippines price,Core,Cargo & freight,Philippines,outbound-US,Commercial,3.1,3.41,1,0,2,1,Covered (hub only),/worldwide-destinations/shipping-to-philippines,,,
ship tv to india from usa,Core,Specific items,India,outbound-US,Commercial,3.1,3.41,1,0,2,1,Covered (hub only),/worldwide-destinations/shipping-to-india,,,/blog/how-to-ship-from-the-usa-to-india
lcl shipping india to canada,Core,Cargo & freight,Canada,unspecified,Commercial,3.1,3.41,1,0,2,1,Covered (hub only),/worldwide-destinations/shipping-to-canada,,/en-in/worldwide-destinations/shipping-to-canada-from-india,
shipping work laptop from usa to india,Core,Specific items,India,outbound-US,Commercial,3.1,3.41,1,0,2,1,Covered (hub only),/worldwide-destinations/shipping-to-india,,,
fastest courier to india from usa,Core,Transit time,India,outbound-US,Commercial,3.1,3.41,1,0,2,1,Covered (hub only),/worldwide-destinations/shipping-to-india,,,
moving to india from the us,Core,Moving & relocation,India,outbound-US,Commercial,3.1,3.41,1,0,2,1,Covered (hub only),/worldwide-moving/moving-to-india,,/blog/is-it-worth-moving-to-usa-from-india,
shipping from usa to pakistan rates,Core,Cost & rates,Pakistan,outbound-US,Commercial,3.1,3.41,1,0,2,1,Covered (hub only),/worldwide-destinations/shipping-to-pakistan,,,
send parcel to pakistan from usa,Core,Parcel & courier,Pakistan,outbound-US,Commercial,3.1,3.41,1,0,2,1,Covered (hub only),/worldwide-destinations/shipping-to-pakistan,,,
best shipping to uk from usa,Core,Parcel & courier,UK,outbound-US,Commercial,3.1,3.41,1,0,2,1,Covered (hub only),/worldwide-destinations/shipping-to-uk,,,
shipping dog to uk from usa,Core,Parcel & courier,UK,outbound-US,Commercial,3.1,3.41,1,0,2,1,Covered (hub only),/worldwide-destinations/shipping-to-uk,,,
international shipping to uk from usa,Core,Parcel & courier,UK,outbound-US,Commercial,3.1,3.41,1,0,2,1,Covered (hub only),/worldwide-destinations/shipping-to-uk,,,
ship luggage to uk from usa,Core,Specific items,UK,outbound-US,Commercial,3.1,3.41,1,0,2,1,Covered (hub only),/worldwide-destinations/shipping-to-uk,,,
ship to uk from us price,Core,Cost & rates,UK,outbound-US,Commercial,3.1,3.41,1,0,2,1,Covered (hub only),/worldwide-destinations/shipping-to-uk,,,
ship to canada from us address,Core,Package forwarding,Canada,outbound-US,Commercial,3.1,3.41,1,0,2,1,Covered (hub only),/shop-us-stores-ship-worldwide,,,
best shipping to canada from us,Core,Parcel & courier,Canada,outbound-US,Commercial,3.1,3.41,1,0,2,1,Covered (hub only),/worldwide-destinations/shipping-to-canada,,,
shipping to canada from us duties,Core,Customs & rules,Canada,outbound-US,Commercial,3.1,3.41,1,0,2,1,Covered (hub only),/worldwide-destinations/shipping-to-canada,,,
shipping gifts to canada from usa,Core,Specific items,Canada,outbound-US,Commercial,3.1,3.41,1,0,2,1,Covered (hub only),/worldwide-destinations/shipping-to-canada,,,
ship luggage to canada from usa,Core,Specific items,Canada,outbound-US,Commercial,3.1,3.41,1,0,2,1,Covered (hub only),/worldwide-destinations/shipping-to-canada,,,
shipping medication to canada from us,Core,Parcel & courier,Canada,outbound-US,Commercial,3.1,3.41,1,0,2,1,Covered (hub only),/worldwide-destinations/shipping-to-canada,,,
us to canada shipping price,Core,Cost & rates,Canada,outbound-US,Commercial,3.1,3.41,1,0,2,1,Covered (hub only),/worldwide-destinations/shipping-to-canada,,,
mailing to canada from us requirements,Core,Parcel & courier,Canada,outbound-US,Commercial,3.1,3.41,1,0,2,1,Covered (hub only),/worldwide-destinations/shipping-to-canada,,,
shipping to canada from us tariff,Core,Parcel & courier,Canada,outbound-US,Commercial,3.1,3.41,1,0,2,1,Covered (hub only),/worldwide-destinations/shipping-to-canada,,,
shipping vape from usa to canada,Core,Parcel & courier,Canada,outbound-US,Commercial,3.1,3.41,1,0,2,1,Covered (hub only),/worldwide-destinations/shipping-to-canada,,,
best shipping from usa to nigeria,Core,Parcel & courier,Nigeria,outbound-US,Commercial,3.1,3.41,1,0,2,1,Covered (hub only),/worldwide-destinations/shipping-to-nigeria,,/blog/the-best-method-for-shipping-furniture-to-nigeria,/blog/what-are-the-best-carriers-for-shipping-to-nigeria
grimaldi shipping from usa to nigeria,Core,Parcel & courier,Nigeria,outbound-US,Commercial,3.1,3.41,1,0,2,1,Covered (hub only),/worldwide-destinations/shipping-to-nigeria,,,
shipping iphone from usa to nigeria,Core,Specific items,Nigeria,outbound-US,Commercial,3.1,3.41,1,0,2,1,Covered (hub only),/worldwide-destinations/shipping-to-nigeria,,,
shipping fee from usa to ghana,Core,Parcel & courier,Ghana,outbound-US,Commercial,3.1,3.41,1,0,2,1,Covered (hub only),/worldwide-destinations/shipping-to-ghana,,,
shipping goods from usa to ghana,Core,Parcel & courier,Ghana,outbound-US,Commercial,3.1,3.41,1,0,2,1,Covered (hub only),/worldwide-destinations/shipping-to-ghana,,,
shipping from usa to ghana price,Core,Cost & rates,Ghana,outbound-US,Commercial,3.1,3.41,1,0,2,1,Covered (hub only),/worldwide-destinations/shipping-to-ghana,,,
sea shipping from usa to ghana,Core,Parcel & courier,Ghana,outbound-US,Commercial,3.1,3.41,1,0,2,1,Covered (hub only),/worldwide-destinations/shipping-to-ghana,,,
atlas shipping from usa to philippines,Core,Parcel & courier,Philippines,outbound-US,Commercial,3.1,3.41,1,0,2,1,Covered (hub only),/worldwide-destinations/shipping-to-philippines,,,
express shipping from usa to philippines,Core,Parcel & courier,Philippines,outbound-US,Commercial,3.1,3.41,1,0,2,1,Covered (hub only),/worldwide-destinations/shipping-to-philippines,,,
shipping route from usa to uae,Core,Parcel & courier,UAE,outbound-US,Commercial,3.1,3.41,1,0,2,1,Covered (hub only),/worldwide-destinations/shipping-to-uae,,,
international shipping address,Core,Parcel & courier,Any,unspecified,Commercial,3.1,3.41,1,0,2,1,Covered (hub only),/services/worldwide-shipping,,,
international shipping broker,Core,Parcel & courier,Any,unspecified,Commercial,3.1,3.41,1,0,2,1,Covered (hub only),/services/worldwide-shipping,,,
international shipping estimate,Core,Cost & rates,Any,unspecified,Commercial,3.1,3.41,1,0,2,1,Covered (hub only),/services/worldwide-shipping,,,
international shipping fees,Core,Parcel & courier,Any,unspecified,Commercial,3.1,3.41,1,0,2,1,Covered (hub only),/services/worldwide-shipping,,,
international shipping hs code,Core,Parcel & courier,Any,unspecified,Commercial,3.1,3.41,1,0,2,1,Covered (hub only),/services/worldwide-shipping,,,
international shipping invoice,Core,Parcel & courier,Any,unspecified,Commercial,3.1,3.41,1,0,2,1,Covered (hub only),/services/worldwide-shipping,,,
international shipping kuwait,Core,Parcel & courier,Any,unspecified,Commercial,3.1,3.41,1,0,2,1,Covered (hub only),/services/worldwide-shipping,,,
international shipping moving,Core,Moving & relocation,Any,unspecified,Commercial,3.1,3.41,1,0,2,1,Covered (hub only),/services/reliable-international-relocation-services,,,
international shipping quotes online,Core,Cost & rates,Any,unspecified,Commercial,3.1,3.41,1,0,2,1,Covered (hub only),/services/worldwide-shipping,,,
international shipping tracker,Core,Parcel & courier,Any,unspecified,Commercial,3.1,3.41,1,0,2,1,Covered (hub only),/services/worldwide-shipping,,,
international shipping vs domestic,Core,Parcel & courier,Any,unspecified,Commercial,3.1,3.41,1,0,2,1,Covered (hub only),/services/worldwide-shipping,,,
xianyu international shipping,Core,Parcel & courier,Any,unspecified,Commercial,3.1,3.41,1,0,2,1,Covered (hub only),/services/worldwide-shipping,,,
international shipping yarn,Core,Parcel & courier,Any,unspecified,Commercial,3.1,3.41,1,0,2,1,Covered (hub only),/services/worldwide-shipping,,,
international shipping zone 1,Core,Parcel & courier,Any,unspecified,Commercial,3.1,3.41,1,0,2,1,Covered (hub only),/services/worldwide-shipping,,,
international movers brisbane,Core,Moving & relocation,Any,unspecified,Commercial,3.1,3.41,1,0,2,1,Covered (hub only),/services/reliable-international-relocation-services,,,
international movers day,Core,Moving & relocation,Any,unspecified,Commercial,3.1,3.41,1,0,2,1,Covered (hub only),/services/reliable-international-relocation-services,,,
international movers europe,Core,Moving & relocation,Any,unspecified,Commercial,3.1,3.41,1,0,2,1,Covered (hub only),/services/reliable-international-relocation-services,,,
international movers florida,Core,Moving & relocation,US-domestic,unspecified,Commercial,3.1,3.41,1,0,2,1,Covered (hub only),/services/cheapest-domestic-relocation-services,,,
international.movers jakarta,Core,Moving & relocation,Any,unspecified,Commercial,3.1,3.41,1,0,2,1,Covered (hub only),/services/reliable-international-relocation-services,,,
international movers kuwait,Core,Moving & relocation,Any,unspecified,Commercial,3.1,3.41,1,0,2,1,Covered (hub only),/services/reliable-international-relocation-services,,,
international movers montreal,Core,Moving & relocation,Any,unspecified,Commercial,3.1,3.41,1,0,2,1,Covered (hub only),/services/reliable-international-relocation-services,,,
international movers oman,Core,Moving & relocation,Any,unspecified,Commercial,3.1,3.41,1,0,2,1,Covered (hub only),/services/reliable-international-relocation-services,,,
international movers & packers,Core,Moving & relocation,Any,unspecified,Commercial,3.1,3.41,1,0,2,1,Covered (hub only),/services/reliable-international-relocation-services,,,
international movers singapore to australia,Core,Moving & relocation,Australia,unspecified,Commercial,3.1,3.41,1,0,2,1,Covered (hub only),/worldwide-moving/moving-to-australia,,,
international movers victoria bc,Core,Moving & relocation,Any,unspecified,Commercial,3.1,3.41,1,0,2,1,Covered (hub only),/services/reliable-international-relocation-services,,,
international movers wellington,Core,Moving & relocation,Any,unspecified,Commercial,3.1,3.41,1,0,2,1,Covered (hub only),/services/reliable-international-relocation-services,,,
international movers new york,Core,Moving & relocation,US-domestic,unspecified,Commercial,3.1,3.41,1,0,2,1,Covered (hub only),/services/cheapest-domestic-relocation-services,,,
worldwide movers zimbabwe,Core,Moving & relocation,Any,unspecified,Commercial,3.1,3.41,1,0,2,1,Covered (hub only),/services/reliable-international-relocation-services,,,
international car shipping companies in california,Core,Car shipping,US-domestic,unspecified,Transactional,2.1,3.41,1,0,7,1,Lost (page deleted),,no international car page,,/blog/international-car-shipping-from-usa
best international car shipping service,Core,Car shipping,Any,unspecified,Transactional,2.1,3.41,1,0,7,1,Lost (page deleted),,no international car page,,/blog/international-car-shipping-from-usa
package forwarding australia,Core,Package forwarding,Australia,unspecified,Commercial,3.1,3.41,1,0,2,1,Covered (hub only),/shop-us-stores-ship-worldwide,,,
package forwarding canada,Core,Package forwarding,Canada,unspecified,Commercial,3.1,3.41,1,0,2,1,Covered (hub only),/shop-us-stores-ship-worldwide,,,
package forwarding italy,Core,Package forwarding,Italy,unspecified,Commercial,3.1,3.41,1,0,2,1,Covered (hub only),/shop-us-stores-ship-worldwide,,,
package forwarding thailand,Core,Package forwarding,Any,unspecified,Commercial,3.1,3.41,1,0,2,1,Covered (hub only),/shop-us-stores-ship-worldwide,,,
shipping to australia from usa cost ups,Core,Cost & rates,Australia,outbound-US,Carrier-brand,3.4,3.4,2,0,8,2,Covered (hub only),/carriers/shipping-with-ups,,,
dhl shipping from usa to ghana price,Core,Cost & rates,Ghana,outbound-US,Carrier-brand,3.4,3.4,2,0,8,2,Covered (hub only),/carriers/shipping-with-dhl,,,
shipping cost car from india to usa,Secondary (en-in),Car shipping,India,inbound-US,Commercial,4.1,3.38,0,1,2,1,Lost (page deleted),,no international car page,,/blog/what-is-the-cost-of-shipping-from-usa-to-india
car shipping oakland ca,Secondary,Car shipping,Any,unspecified,Commercial,4.1,3.38,0,1,2,1,Gap (no page),,no international car page,,
discount car shipping rates,Secondary,Car shipping,Any,unspecified,Commercial,4.1,3.38,0,1,2,1,Gap (no page),,no international car page,,
cross country movers cost,Secondary,Moving & relocation,Any,domestic-US,Commercial,5.1,3.37,1,1,2,1,Covered (hub only),/services/cheapest-domestic-relocation-services,,,
how long is shipping to uk from usa,Core,Transit time,UK,outbound-US,Informational,4.2,3.36,2,0,4,2,Covered (hub only),/worldwide-destinations/shipping-to-uk,,,
cheapest shipping to canada from usa,Core,Cost & rates,Canada,outbound-US,Commercial,3.0,3.3,2,0,10,2,Covered (hub only),/worldwide-destinations/shipping-to-canada,,/en-ca/services/cheapest-domestic-relocation-services,
usps shipping to new zealand,Core,Parcel & courier,New Zealand,unspecified,Carrier-brand,3.3,3.3,0,1,6,1,Covered (hub only),/carriers/shipping-with-usps,,,
how to move to dubai from usa,Core,Moving & relocation,UAE,outbound-US,Informational,3.3,3.3,0,1,6,1,Gap (no page),,no moving page for this country,,
how to relocate to italy from usa,Core,Moving & relocation,Italy,outbound-US,Informational,3.3,3.3,0,1,6,1,Gap (no page),,no moving page for this country,,
fedex shipping to china from usa,Core,Parcel & courier,China,outbound-US,Carrier-brand,3.3,3.3,0,1,6,1,Covered (hub only),/carriers/shipping-with-fedex,,,
car shipping ontario,Secondary,Car shipping,Any,unspecified,Commercial,4.0,3.3,1,1,10,2,Gap (no page),,no international car page,,
dhl shipping from usa to nigeria,Core,Parcel & courier,Nigeria,outbound-US,Carrier-brand,3.3,3.3,1,0,1,1,Covered (hub only),/carriers/shipping-with-dhl,,,
dhl shipping from usa to germany,Core,Parcel & courier,Germany,outbound-US,Carrier-brand,3.3,3.3,0,1,6,1,Covered (hub only),/carriers/shipping-with-dhl,,,
how long does it take to ship fedex ground,Core,Transit time,Any,unspecified,Carrier-brand,3.3,3.3,0,1,6,1,Covered (hub only),/carriers/shipping-with-fedex,,,
ups courier to india from usa,Core,Parcel & courier,India,outbound-US,Carrier-brand,3.3,3.3,1,0,1,1,Covered (hub only),/carriers/shipping-with-ups,,,
shipping charges from pakistan to usa dhl,Core,Cost & rates,Pakistan,inbound-US,Carrier-brand,3.3,3.3,1,0,1,1,Covered (hub only),/carriers/shipping-with-dhl,,,
dhl shipping to uk from usa,Core,Parcel & courier,UK,outbound-US,Carrier-brand,3.3,3.3,1,0,1,1,Covered (hub only),/carriers/shipping-with-dhl,,,
shipping to canada from us fedex,Core,Parcel & courier,Canada,outbound-US,Carrier-brand,3.3,3.3,1,0,1,1,Covered (hub only),/carriers/shipping-with-fedex,,,
fedex shipping from usa to uae,Core,Parcel & courier,UAE,outbound-US,Carrier-brand,3.3,3.3,1,0,1,1,Covered (hub only),/carriers/shipping-with-fedex,,,
ups shipping from uae to usa,Core,Parcel & courier,UAE,inbound-US,Carrier-brand,3.3,3.3,1,0,1,1,Covered (hub only),/carriers/shipping-with-ups,,,
international shipping fedex,Core,Parcel & courier,Any,unspecified,Carrier-brand,3.3,3.3,1,0,1,1,Covered (hub only),/carriers/shipping-with-fedex,,,/blog/international-priority-shipping-with-fedex
international shipping with usps,Core,Parcel & courier,Any,unspecified,Carrier-brand,3.3,3.3,1,0,1,1,Covered (hub only),/carriers/shipping-with-usps,,,
can you ship car batteries overseas,Core,Car shipping,Any,unspecified,Informational,3.3,3.3,1,0,1,1,Gap (no page),,no international car page,,
can you ship a car overseas on a loan,Core,Car shipping,Any,unspecified,Informational,3.3,3.3,1,0,1,1,Gap (no page),,no international car page,,
package forwarded by usps,Core,Package forwarding,Any,unspecified,Carrier-brand,3.3,3.3,1,0,1,1,Covered (hub only),/carriers/shipping-with-usps,,,
package forwarding dhl,Core,Package forwarding,Any,unspecified,Carrier-brand,3.3,3.3,1,0,1,1,Covered (hub only),/carriers/shipping-with-dhl,,,
how much does it cost to ship next day with usps,Core,Cost & rates,Any,unspecified,Carrier-brand,3.3,3.3,1,0,1,1,Covered (hub only),/carriers/shipping-with-usps,,,
how much does it cost to ship ups,Core,Cost & rates,Any,unspecified,Carrier-brand,3.3,3.3,1,0,1,1,Covered (hub only),/carriers/shipping-with-ups,,,
how much does it cost to ship via ups,Core,Cost & rates,Any,unspecified,Carrier-brand,3.3,3.3,1,0,1,1,Covered (hub only),/carriers/shipping-with-ups,,,
how much does it cost to ship with ups,Core,Cost & rates,Any,unspecified,Carrier-brand,3.3,3.3,1,0,1,1,Covered (hub only),/carriers/shipping-with-ups,,,
how long does it take to ship with ups,Core,Transit time,Any,unspecified,Carrier-brand,3.3,3.3,1,0,1,1,Covered (hub only),/carriers/shipping-with-ups,,,
cheapest way to ship usps,Core,Cost & rates,Any,unspecified,Carrier-brand,3.3,3.3,1,0,1,1,Covered (hub only),/carriers/shipping-with-usps,,,/blog/cheapest-way-to-ship-from-usa-to-australia
best way to ship ups,Core,Parcel & courier,Any,unspecified,Carrier-brand,3.3,3.3,1,0,1,1,Covered (hub only),/carriers/shipping-with-ups,,,
can i ship electronics via usps internationally,Core,Customs & rules,Any,unspecified,Carrier-brand,3.3,3.3,1,0,1,1,Covered (hub only),/carriers/shipping-with-usps,,,
can i ship internationally with usps,Core,Customs & rules,Any,unspecified,Carrier-brand,3.3,3.3,1,0,1,1,Covered (hub only),/carriers/shipping-with-usps,,,
how to ship to italy from usa,Core,Parcel & courier,Italy,outbound-US,Informational,4.1,3.28,0,1,2,1,Covered (hub only),/worldwide-destinations/shipping-to-italy,,,
how to ship furniture overseas by sea,Core,Moving & relocation,Any,unspecified,Informational,4.1,3.28,0,1,2,1,Covered (hub only),/services/reliable-international-relocation-services,,,
courier service from india to usa near me,Secondary (en-in),Parcel & courier,India,inbound-US,Transactional,4.2,3.28,2,0,4,2,Covered (hub only),/en-in/services/international-shipping-from-india,,/en-in/faq/usa-courier-service,
cargo shipping from usa to india companies,Core,Cargo & freight,India,outbound-US,Transactional,2.5,3.25,0,1,10,1,Covered (hub only),/worldwide-destinations/shipping-to-india,,,
international courier service in pakistan,Core,Parcel & courier,Pakistan,unspecified,Transactional,2.5,3.25,0,1,11,1,Covered (hub only),/worldwide-destinations/shipping-to-pakistan,,,/blog/international-courier-service-in-hyderabad
courier service pakistan to dubai,Core,Parcel & courier,Pakistan,unspecified,Transactional,2.5,3.25,0,1,12,1,Covered (hub only),/worldwide-destinations/shipping-to-pakistan,,,
international courier service in nepal,Core,Parcel & courier,Nepal,unspecified,Transactional,2.5,3.25,0,1,11,1,Covered (hub only),/worldwide-destinations/shipping-to-nepal,,,/blog/international-courier-service-in-hyderabad
courier service to nigeria,Core,Parcel & courier,Nigeria,unspecified,Transactional,2.5,3.25,0,1,17,1,Covered (hub only),/worldwide-destinations/shipping-to-nigeria,,,
air freight from usa to nigeria companies,Core,Cargo & freight,Nigeria,outbound-US,Transactional,2.5,3.25,0,1,10,1,Covered (hub only),/worldwide-destinations/shipping-to-nigeria,,,
courier service dubai to philippines,Core,Parcel & courier,Philippines,unspecified,Transactional,2.5,3.25,0,1,20,1,Covered (hub only),/worldwide-destinations/shipping-to-philippines,,,
courier services to germany,Core,Parcel & courier,Germany,unspecified,Transactional,2.5,3.25,0,1,16,1,Covered (hub only),/worldwide-destinations/shipping-to-germany,,,
courier service from us to canada,Core,Parcel & courier,Canada,outbound-US,Transactional,2.5,3.25,0,1,12,1,Covered (hub only),/worldwide-destinations/shipping-to-canada,,,
international courier service near me,Core,Parcel & courier,Any,unspecified,Transactional,2.5,3.25,0,1,13,1,Covered (hub only),/services/worldwide-shipping,,,/blog/international-courier-service-in-hyderabad
international courier near me,Core,Parcel & courier,Any,unspecified,Transactional,2.5,3.25,0,1,16,1,Covered (hub only),/services/worldwide-shipping,,,
japan to india courier service,Core,Parcel & courier,India,unspecified,Transactional,2.5,3.25,0,1,17,1,Covered (hub only),/worldwide-destinations/shipping-to-india,,/en-in/faq/usa-courier-service,
international shipping companies to jamaica,Core,Parcel & courier,Jamaica,unspecified,Transactional,2.5,3.25,0,1,18,1,Covered (hub only),/worldwide-destinations/shipping-to-jamaica,,,
cheapest door to door shipping to dominican republic from us,Core,Cost & rates,Dominican Republic,outbound-US,Transactional,2.5,3.25,1,0,5,1,Covered (hub only),/worldwide-destinations/shipping-to-dominican-republic,,,
international shipping companies near me,Core,Parcel & courier,Any,unspecified,Transactional,2.5,3.25,0,1,14,1,Covered (hub only),/services/worldwide-shipping,,,
international shipping companies houston,Core,Parcel & courier,Any,unspecified,Transactional,2.5,3.25,0,1,25,1,Covered (hub only),/services/worldwide-shipping,,,
international shipping company fort lauderdale,Core,Parcel & courier,Any,unspecified,Transactional,2.5,3.25,1,0,5,1,Covered (hub only),/services/worldwide-shipping,,,
international shipping company wilmington nc,Core,Parcel & courier,Any,unspecified,Transactional,2.5,3.25,0,1,10,1,Covered (hub only),/services/worldwide-shipping,,,
international moving companies in puerto rico,Core,Moving & relocation,Any,unspecified,Transactional,2.5,3.25,1,0,5,1,Covered (hub only),/services/reliable-international-relocation-services,,,
international moving companies brisbane,Core,Moving & relocation,Any,unspecified,Transactional,2.5,3.25,0,1,10,1,Covered (hub only),/services/reliable-international-relocation-services,,,
international moving companies los angeles,Core,Moving & relocation,Any,unspecified,Transactional,2.5,3.25,0,1,11,1,Covered (hub only),/services/reliable-international-relocation-services,,,
international moving companies california,Core,Moving & relocation,US-domestic,unspecified,Transactional,2.5,3.25,0,1,12,1,Covered (hub only),/services/cheapest-domestic-relocation-services,,,
international moving companies in seattle,Core,Moving & relocation,Any,unspecified,Transactional,2.5,3.25,0,1,13,1,Covered (hub only),/services/reliable-international-relocation-services,,,
international moving companies minneapolis,Core,Moving & relocation,Any,unspecified,Transactional,2.5,3.25,0,1,14,1,Covered (hub only),/services/reliable-international-relocation-services,,,
international moving companies in denver,Core,Moving & relocation,Any,unspecified,Transactional,2.5,3.25,0,1,15,1,Covered (hub only),/services/reliable-international-relocation-services,,,
international moving companies in miami fl,Core,Moving & relocation,Any,unspecified,Transactional,2.5,3.25,0,1,16,1,Covered (hub only),/services/reliable-international-relocation-services,,,
international moving companies los angeles ca,Core,Moving & relocation,Any,unspecified,Transactional,2.5,3.25,0,1,17,1,Covered (hub only),/services/reliable-international-relocation-services,,,
international moving companies nebraska,Core,Moving & relocation,Any,unspecified,Transactional,2.5,3.25,0,1,19,1,Covered (hub only),/services/reliable-international-relocation-services,,,
international moving companies near new york,Core,Moving & relocation,US-domestic,unspecified,Transactional,2.5,3.25,0,1,20,1,Covered (hub only),/services/cheapest-domestic-relocation-services,,,
international moving companies canoga park,Core,Moving & relocation,Any,unspecified,Transactional,2.5,3.25,0,1,21,1,Covered (hub only),/services/reliable-international-relocation-services,,,
international moving companies new hampshire,Core,Moving & relocation,Any,unspecified,Transactional,2.5,3.25,0,1,22,1,Covered (hub only),/services/reliable-international-relocation-services,,,
international moving companies woodlands tx,Core,Moving & relocation,Any,unspecified,Transactional,2.5,3.25,0,1,23,1,Covered (hub only),/services/reliable-international-relocation-services,,,
international moving companies woodbridge va,Core,Moving & relocation,Any,unspecified,Transactional,2.5,3.25,0,1,24,1,Covered (hub only),/services/reliable-international-relocation-services,,,
international moving companies worcester ma,Core,Moving & relocation,Any,unspecified,Transactional,2.5,3.25,0,1,25,1,Covered (hub only),/services/reliable-international-relocation-services,,,
package forwarding service uk,Core,Package forwarding,UK,unspecified,Transactional,2.5,3.25,0,1,11,1,Covered (hub only),/shop-us-stores-ship-worldwide,,,
us shipping services international,Core,Parcel & courier,Any,unspecified,Transactional,2.5,3.25,0,1,12,1,Covered (hub only),/services/worldwide-shipping,,/en-ca/services/international-shipping-from-canada,
international shipping customer service,Core,Parcel & courier,Any,unspecified,Transactional,2.5,3.25,0,1,16,1,Covered (hub only),/services/worldwide-shipping,,,
international shipping near me companies,Core,Parcel & courier,Any,unspecified,Transactional,2.5,3.25,0,1,21,1,Covered (hub only),/services/worldwide-shipping,,,
shipping companies international from usa,Core,Parcel & courier,Any,outbound-US,Transactional,2.5,3.25,0,1,15,1,Covered (hub only),/services/worldwide-shipping,,,
shipping companies from usa to ghana,Core,Parcel & courier,Ghana,outbound-US,Transactional,2.5,3.25,1,0,5,1,Covered (hub only),/worldwide-destinations/shipping-to-ghana,,,
international moving company zurich,Core,Moving & relocation,Any,unspecified,Transactional,2.5,3.25,1,0,5,1,Covered (hub only),/services/reliable-international-relocation-services,,,
cross country movers reviews,Secondary,Moving & relocation,Any,domestic-US,Commercial,4.9,3.23,1,1,3,1,Covered (hub only),/services/cheapest-domestic-relocation-services,,,
moving to texas car registration,Secondary,Car shipping,US-domestic,domestic-US,Commercial,4.9,3.23,1,1,3,1,Covered (hub only),/services/auto-transport,,,/blog/how-much-to-ship-a-car-to-texas
moving to texas from florida,Secondary,Moving & relocation,US-domestic,domestic-US,Commercial,4.9,3.23,1,1,3,1,Covered (hub only),/services/cheapest-domestic-relocation-services,,,
car shipping instant quote,Secondary,Car shipping,Any,unspecified,Transactional,3.3,3.22,1,0,1,1,Gap (no page),,no international car page,,
shipping to australia from usa ups,Core,Parcel & courier,Australia,outbound-US,Carrier-brand,3.2,3.2,2,0,9,2,Covered (hub only),/carriers/shipping-with-ups,,,
fedex shipping to germany from usa cost,Core,Cost & rates,Germany,outbound-US,Carrier-brand,3.2,3.2,2,0,9,2,Covered (hub only),/carriers/shipping-with-fedex,,,/blog/shipping-to-germany-from-usa-cost-breakdown
dhl shipping to china from usa,Core,Parcel & courier,China,outbound-US,Carrier-brand,3.2,3.2,2,0,9,2,Covered (hub only),/carriers/shipping-with-dhl,,,
auto transport companies san francisco,Secondary,Car shipping,Any,domestic-US,Transactional,4.1,3.2,0,1,2,1,Covered (hub only),/services/auto-transport,,,
is shipping to canada from us considered international,Core,Parcel & courier,Canada,outbound-US,Informational,4.0,3.2,2,0,5,2,Covered (specific page),/worldwide-destinations/shipping-to-canada,,/en-ca/services/international-shipping-from-canada,
how much is shipping to canada from usa,Core,Cost & rates,Canada,outbound-US,Informational,4.0,3.2,2,0,5,2,Covered (hub only),/worldwide-destinations/shipping-to-canada,,,
cargo shipping from usa to india by sea,Core,Cargo & freight,India,outbound-US,Commercial,2.9,3.19,0,1,8,1,Covered (hub only),/worldwide-destinations/shipping-to-india,,,
shipping cost to pakistan,Core,Cost & rates,Pakistan,unspecified,Commercial,2.9,3.19,0,1,8,1,Covered (hub only),/worldwide-destinations/shipping-to-pakistan,,,
parcel to nepal from usa,Core,Parcel & courier,Nepal,outbound-US,Commercial,2.9,3.19,1,0,3,1,Covered (hub only),/worldwide-destinations/shipping-to-nepal,,,
delivery to uk from usa,Core,Parcel & courier,UK,outbound-US,Commercial,2.9,3.19,1,0,3,1,Covered (hub only),/worldwide-destinations/shipping-to-uk,,,
cheapest courier to canada from usa,Core,Cost & rates,Canada,outbound-US,Commercial,2.9,3.19,1,0,3,1,Covered (hub only),/worldwide-destinations/shipping-to-canada,,,
moving to australia from usa with a dog,Core,Moving & relocation,Australia,outbound-US,Commercial,2.9,3.19,1,0,3,1,Covered (hub only),/worldwide-moving/moving-to-australia,,,
air freight to australia from usa,Core,Cargo & freight,Australia,outbound-US,Commercial,2.9,3.19,1,0,3,1,Covered (hub only),/worldwide-destinations/shipping-to-australia,,,
shipping from usa to australia cost,Core,Cost & rates,Australia,outbound-US,Commercial,2.9,3.19,0,1,8,1,Covered (hub only),/worldwide-destinations/shipping-to-australia,,,/blog/shipping-from-usa-to-australia-rules-cost-guide
postage to new zealand from usa,Core,Parcel & courier,New Zealand,outbound-US,Commercial,2.9,3.19,1,0,3,1,Covered (hub only),/worldwide-destinations/shipping-to-new-zealand,,,
shipping from us to nz,Core,Parcel & courier,New Zealand,outbound-US,Commercial,2.9,3.19,0,1,8,1,Covered (hub only),/worldwide-destinations/shipping-to-new-zealand,,,
shipping from china to dubai,Core,Parcel & courier,UAE,unspecified,Commercial,2.9,3.19,0,1,8,1,Covered (hub only),/worldwide-destinations/shipping-to-uae,,,
postage to south africa from usa,Core,Parcel & courier,South Africa,outbound-US,Commercial,2.9,3.19,1,0,3,1,Covered (hub only),/worldwide-destinations/shipping-to-south-africa,,,
cheapest courier from usa to south africa,Core,Cost & rates,South Africa,outbound-US,Commercial,2.9,3.19,1,0,3,1,Covered (hub only),/worldwide-destinations/shipping-to-south-africa,,,
postage to philippines from usa,Core,Parcel & courier,Philippines,outbound-US,Commercial,2.9,3.19,1,0,3,1,Covered (hub only),/worldwide-destinations/shipping-to-philippines,,,
mailing to germany from usa,Core,Parcel & courier,Germany,outbound-US,Commercial,2.9,3.19,0,1,8,1,Covered (hub only),/worldwide-destinations/shipping-to-germany,,,
relocating to germany from usa,Core,Moving & relocation,Germany,outbound-US,Commercial,2.9,3.19,0,1,8,1,Covered (hub only),/worldwide-moving/moving-to-germany,,,
sea shipping to ireland,Core,Parcel & courier,Ireland,unspecified,Commercial,2.9,3.19,0,1,8,1,Covered (hub only),/worldwide-destinations/shipping-to-ireland,,,
postage to france from usa,Core,Parcel & courier,France,outbound-US,Commercial,2.9,3.19,1,0,3,1,Covered (hub only),/worldwide-destinations/shipping-to-france,,,
postage to singapore from usa,Core,Parcel & courier,Singapore,outbound-US,Commercial,2.9,3.19,1,0,3,1,Covered (hub only),/worldwide-destinations/shipping-to-singapore,,,
cheap freight from usa to singapore options,Core,Cargo & freight,Singapore,outbound-US,Commercial,2.9,3.19,0,1,8,1,Covered (hub only),/worldwide-destinations/shipping-to-singapore,,,
cheap freight from usa to mexico,Core,Cargo & freight,Mexico,outbound-US,Commercial,2.9,3.19,0,1,8,1,Covered (hub only),/worldwide-destinations/shipping-to-mexico,,,
moving to sweden from usa requirements,Core,Moving & relocation,Sweden,outbound-US,Commercial,2.9,3.19,1,0,3,1,Covered (hub only),/worldwide-moving/moving-to-sweden,,,/blog/moving-to-sweden-from-usa-shipping-guide
shipping to netherlands from us cost,Core,Cost & rates,Netherlands,outbound-US,Commercial,2.9,3.19,1,0,3,1,Covered (hub only),/worldwide-destinations/shipping-to-netherlands,,,
international shipping costs,Core,Cost & rates,Any,unspecified,Commercial,2.9,3.19,0,1,8,1,Covered (hub only),/services/worldwide-shipping,,,
cheapest way to ship bike internationally,Core,Cost & rates,Any,unspecified,Commercial,2.9,3.19,0,1,8,1,Covered (hub only),/services/worldwide-shipping,,,
overseas movers and packers bangalore,Core,Moving & relocation,India,unspecified,Commercial,2.9,3.19,1,0,3,1,Covered (hub only),/worldwide-moving/moving-to-india,,,
overseas movers insurance,Core,Moving & relocation,Any,unspecified,Commercial,2.9,3.19,0,1,8,1,Covered (hub only),/services/reliable-international-relocation-services,,,
us postal address for international shipping,Core,Parcel & courier,Any,unspecified,Commercial,2.9,3.19,1,0,3,1,Covered (hub only),/services/worldwide-shipping,,,
moving household goods overseas,Core,Moving & relocation,Any,unspecified,Commercial,2.9,3.19,1,0,3,1,Covered (hub only),/services/reliable-international-relocation-services,,,
shipping boxes overseas by air,Core,Specific items,Any,unspecified,Commercial,2.9,3.19,1,0,3,1,Covered (hub only),/services/worldwide-shipping,,,
cost to ship furniture overseas,Core,Moving & relocation,Any,unspecified,Commercial,2.9,3.19,0,1,8,1,Covered (hub only),/services/reliable-international-relocation-services,,,
sea freight from usa to india,Core,Cargo & freight,India,outbound-US,Commercial,2.9,3.19,1,0,3,1,Covered (hub only),/worldwide-destinations/shipping-to-india,,/en-in/services/freight-forwarding-services-in-india,
ship usa to india,Core,Parcel & courier,India,outbound-US,Commercial,2.9,3.19,0,1,8,1,Covered (hub only),/worldwide-destinations/shipping-to-india,,,/blog/how-to-ship-from-the-usa-to-india
ship electronics from usa to india,Core,Specific items,India,outbound-US,Commercial,2.9,3.19,1,0,3,1,Covered (hub only),/worldwide-destinations/shipping-to-india,,/blog/shipping-electronics-from-usa-to-india,
ecommerce international shipping solutions,Core,Business shipping,Any,unspecified,Commercial,2.9,3.19,1,0,3,1,Covered (hub only),/shipping-for-small-business,,,
international shipping ecommerce trends,Core,Business shipping,Any,unspecified,Commercial,2.9,3.19,0,1,8,1,Covered (hub only),/shipping-for-small-business,,,
courier from usa to india,Core,Parcel & courier,India,outbound-US,Commercial,2.9,3.19,0,1,8,1,Covered (hub only),/worldwide-destinations/shipping-to-india,,/en-in/faq/usa-courier-service,
lcl shipping china to india,Core,Cargo & freight,India,unspecified,Commercial,2.9,3.19,1,0,3,1,Covered (hub only),/worldwide-destinations/shipping-to-india,,/en-in/worldwide-destinations/shipping-to-china-from-india,
ship parcel to india from usa,Core,Parcel & courier,India,outbound-US,Commercial,2.9,3.19,1,0,3,1,Covered (hub only),/worldwide-destinations/shipping-to-india,,,
shipping used clothes to india from usa,Core,Specific items,India,outbound-US,Commercial,2.9,3.19,1,0,3,1,Covered (hub only),/worldwide-destinations/shipping-to-india,,,
flowers delivery to india from usa,Core,Parcel & courier,India,outbound-US,Commercial,2.9,3.19,1,0,3,1,Covered (hub only),/worldwide-destinations/shipping-to-india,,,
courier luggage from usa to india,Core,Specific items,India,outbound-US,Commercial,2.9,3.19,1,0,3,1,Covered (hub only),/worldwide-destinations/shipping-to-india,,,
sending package to pakistan from usa,Core,Parcel & courier,Pakistan,outbound-US,Commercial,2.9,3.19,1,0,3,1,Covered (hub only),/worldwide-destinations/shipping-to-pakistan,,,
send cargo to pakistan from usa,Core,Cargo & freight,Pakistan,outbound-US,Commercial,2.9,3.19,1,0,3,1,Covered (hub only),/worldwide-destinations/shipping-to-pakistan,,,
shipping books to uk from usa,Core,Specific items,UK,outbound-US,Commercial,2.9,3.19,1,0,3,1,Covered (hub only),/worldwide-destinations/shipping-to-uk,,,
shipping to england from usa cost,Core,Cost & rates,UK,outbound-US,Commercial,2.9,3.19,1,0,3,1,Covered (hub only),/worldwide-destinations/shipping-to-uk,,,
shipping engine from usa to uk,Core,Parcel & courier,UK,outbound-US,Commercial,2.9,3.19,1,0,3,1,Covered (hub only),/worldwide-destinations/shipping-to-uk,,,
overnight shipping to uk from usa,Core,Parcel & courier,UK,outbound-US,Commercial,2.9,3.19,1,0,3,1,Covered (hub only),/worldwide-destinations/shipping-to-uk,,,
shipping package to uk from usa,Core,Parcel & courier,UK,outbound-US,Commercial,2.9,3.19,1,0,3,1,Covered (hub only),/worldwide-destinations/shipping-to-uk,,,
shipping rates to uk from usa,Core,Cost & rates,UK,outbound-US,Commercial,2.9,3.19,1,0,3,1,Covered (hub only),/worldwide-destinations/shipping-to-uk,,,
shipping to the uk from usa,Core,Parcel & courier,UK,outbound-US,Commercial,2.9,3.19,1,0,3,1,Covered (hub only),/worldwide-destinations/shipping-to-uk,,,
shipping box to canada from us,Core,Parcel & courier,Canada,outbound-US,Commercial,2.9,3.19,1,0,3,1,Covered (hub only),/worldwide-destinations/shipping-to-canada,,,
shipping to canada from us customs,Core,Customs & rules,Canada,outbound-US,Commercial,2.9,3.19,1,0,3,1,Covered (hub only),/worldwide-destinations/shipping-to-canada,,,
shipping gift to canada from us,Core,Specific items,Canada,outbound-US,Commercial,2.9,3.19,1,0,3,1,Covered (hub only),/worldwide-destinations/shipping-to-canada,,,
shipping items to canada from us,Core,Parcel & courier,Canada,outbound-US,Commercial,2.9,3.19,1,0,3,1,Covered (hub only),/worldwide-destinations/shipping-to-canada,,/en-ca/resources/prohibited-shipping-items,
shipping mail to canada from us,Core,Parcel & courier,Canada,outbound-US,Commercial,2.9,3.19,1,0,3,1,Covered (hub only),/worldwide-destinations/shipping-to-canada,,,
shipping food to canada from us requirements,Core,Specific items,Canada,outbound-US,Commercial,2.9,3.19,1,0,3,1,Covered (hub only),/worldwide-destinations/shipping-to-canada,,,
mailing to canada from us stamps,Core,Parcel & courier,Canada,outbound-US,Commercial,2.9,3.19,1,0,3,1,Covered (hub only),/worldwide-destinations/shipping-to-canada,,,
shipping fee from usa to nigeria,Core,Parcel & courier,Nigeria,outbound-US,Commercial,2.9,3.19,1,0,3,1,Covered (hub only),/worldwide-destinations/shipping-to-nigeria,,,
gig shipping from usa to nigeria,Core,Parcel & courier,Nigeria,outbound-US,Commercial,2.9,3.19,1,0,3,1,Covered (hub only),/worldwide-destinations/shipping-to-nigeria,,,
shipping time from usa to ghana,Core,Parcel & courier,Ghana,outbound-US,Commercial,2.9,3.19,1,0,3,1,Covered (hub only),/worldwide-destinations/shipping-to-ghana,,,
international shipping address format usa,Core,Parcel & courier,Any,unspecified,Commercial,2.9,3.19,1,0,3,1,Covered (hub only),/services/worldwide-shipping,,,
international shipping germany,Core,Parcel & courier,Germany,unspecified,Commercial,2.9,3.19,1,0,3,1,Covered (hub only),/worldwide-destinations/shipping-to-germany,,,
international shipping how long,Core,Transit time,Any,unspecified,Commercial,2.9,3.19,1,0,3,1,Covered (hub only),/services/worldwide-shipping,,,
international shipping invoice template,Core,Parcel & courier,Any,unspecified,Commercial,2.9,3.19,1,0,3,1,Covered (hub only),/services/worldwide-shipping,,,
international shipping japan,Core,Parcel & courier,Japan,unspecified,Commercial,2.9,3.19,1,0,3,1,Covered (hub only),/worldwide-destinations/shipping-to-japan,,,
international shipping karachi,Core,Parcel & courier,Pakistan,unspecified,Commercial,2.9,3.19,1,0,3,1,Covered (hub only),/worldwide-destinations/shipping-to-pakistan,,,
international shipping logistics,Core,Parcel & courier,Any,unspecified,Commercial,2.9,3.19,1,0,3,1,Covered (hub only),/services/worldwide-shipping,,,
international shipping moving boxes,Core,Moving & relocation,Any,unspecified,Commercial,2.9,3.19,1,0,3,1,Covered (hub only),/services/reliable-international-relocation-services,,,
international shipping number,Core,Parcel & courier,Any,unspecified,Commercial,2.9,3.19,1,0,3,1,Covered (hub only),/services/worldwide-shipping,,,
international shipping requirements are,Core,Parcel & courier,Any,unspecified,Commercial,2.9,3.19,1,0,3,1,Covered (hub only),/services/worldwide-shipping,,,
international shipping stamps,Core,Parcel & courier,Any,unspecified,Commercial,2.9,3.19,1,0,3,1,Covered (hub only),/services/worldwide-shipping,,,
international shipping vs worldwide shipping,Core,Parcel & courier,Any,unspecified,Commercial,2.9,3.19,1,0,3,1,Covered (hub only),/services/worldwide-shipping,,/blog/how-long-does-international-shipping-take,
large international shipping,Core,Parcel & courier,Any,unspecified,Commercial,2.9,3.19,1,0,3,1,Covered (hub only),/services/worldwide-shipping,,,
international ship yard,Core,Parcel & courier,Any,unspecified,Commercial,2.9,3.19,1,0,3,1,Covered (hub only),/services/worldwide-shipping,,,
international shipping zip code,Core,Parcel & courier,Any,unspecified,Commercial,2.9,3.19,1,0,3,1,Covered (hub only),/services/worldwide-shipping,,,
international movers bvi,Core,Moving & relocation,Any,unspecified,Commercial,2.9,3.19,1,0,3,1,Covered (hub only),/services/reliable-international-relocation-services,,,
international movers cost,Core,Moving & relocation,Any,unspecified,Commercial,2.9,3.19,1,0,3,1,Covered (hub only),/services/reliable-international-relocation-services,,,/blog/how-much-do-movers-cost-in-california
international movers dublin,Core,Moving & relocation,Any,unspecified,Commercial,2.9,3.19,1,0,3,1,Covered (hub only),/services/reliable-international-relocation-services,,,
international movers edinburgh,Core,Moving & relocation,Any,unspecified,Commercial,2.9,3.19,1,0,3,1,Covered (hub only),/services/reliable-international-relocation-services,,,
international movers gurgaon,Core,Moving & relocation,Any,unspecified,Commercial,2.9,3.19,1,0,3,1,Covered (hub only),/services/reliable-international-relocation-services,,,
international movers halifax,Core,Moving & relocation,Any,unspecified,Commercial,2.9,3.19,1,0,3,1,Covered (hub only),/services/reliable-international-relocation-services,,,
international movers ireland,Core,Moving & relocation,Ireland,unspecified,Commercial,2.9,3.19,1,0,3,1,Covered (hub only),/worldwide-moving/moving-to-ireland,,,
international movers kuala lumpur,Core,Moving & relocation,Any,unspecified,Commercial,2.9,3.19,1,0,3,1,Covered (hub only),/services/reliable-international-relocation-services,,,
international movers llc,Core,Moving & relocation,Any,unspecified,Commercial,2.9,3.19,1,0,3,1,Covered (hub only),/services/reliable-international-relocation-services,,,
international moving options,Core,Moving & relocation,Any,unspecified,Commercial,2.9,3.19,1,0,3,1,Covered (hub only),/services/reliable-international-relocation-services,,,
international moving quotes,Core,Moving & relocation,Any,unspecified,Commercial,2.9,3.19,1,0,3,1,Covered (hub only),/services/reliable-international-relocation-services,,,
international movers riyadh,Core,Moving & relocation,Any,unspecified,Commercial,2.9,3.19,1,0,3,1,Covered (hub only),/services/reliable-international-relocation-services,,,
international movers to australia,Core,Moving & relocation,Australia,unspecified,Commercial,2.9,3.19,1,0,3,1,Covered (hub only),/worldwide-moving/moving-to-australia,,,
international movers vietnam,Core,Moving & relocation,Any,unspecified,Commercial,2.9,3.19,1,0,3,1,Covered (hub only),/services/reliable-international-relocation-services,,,
international movers washington dc,Core,Moving & relocation,Any,unspecified,Commercial,2.9,3.19,1,0,3,1,Covered (hub only),/services/reliable-international-relocation-services,,,
international movers network yelp,Core,Moving & relocation,Any,unspecified,Commercial,2.9,3.19,1,0,3,1,Covered (hub only),/services/reliable-international-relocation-services,,,
atlas international movers zurich,Core,Moving & relocation,Any,unspecified,Commercial,2.9,3.19,1,0,3,1,Covered (hub only),/services/reliable-international-relocation-services,,,
package forwarding australia to canada,Core,Package forwarding,Australia,unspecified,Commercial,2.9,3.19,1,0,3,1,Covered (hub only),/shop-us-stores-ship-worldwide,,,
package forwarding france,Core,Package forwarding,France,unspecified,Commercial,2.9,3.19,1,0,3,1,Covered (hub only),/shop-us-stores-ship-worldwide,,,
package forwarding international,Core,Package forwarding,Any,unspecified,Commercial,2.9,3.19,1,0,3,1,Covered (hub only),/shop-us-stores-ship-worldwide,,,
package forwarding to canada,Core,Package forwarding,Canada,unspecified,Commercial,2.9,3.19,1,0,3,1,Covered (hub only),/shop-us-stores-ship-worldwide,,,
package forwarding usa,Core,Package forwarding,Any,unspecified,Commercial,2.9,3.19,1,0,3,1,Covered (hub only),/shop-us-stores-ship-worldwide,,,
cheapest way to ship overseas,Core,Cost & rates,Any,unspecified,Commercial,2.9,3.19,1,0,3,1,Covered (hub only),/services/worldwide-shipping,,,/blog/cheapest-way-to-ship-from-usa-to-australia
cheapest way to ship to philippines from usa,Core,Cost & rates,Philippines,outbound-US,Commercial,2.9,3.19,1,0,3,1,Covered (hub only),/worldwide-destinations/shipping-to-philippines,,,/blog/cheapest-way-to-ship-from-usa-to-australia
best way to ship internationally from us,Core,Parcel & courier,Any,outbound-US,Commercial,2.9,3.19,1,0,3,1,Covered (hub only),/services/worldwide-shipping,,/blog/ship-internationally,
best way to ship to canada,Core,Parcel & courier,Canada,unspecified,Commercial,2.9,3.19,1,0,3,1,Covered (hub only),/worldwide-destinations/shipping-to-canada,,,/blog/the-best-way-to-ship-to-canada-a-comprehensive-guide-for-individuals-and-businesses
cheapest courier from india to usa,Secondary (en-in),Cost & rates,India,inbound-US,Commercial,4.8,3.17,1,1,6,2,Covered (hub only),/en-in/services/international-shipping-from-india,,/en-in/faq/the-cheapest-international-courier-services,
courier from india to usa banned,Secondary (en-in),Parcel & courier,India,inbound-US,Commercial,4.8,3.17,2,0,1,2,Covered (hub only),/en-in/services/international-shipping-from-india,,,
courier india to usa rates,Secondary (en-in),Cost & rates,India,inbound-US,Commercial,4.8,3.17,2,0,1,2,Covered (hub only),/en-in/services/international-shipping-from-india,,/blog/1kg-craft-items-courier-to-india-shipping-rates,
courier from india to usa stopped,Secondary (en-in),Parcel & courier,India,inbound-US,Commercial,4.8,3.17,2,0,1,2,Covered (hub only),/en-in/services/international-shipping-from-india,,,
moving to united kingdom from usa,Core,Moving & relocation,UK,outbound-US,Commercial,2.3,3.16,1,0,6,1,Gap (no page),,no moving page for this country,,
moving to new zealand from us requirements,Core,Moving & relocation,New Zealand,outbound-US,Commercial,2.3,3.16,1,0,6,1,Gap (no page),,no moving page for this country,,
requirements to move to dubai from usa,Core,Moving & relocation,UAE,outbound-US,Commercial,2.3,3.16,1,0,6,1,Gap (no page),,no moving page for this country,,
pros and cons of moving to ghana from usa,Core,Moving & relocation,Ghana,outbound-US,Commercial,2.3,3.16,1,0,6,1,Gap (no page),,no moving page for this country,/blog/moving-to-ireland-from-us-pros-and-cons,
moving to france from us requirements,Core,Moving & relocation,France,outbound-US,Commercial,2.3,3.16,1,0,6,1,Gap (no page),,no moving page for this country,,
moving to italy from usa with pets,Core,Moving & relocation,Italy,outbound-US,Commercial,2.3,3.16,1,0,6,1,Gap (no page),,no moving page for this country,,
moving to japan from us shipping,Core,Moving & relocation,Japan,outbound-US,Commercial,2.3,3.16,1,0,6,1,Gap (no page),,no moving page for this country,,
pros and cons of moving to singapore from usa,Core,Moving & relocation,Singapore,outbound-US,Commercial,2.3,3.16,1,0,6,1,Gap (no page),,no moving page for this country,/blog/moving-to-ireland-from-us-pros-and-cons,
moving to mexico from us as a dual citizen,Core,Moving & relocation,Mexico,outbound-US,Commercial,2.3,3.16,1,0,6,1,Gap (no page),,no moving page for this country,,
requirements to move to brazil from usa,Core,Moving & relocation,Brazil,outbound-US,Commercial,2.3,3.16,1,0,6,1,Gap (no page),,no moving page for this country,,
air cargo from usa,Core,Cargo & freight,Any,outbound-US,Commercial,2.3,3.16,1,0,6,1,Gap (no page),,no US freight-forwarding page,,
shipping used car from usa to india,Core,Car shipping,India,outbound-US,Commercial,2.3,3.16,1,0,6,1,Gap (no page),,no international car page,,
shipping a car to the uk from usa,Core,Car shipping,UK,outbound-US,Commercial,2.3,3.16,1,0,6,1,Gap (no page),,no international car page,,
shipping a car from usa to nigeria,Core,Car shipping,Nigeria,outbound-US,Commercial,2.3,3.16,1,0,6,1,Gap (no page),,no international car page,,
shipping car from usa to nigeria price,Core,Car shipping,Nigeria,outbound-US,Commercial,2.3,3.16,1,0,6,1,Gap (no page),,no international car page,,
shipping car to the philippines from usa,Core,Car shipping,Philippines,outbound-US,Commercial,2.3,3.16,1,0,6,1,Gap (no page),,no international car page,,
international shipping container,Core,Cargo & freight,Any,unspecified,Commercial,2.3,3.16,1,0,6,1,Gap (no page),,no US freight-forwarding page,,
international movers from us to canada,Core,Moving & relocation,Canada,outbound-US,Commercial,2.3,3.16,1,0,6,1,Gap (no page),,no moving page for this country,/en-ca/services/international-shipping-from-canada,
international movers australia to new zealand,Core,Moving & relocation,New Zealand,unspecified,Commercial,2.3,3.16,1,0,6,1,Gap (no page),,no moving page for this country,,
vega international car-transport and logistic-trading gesellschaft,Core,Car shipping,Any,unspecified,Commercial,2.3,3.16,1,0,6,1,Gap (no page),,no international car page,,
international shipping for car,Core,Car shipping,Any,unspecified,Commercial,2.3,3.16,1,0,6,1,Lost (page deleted),,no international car page,,/blog/international-car-shipping-from-usa
vega international car transport gmbh salzburg,Core,Car shipping,Any,unspecified,Commercial,2.3,3.16,1,0,6,1,Gap (no page),,no international car page,,
vega international car transport & logistic,Core,Car shipping,Any,unspecified,Commercial,2.3,3.16,1,0,6,1,Gap (no page),,no international car page,,
tfx international car shipping,Core,Car shipping,Any,unspecified,Commercial,2.3,3.16,1,0,6,1,Lost (page deleted),,no international car page,,/blog/international-car-shipping-from-usa
vega international car transport ulm,Core,Car shipping,Any,unspecified,Commercial,2.3,3.16,1,0,6,1,Gap (no page),,no international car page,,
car shipping usa to canada,Core,Car shipping,Canada,outbound-US,Commercial,2.3,3.16,1,0,6,1,Gap (no page),,no international car page,/blog/shipping-a-car-from-canada-to-the-us-what-you-need-to-know,
car shipping quotes military,Secondary,Car shipping,Any,unspecified,Commercial,3.8,3.13,2,0,6,2,Gap (no page),,no international car page,,
overseas movers tips,Core,Moving & relocation,Any,unspecified,Informational,3.9,3.12,0,1,3,1,Covered (hub only),/services/reliable-international-relocation-services,,,
how to ship furniture overseas cheaply,Core,Moving & relocation,Any,unspecified,Informational,3.9,3.12,0,1,3,1,Covered (hub only),/services/reliable-international-relocation-services,,,
how much does it cost to ship a car to pakistan,Core,Car shipping,Pakistan,unspecified,Informational,3.1,3.1,1,0,2,1,Gap (no page),,no international car page,,
dhl courier charges from sri lanka to usa,Core,Cost & rates,Sri Lanka,inbound-US,Carrier-brand,3.1,3.1,1,0,2,1,Covered (hub only),/carriers/shipping-with-dhl,,,
does usps ship to new zealand,Core,Parcel & courier,New Zealand,unspecified,Carrier-brand,3.1,3.1,0,1,7,1,Covered (hub only),/carriers/shipping-with-usps,,,
ups shipping to france from usa,Core,Parcel & courier,France,outbound-US,Carrier-brand,3.1,3.1,0,1,7,1,Covered (hub only),/carriers/shipping-with-ups,,,
usps shipping to italy from usa,Core,Parcel & courier,Italy,outbound-US,Carrier-brand,3.1,3.1,0,1,7,1,Covered (hub only),/carriers/shipping-with-usps,,,
ups shipping to china from usa,Core,Parcel & courier,China,outbound-US,Carrier-brand,3.1,3.1,0,1,7,1,Covered (hub only),/carriers/shipping-with-ups,,,
auto transport quotes,Secondary,Car shipping,Any,domestic-US,Commercial,4.7,3.1,1,1,4,1,Covered (hub only),/services/auto-transport,,,
auto transport carriers,Secondary,Car shipping,Any,domestic-US,Commercial,4.7,3.1,1,1,4,1,Covered (hub only),/services/auto-transport,,,
moving to texas from california,Secondary,Moving & relocation,US-domestic,domestic-US,Commercial,4.7,3.1,1,1,4,1,Covered (hub only),/services/cheapest-domestic-relocation-services,,/blog/moving-from-california-to-texas-checklist,
address lookup usps international shipping,Core,Parcel & courier,Any,unspecified,Carrier-brand,3.1,3.1,0,1,7,1,Covered (hub only),/carriers/shipping-with-usps,,,
fedex ship electronics to india,Core,Specific items,India,unspecified,Carrier-brand,3.1,3.1,1,0,2,1,Covered (hub only),/carriers/shipping-with-fedex,,/blog/shipping-electronics-from-usa-to-india,
ups international shipping for business,Core,Business shipping,Any,unspecified,Carrier-brand,3.1,3.1,0,1,7,1,Covered (hub only),/carriers/shipping-with-ups,,,
usps international shipping cost,Core,Cost & rates,Any,unspecified,Carrier-brand,3.1,3.1,0,1,7,1,Covered (hub only),/carriers/shipping-with-usps,,,
ups international shipping prohibited items,Core,Customs & rules,Any,unspecified,Carrier-brand,3.1,3.1,0,1,7,1,Covered (hub only),/carriers/shipping-with-ups,,,
dhl courier to india from usa,Core,Parcel & courier,India,outbound-US,Carrier-brand,3.1,3.1,1,0,2,1,Covered (hub only),/carriers/shipping-with-dhl,,,
1 kg shipping cost from pakistan to usa dhl,Core,Cost & rates,Pakistan,inbound-US,Carrier-brand,3.1,3.1,1,0,2,1,Covered (hub only),/carriers/shipping-with-dhl,,,
dhl shipping pakistan to usa price,Core,Cost & rates,Pakistan,inbound-US,Carrier-brand,3.1,3.1,1,0,2,1,Covered (hub only),/carriers/shipping-with-dhl,,,
shipping to canada from us ups,Core,Parcel & courier,Canada,outbound-US,Carrier-brand,3.1,3.1,1,0,2,1,Covered (hub only),/carriers/shipping-with-ups,,,
how to ship to canada from us with ups,Core,Parcel & courier,Canada,outbound-US,Carrier-brand,3.1,3.1,1,0,2,1,Covered (hub only),/carriers/shipping-with-ups,,,
ups shipping from ghana to usa,Core,Parcel & courier,Ghana,inbound-US,Carrier-brand,3.1,3.1,1,0,2,1,Covered (hub only),/carriers/shipping-with-ups,,,
usps shipping from philippines to usa,Core,Parcel & courier,Philippines,inbound-US,Carrier-brand,3.1,3.1,1,0,2,1,Covered (hub only),/carriers/shipping-with-usps,,,
international shipping dhl,Core,Parcel & courier,Any,unspecified,Carrier-brand,3.1,3.1,1,0,2,1,Covered (hub only),/carriers/shipping-with-dhl,,,
international shipping label usps,Core,Parcel & courier,Any,unspecified,Carrier-brand,3.1,3.1,1,0,2,1,Covered (hub only),/carriers/shipping-with-usps,,,
international shipping rates usps,Core,Cost & rates,Any,unspecified,Carrier-brand,3.1,3.1,1,0,2,1,Covered (hub only),/carriers/shipping-with-usps,,,
international shipping ups,Core,Parcel & courier,Any,unspecified,Carrier-brand,3.1,3.1,1,0,2,1,Covered (hub only),/carriers/shipping-with-ups,,,
can you ship a car overseas with a lien,Core,Car shipping,Any,unspecified,Informational,3.1,3.1,1,0,2,1,Gap (no page),,no international car page,,
can you ship car overseas,Core,Car shipping,Any,unspecified,Informational,3.1,3.1,1,0,2,1,Gap (no page),,no international car page,,
how much does international car shipping cost,Core,Car shipping,Any,unspecified,Informational,3.1,3.1,1,0,2,1,Lost (page deleted),,no international car page,,/blog/international-car-shipping-from-usa
how much does it cost to ship golf clubs ups,Core,Cost & rates,Any,unspecified,Carrier-brand,3.1,3.1,1,0,2,1,Covered (hub only),/carriers/shipping-with-ups,,,
how much does it cost to ship human ashes usps,Core,Cost & rates,Any,unspecified,Carrier-brand,3.1,3.1,1,0,2,1,Covered (hub only),/carriers/shipping-with-usps,,,
how much does it cost to ship jeans usps,Core,Cost & rates,Any,unspecified,Carrier-brand,3.1,3.1,1,0,2,1,Covered (hub only),/carriers/shipping-with-usps,,,
how much does it cost to ship luggage with ups,Core,Cost & rates,Any,unspecified,Carrier-brand,3.1,3.1,1,0,2,1,Covered (hub only),/carriers/shipping-with-ups,,,
how much does it cost to ship usps,Core,Cost & rates,Any,unspecified,Carrier-brand,3.1,3.1,1,0,2,1,Covered (hub only),/carriers/shipping-with-usps,,,
how much does it cost to ship with usps,Core,Cost & rates,Any,unspecified,Carrier-brand,3.1,3.1,1,0,2,1,Covered (hub only),/carriers/shipping-with-usps,,,
how long does it take to ship usps,Core,Transit time,Any,unspecified,Carrier-brand,3.1,3.1,1,0,2,1,Covered (hub only),/carriers/shipping-with-usps,,,
cheapest way to ship ups,Core,Cost & rates,Any,unspecified,Carrier-brand,3.1,3.1,1,0,2,1,Covered (hub only),/carriers/shipping-with-ups,,,/blog/cheapest-way-to-ship-from-usa-to-australia
best way to ship usps,Core,Parcel & courier,Any,unspecified,Carrier-brand,3.1,3.1,1,0,2,1,Covered (hub only),/carriers/shipping-with-usps,,,
moving company from usa to brazil,Core,Moving & relocation,Brazil,outbound-US,Transactional,1.9,3.09,1,0,8,1,Gap (no page),,no moving page for this country,,
shipping car company international,Core,Car shipping,Any,unspecified,Transactional,1.9,3.09,1,0,8,1,Lost (page deleted),,no international car page,,/blog/international-car-shipping-from-usa
moving companies from new york to texas,Secondary,Moving & relocation,US-domestic,domestic-US,Transactional,3.9,3.04,0,1,3,1,Covered (hub only),/services/cheapest-domestic-relocation-services,,/blog/moving-from-new-york-to-texas-cost-and-tips-guide,
can i go to india by ship,Core,Parcel & courier,India,unspecified,Informational,3.8,3.04,2,0,6,2,Covered (hub only),/worldwide-destinations/shipping-to-india,,,/blog/how-to-ship-from-the-usa-to-india
courier from india to usa charges,Secondary (en-in),Cost & rates,India,inbound-US,Commercial,4.6,3.04,2,0,2,2,Covered (hub only),/en-in/services/international-shipping-from-india,,/blog/usa-to-india-shipping-cost-per-kg,/blog/courier-charges-from-canada-to-india
sending documents to india from usa cost,Core,Customs & rules,India,outbound-US,Informational,3.8,3.04,2,0,6,2,Covered (hub only),/worldwide-destinations/shipping-to-india,,,/blog/what-is-the-cost-of-shipping-from-usa-to-india
gold courier from india to usa,Secondary (en-in),Parcel & courier,India,inbound-US,Commercial,4.6,3.04,2,0,2,2,Covered (hub only),/en-in/services/international-shipping-from-india,,,
parcel india to usa price,Secondary (en-in),Cost & rates,India,inbound-US,Commercial,4.6,3.04,2,0,2,2,Covered (hub only),/en-in/services/international-shipping-from-india,,,
courier from india to usa suspended,Secondary (en-in),Parcel & courier,India,inbound-US,Commercial,4.6,3.04,2,0,2,2,Covered (hub only),/en-in/services/international-shipping-from-india,,,
cheapest way to courier from india to usa,Secondary (en-in),Cost & rates,India,inbound-US,Commercial,4.6,3.04,2,0,2,2,Covered (hub only),/en-in/services/international-shipping-from-india,,,
moving from india to usa in 11th grade,Secondary (en-in),Moving & relocation,India,inbound-US,Commercial,4.6,3.04,2,0,2,2,Covered (hub only),/worldwide-moving/moving-to-india,,,
vanakkam express courier rates from india to usa,Secondary (en-in),Cost & rates,India,inbound-US,Commercial,4.6,3.04,2,0,2,2,Covered (hub only),/en-in/services/international-shipping-from-india,,,
car shipping services,Secondary,Car shipping,Any,unspecified,Transactional,3.1,3.02,0,1,7,1,Gap (no page),,no international car page,,
car shipping service near me,Secondary,Car shipping,Any,unspecified,Transactional,3.1,3.02,1,0,2,1,Gap (no page),,no international car page,,
courier to dubai near me,Core,Parcel & courier,UAE,unspecified,Transactional,2.3,2.99,1,0,6,1,Covered (hub only),/worldwide-destinations/shipping-to-uae,,,
international shipping company west palm beach,Core,Parcel & courier,Any,unspecified,Transactional,2.3,2.99,1,0,6,1,Covered (hub only),/services/worldwide-shipping,,,
international moving companies nyc,Core,Moving & relocation,Any,unspecified,Transactional,2.3,2.99,1,0,6,1,Covered (hub only),/services/reliable-international-relocation-services,,,
shipping companies from usa to uae,Core,Parcel & courier,UAE,outbound-US,Transactional,2.3,2.99,1,0,6,1,Covered (hub only),/worldwide-destinations/shipping-to-uae,,,
international shipping agent,Core,Parcel & courier,Any,unspecified,Transactional,2.3,2.99,1,0,6,1,Covered (hub only),/services/worldwide-shipping,,,
international shipping near me open now,Core,Parcel & courier,Any,unspecified,Transactional,2.3,2.99,1,0,6,1,Covered (hub only),/services/worldwide-shipping,,,
international movers company,Core,Moving & relocation,Any,unspecified,Transactional,2.3,2.99,1,0,6,1,Covered (hub only),/services/reliable-international-relocation-services,,,
international movers door to door,Core,Moving & relocation,Any,unspecified,Transactional,2.3,2.99,1,0,6,1,Covered (hub only),/services/reliable-international-relocation-services,,,
moving to india from usa 401k,Core,Moving & relocation,India,outbound-US,Commercial,2.7,2.97,1,0,4,1,Covered (hub only),/worldwide-moving/moving-to-india,,,
moving from us to india shipping,Core,Moving & relocation,India,outbound-US,Commercial,2.7,2.97,0,1,9,1,Covered (hub only),/worldwide-moving/moving-to-india,,/blog/is-it-worth-moving-to-usa-from-india,
ship package to india from usa,Core,Parcel & courier,India,outbound-US,Commercial,2.7,2.97,0,1,9,1,Covered (hub only),/worldwide-destinations/shipping-to-india,,,
cargo shipping from usa to india customs,Core,Cargo & freight,India,outbound-US,Commercial,2.7,2.97,0,1,9,1,Covered (hub only),/worldwide-destinations/shipping-to-india,,,
postage to canada from usa,Core,Parcel & courier,Canada,outbound-US,Commercial,2.7,2.97,1,0,4,1,Covered (hub only),/worldwide-destinations/shipping-to-canada,,,
send parcel to canada from usa,Core,Parcel & courier,Canada,outbound-US,Commercial,2.7,2.97,1,0,4,1,Covered (hub only),/worldwide-destinations/shipping-to-canada,,,
us to canada courier charges,Core,Cost & rates,Canada,outbound-US,Commercial,2.7,2.97,0,1,9,1,Covered (hub only),/worldwide-destinations/shipping-to-canada,,,/blog/courier-charges-from-canada-to-india
shipping packages to canada from us,Core,Parcel & courier,Canada,outbound-US,Commercial,2.7,2.97,0,1,9,1,Covered (hub only),/worldwide-destinations/shipping-to-canada,,,
moving to australia from usa as a nurse,Core,Moving & relocation,Australia,outbound-US,Commercial,2.7,2.97,1,0,4,1,Covered (hub only),/worldwide-moving/moving-to-australia,,,
shipping cost to dubai,Core,Cost & rates,UAE,unspecified,Commercial,2.7,2.97,0,1,9,1,Covered (hub only),/worldwide-destinations/shipping-to-uae,,,
best courier from usa to south africa,Core,Parcel & courier,South Africa,outbound-US,Commercial,2.7,2.97,1,0,4,1,Covered (hub only),/worldwide-destinations/shipping-to-south-africa,,,
international courier from south africa,Core,Parcel & courier,South Africa,unspecified,Commercial,2.7,2.97,0,1,9,1,Covered (hub only),/worldwide-destinations/shipping-to-south-africa,,,
moving to africa from america,Core,Moving & relocation,Any,outbound-US,Commercial,2.7,2.97,0,1,9,1,Covered (hub only),/services/reliable-international-relocation-services,,,
courier charges from usa to germany,Core,Cost & rates,Germany,outbound-US,Commercial,2.7,2.97,1,0,4,1,Covered (hub only),/worldwide-destinations/shipping-to-germany,,,
moving to germany from usa with family,Core,Moving & relocation,Germany,outbound-US,Commercial,2.7,2.97,1,0,4,1,Covered (hub only),/worldwide-moving/moving-to-germany,,/blog/moving-to-germany-from-usa-with-family,
us citizen moving to germany,Core,Moving & relocation,Germany,unspecified,Commercial,2.7,2.97,0,1,9,1,Covered (hub only),/worldwide-moving/moving-to-germany,,,
relocate to ireland from usa,Core,Moving & relocation,Ireland,outbound-US,Commercial,2.7,2.97,1,0,4,1,Covered (hub only),/worldwide-moving/moving-to-ireland,,,
shipping to cap haïtien haiti from usa,Core,Parcel & courier,Haiti,outbound-US,Commercial,2.7,2.97,1,0,4,1,Covered (hub only),/worldwide-destinations/shipping-to-haiti,,,
moving back to sweden from usa,Core,Moving & relocation,Sweden,outbound-US,Commercial,2.7,2.97,1,0,4,1,Covered (hub only),/worldwide-moving/moving-to-sweden,,,/blog/moving-to-sweden-from-usa-shipping-guide
moving to switzerland from usa as a nurse,Core,Moving & relocation,Switzerland,outbound-US,Commercial,2.7,2.97,1,0,4,1,Covered (hub only),/worldwide-moving/moving-to-switzerland,,,
cheapest shipping to netherlands from us,Core,Cost & rates,Netherlands,outbound-US,Commercial,2.7,2.97,1,0,4,1,Covered (hub only),/worldwide-destinations/shipping-to-netherlands,,,
international shipping heavy equipment,Core,Parcel & courier,Any,unspecified,Commercial,2.7,2.97,0,1,9,1,Covered (hub only),/services/worldwide-shipping,,,
super cheap international shipping,Core,Cost & rates,Any,unspecified,Commercial,2.7,2.97,0,1,9,1,Covered (hub only),/services/worldwide-shipping,,,
cheapest way to ship return internationally,Core,Cost & rates,Any,unspecified,Commercial,2.7,2.97,0,1,9,1,Covered (hub only),/services/worldwide-shipping,,,
rainier overseas movers,Core,Moving & relocation,Any,unspecified,Commercial,2.7,2.97,1,0,4,1,Covered (hub only),/services/reliable-international-relocation-services,,,
shipping household items overseas,Core,Moving & relocation,Any,unspecified,Commercial,2.7,2.97,1,0,4,1,Covered (hub only),/services/reliable-international-relocation-services,,,
sending boxes overseas,Core,Specific items,Any,unspecified,Commercial,2.7,2.97,1,0,4,1,Covered (hub only),/services/worldwide-shipping,,,/blog/sending-boxes
sending furniture overseas,Core,Moving & relocation,Any,unspecified,Commercial,2.7,2.97,1,0,4,1,Covered (hub only),/services/reliable-international-relocation-services,,,
sea freight from usa to pakistan,Core,Cargo & freight,Pakistan,outbound-US,Commercial,2.7,2.97,1,0,4,1,Covered (hub only),/worldwide-destinations/shipping-to-pakistan,,,
ecommerce shipping worldwide,Core,Business shipping,Any,unspecified,Commercial,2.7,2.97,1,0,4,1,Covered (hub only),/shipping-for-small-business,,,
courier from us to india,Core,Parcel & courier,India,outbound-US,Commercial,2.7,2.97,0,1,9,1,Covered (hub only),/worldwide-destinations/shipping-to-india,,/en-in/faq/usa-courier-service,
sending gifts to india from usa,Core,Specific items,India,outbound-US,Commercial,2.7,2.97,1,0,4,1,Covered (hub only),/worldwide-destinations/shipping-to-india,,,
ship letter to india from usa,Core,Specific items,India,outbound-US,Commercial,2.7,2.97,1,0,4,1,Covered (hub only),/worldwide-destinations/shipping-to-india,,,
sending mail to india from usa,Core,Parcel & courier,India,outbound-US,Commercial,2.7,2.97,1,0,4,1,Covered (hub only),/worldwide-destinations/shipping-to-india,,,
cost of shipping to india from usa,Core,Cost & rates,India,outbound-US,Commercial,2.7,2.97,1,0,4,1,Covered (hub only),/worldwide-destinations/shipping-to-india,,,/blog/what-is-the-cost-of-shipping-from-usa-to-india
ship phone to india from usa,Core,Specific items,India,outbound-US,Commercial,2.7,2.97,1,0,4,1,Covered (hub only),/worldwide-destinations/shipping-to-india,,,
cheap courier to india from usa,Core,Cost & rates,India,outbound-US,Commercial,2.7,2.97,1,0,4,1,Covered (hub only),/worldwide-destinations/shipping-to-india,,,
fastest delivery to india from usa,Core,Transit time,India,outbound-US,Commercial,2.7,2.97,1,0,4,1,Covered (hub only),/worldwide-destinations/shipping-to-india,,,
courier iphone from usa to india,Core,Specific items,India,outbound-US,Commercial,2.7,2.97,1,0,4,1,Covered (hub only),/worldwide-destinations/shipping-to-india,,/blog/courier-iphone-from-usa-to-india,
shipping to uk from us cost,Core,Cost & rates,UK,outbound-US,Commercial,2.7,2.97,1,0,4,1,Covered (hub only),/worldwide-destinations/shipping-to-uk,,,
shipping gifts from usa to uk,Core,Specific items,UK,outbound-US,Commercial,2.7,2.97,1,0,4,1,Covered (hub only),/worldwide-destinations/shipping-to-uk,,,
shipping from usa to uk import tax,Core,Customs & rules,UK,outbound-US,Commercial,2.7,2.97,1,0,4,1,Covered (hub only),/worldwide-destinations/shipping-to-uk,,,
ship parcel to uk from usa,Core,Parcel & courier,UK,outbound-US,Commercial,2.7,2.97,1,0,4,1,Covered (hub only),/worldwide-destinations/shipping-to-uk,,,
shipping to the uk from usa cost,Core,Cost & rates,UK,outbound-US,Commercial,2.7,2.97,1,0,4,1,Covered (hub only),/worldwide-destinations/shipping-to-uk,,,
shipping wine from usa to uk,Core,Parcel & courier,UK,outbound-US,Commercial,2.7,2.97,1,0,4,1,Covered (hub only),/worldwide-destinations/shipping-to-uk,,,
shipping books to canada from us,Core,Specific items,Canada,outbound-US,Commercial,2.7,2.97,1,0,4,1,Covered (hub only),/worldwide-destinations/shipping-to-canada,,,
ship to canada from us cheap,Core,Cost & rates,Canada,outbound-US,Commercial,2.7,2.97,1,0,4,1,Covered (hub only),/worldwide-destinations/shipping-to-canada,,,
shipping goods to canada from us,Core,Parcel & courier,Canada,outbound-US,Commercial,2.7,2.97,1,0,4,1,Covered (hub only),/worldwide-destinations/shipping-to-canada,,,
postage rates to canada from us letter,Core,Cost & rates,Canada,outbound-US,Commercial,2.7,2.97,1,0,4,1,Covered (hub only),/worldwide-destinations/shipping-to-canada,,,
postage to canada from the us,Core,Parcel & courier,Canada,outbound-US,Commercial,2.7,2.97,1,0,4,1,Covered (hub only),/worldwide-destinations/shipping-to-canada,,,
shipping wine to canada from us,Core,Parcel & courier,Canada,outbound-US,Commercial,2.7,2.97,1,0,4,1,Covered (hub only),/worldwide-destinations/shipping-to-canada,,,
air shipping from usa to ghana,Core,Parcel & courier,Ghana,outbound-US,Commercial,2.7,2.97,1,0,4,1,Covered (hub only),/worldwide-destinations/shipping-to-ghana,,,
shipping from usa to ghana duration,Core,Parcel & courier,Ghana,outbound-US,Commercial,2.7,2.97,1,0,4,1,Covered (hub only),/worldwide-destinations/shipping-to-ghana,,,
international shipping agency,Core,Parcel & courier,Any,unspecified,Commercial,2.7,2.97,1,0,4,1,Covered (hub only),/services/worldwide-shipping,,,
international shipping delays,Core,Parcel & courier,Any,unspecified,Commercial,2.7,2.97,1,0,4,1,Covered (hub only),/services/worldwide-shipping,,,
international shipping envelope,Core,Parcel & courier,Any,unspecified,Commercial,2.7,2.97,1,0,4,1,Covered (hub only),/services/worldwide-shipping,,,
international shipping guyana,Core,Parcel & courier,Any,unspecified,Commercial,2.7,2.97,1,0,4,1,Covered (hub only),/services/worldwide-shipping,,,
international shipping harmonized codes,Core,Parcel & courier,Any,unspecified,Commercial,2.7,2.97,1,0,4,1,Covered (hub only),/services/worldwide-shipping,,,
international shipping issues,Core,Parcel & courier,Any,unspecified,Commercial,2.7,2.97,1,0,4,1,Covered (hub only),/services/worldwide-shipping,,,
international shipping jpfans,Core,Parcel & courier,Any,unspecified,Commercial,2.7,2.97,1,0,4,1,Covered (hub only),/services/worldwide-shipping,,,
international shipping link inc,Core,Parcel & courier,Any,unspecified,Commercial,2.7,2.97,1,0,4,1,Covered (hub only),/services/worldwide-shipping,,,
international shipping options,Core,Parcel & courier,Any,unspecified,Commercial,2.7,2.97,1,0,4,1,Covered (hub only),/services/worldwide-shipping,,,
international shipping package,Core,Parcel & courier,Any,unspecified,Commercial,2.7,2.97,1,0,4,1,Covered (hub only),/services/worldwide-shipping,,,
international shipping shopify,Core,Parcel & courier,Any,unspecified,Commercial,2.7,2.97,1,0,4,1,Covered (hub only),/services/worldwide-shipping,,,
international shipping vietnam,Core,Parcel & courier,Any,unspecified,Commercial,2.7,2.97,1,0,4,1,Covered (hub only),/services/worldwide-shipping,,,
international shipping wood crate requirements,Core,Cost & rates,Any,unspecified,Commercial,2.7,2.97,1,0,4,1,Covered (hub only),/services/worldwide-shipping,,,
xiamen international shipping center,Core,Parcel & courier,Any,unspecified,Commercial,2.7,2.97,1,0,4,1,Covered (hub only),/services/worldwide-shipping,,,
international yacht shipping,Core,Parcel & courier,Any,unspecified,Commercial,2.7,2.97,1,0,4,1,Covered (hub only),/services/worldwide-shipping,,,
international movers boston,Core,Moving & relocation,Any,unspecified,Commercial,2.7,2.97,1,0,4,1,Covered (hub only),/services/reliable-international-relocation-services,,,
international movers denmark,Core,Moving & relocation,Any,unspecified,Commercial,2.7,2.97,1,0,4,1,Covered (hub only),/services/reliable-international-relocation-services,,,
international moving expert,Core,Moving & relocation,Any,unspecified,Commercial,2.7,2.97,1,0,4,1,Covered (hub only),/services/reliable-international-relocation-services,,,
international movers hong kong reviews,Core,Moving & relocation,Any,unspecified,Commercial,2.7,2.97,1,0,4,1,Covered (hub only),/services/reliable-international-relocation-services,,,
international movers luxembourg,Core,Moving & relocation,Any,unspecified,Commercial,2.7,2.97,1,0,4,1,Covered (hub only),/services/reliable-international-relocation-services,,,
international machinery movers,Core,Moving & relocation,Any,unspecified,Commercial,2.7,2.97,1,0,4,1,Covered (hub only),/services/reliable-international-relocation-services,,,
international moving overseas,Core,Moving & relocation,Any,unspecified,Commercial,2.7,2.97,1,0,4,1,Covered (hub only),/services/reliable-international-relocation-services,,,
international movers preston,Core,Moving & relocation,Any,unspecified,Commercial,2.7,2.97,1,0,4,1,Covered (hub only),/services/reliable-international-relocation-services,,,
international moving reviews,Core,Moving & relocation,Any,unspecified,Commercial,2.7,2.97,1,0,4,1,Covered (hub only),/services/reliable-international-relocation-services,,,
international movers storage,Core,Moving & relocation,Any,unspecified,Commercial,2.7,2.97,1,0,4,1,Covered (hub only),/services/reliable-international-relocation-services,,,
international moving van,Core,Moving & relocation,Any,unspecified,Commercial,2.7,2.97,1,0,4,1,Covered (hub only),/services/reliable-international-relocation-services,,,
international moving & warehouse co,Core,Moving & relocation,Any,unspecified,Commercial,2.7,2.97,1,0,4,1,Covered (hub only),/services/reliable-international-relocation-services,,,
international moving new york,Core,Moving & relocation,US-domestic,unspecified,Commercial,2.7,2.97,1,0,4,1,Covered (hub only),/services/cheapest-domestic-relocation-services,,,
package forwarding australia to nz,Core,Package forwarding,Australia,unspecified,Commercial,2.7,2.97,1,0,4,1,Covered (hub only),/shop-us-stores-ship-worldwide,,,
package forwarding china,Core,Package forwarding,China,unspecified,Commercial,2.7,2.97,1,0,4,1,Covered (hub only),/shop-us-stores-ship-worldwide,,,
package forwarding in canada,Core,Package forwarding,Canada,unspecified,Commercial,2.7,2.97,1,0,4,1,Covered (hub only),/shop-us-stores-ship-worldwide,,,
package forwarding us to canada,Core,Package forwarding,Canada,outbound-US,Commercial,2.7,2.97,1,0,4,1,Covered (hub only),/shop-us-stores-ship-worldwide,,,
cheapest way to ship from us to uk,Core,Cost & rates,UK,outbound-US,Commercial,2.7,2.97,1,0,4,1,Covered (hub only),/worldwide-destinations/shipping-to-uk,,,/blog/cheapest-way-to-ship-from-usa-to-australia
cheapest way to ship golf clubs internationally,Core,Cost & rates,Any,unspecified,Commercial,2.7,2.97,1,0,4,1,Covered (hub only),/services/worldwide-shipping,,,
cheapest way to ship to china from usa,Core,Cost & rates,China,outbound-US,Commercial,2.7,2.97,1,0,4,1,Covered (hub only),/worldwide-destinations/shipping-to-china,,,/blog/cheapest-way-to-ship-a-package-to-china
best way to ship documents internationally,Core,Customs & rules,Any,unspecified,Commercial,2.7,2.97,1,0,4,1,Covered (hub only),/services/worldwide-shipping,,,
best way to ship overseas,Core,Parcel & courier,Any,unspecified,Commercial,2.7,2.97,1,0,4,1,Covered (hub only),/services/worldwide-shipping,,,
overseas movers guide,Core,Moving & relocation,Any,unspecified,Informational,3.7,2.96,0,1,4,1,Covered (hub only),/services/reliable-international-relocation-services,,,
how to ship furniture overseas safely,Core,Moving & relocation,Any,unspecified,Informational,3.7,2.96,0,1,4,1,Covered (hub only),/services/reliable-international-relocation-services,,,
how to ship to india,Core,Parcel & courier,India,unspecified,Informational,3.7,2.96,0,1,4,1,Covered (hub only),/worldwide-destinations/shipping-to-india,,,/blog/how-to-ship-from-the-usa-to-india
how to ship electronics internationally,Core,Specific items,Any,unspecified,Informational,3.7,2.96,0,1,4,1,Covered (hub only),/services/worldwide-shipping,,,
courier from canada to india,Secondary (en-ca),Parcel & courier,Canada,other-origin,Commercial,5.3,2.92,1,1,1,1,Covered (hub only),/worldwide-destinations/shipping-to-canada,,/en-in/worldwide-destinations/shipping-to-canada-from-india,/blog/courier-charges-from-canada-to-india
can i ship my car to india from usa,Core,Car shipping,India,outbound-US,Informational,2.9,2.9,1,0,3,1,Gap (no page),,no international car page,,
how much does it cost to ship a car from usa to australia,Core,Car shipping,Australia,outbound-US,Informational,2.9,2.9,1,0,3,1,Gap (no page),,no international car page,,
can i move to uae,Core,Moving & relocation,UAE,unspecified,Informational,2.9,2.9,1,0,3,1,Gap (no page),,no moving page for this country,,
can you move to dubai from usa,Core,Moving & relocation,UAE,outbound-US,Informational,2.9,2.9,1,0,3,1,Gap (no page),,no moving page for this country,,
how much does it cost to ship a car to dubai from usa,Core,Car shipping,UAE,outbound-US,Informational,2.9,2.9,1,0,3,1,Gap (no page),,no international car page,,
can i move to saudi arabia from usa,Core,Moving & relocation,Saudi Arabia,outbound-US,Informational,2.9,2.9,1,0,3,1,Gap (no page),,no moving page for this country,,
how long does dhl take to deliver from usa to nigeria,Core,Transit time,Nigeria,outbound-US,Carrier-brand,2.9,2.9,1,0,3,1,Covered (hub only),/carriers/shipping-with-dhl,,,
how long does it take to ship a car to nigeria from usa,Core,Car shipping,Nigeria,outbound-US,Informational,2.9,2.9,1,0,3,1,Gap (no page),,no international car page,,
how much to ship a car from usa to ghana,Core,Car shipping,Ghana,outbound-US,Informational,2.9,2.9,1,0,3,1,Gap (no page),,no international car page,,
can you ship a car from usa to south africa,Core,Car shipping,South Africa,outbound-US,Informational,2.9,2.9,1,0,3,1,Gap (no page),,no international car page,,
ups shipping to germany from usa,Core,Parcel & courier,Germany,outbound-US,Carrier-brand,2.9,2.9,0,1,8,1,Covered (hub only),/carriers/shipping-with-ups,,,
usps shipping to france from usa,Core,Parcel & courier,France,outbound-US,Carrier-brand,2.9,2.9,0,1,8,1,Covered (hub only),/carriers/shipping-with-usps,,,
fedex shipping to japan from usa,Core,Parcel & courier,Japan,outbound-US,Carrier-brand,2.9,2.9,0,1,8,1,Covered (hub only),/carriers/shipping-with-fedex,,,
is dhl shipping to haiti,Core,Parcel & courier,Haiti,unspecified,Carrier-brand,2.9,2.9,0,1,8,1,Covered (hub only),/carriers/shipping-with-dhl,,,
how to move to dominican republic from us,Core,Moving & relocation,Dominican Republic,outbound-US,Informational,2.9,2.9,1,0,3,1,Gap (no page),,no moving page for this country,,
how much to ship a car to dominican republic from usa,Core,Car shipping,Dominican Republic,outbound-US,Informational,2.9,2.9,1,0,3,1,Gap (no page),,no international car page,,
fedex international shipping assist,Core,Parcel & courier,Any,unspecified,Carrier-brand,2.9,2.9,0,1,8,1,Covered (hub only),/carriers/shipping-with-fedex,,,/blog/international-priority-shipping-with-fedex
dhl shipping from usa to philippines,Core,Parcel & courier,Philippines,outbound-US,Carrier-brand,2.9,2.9,1,0,3,1,Covered (hub only),/carriers/shipping-with-dhl,,,
dhl shipping from philippines to usa,Core,Parcel & courier,Philippines,inbound-US,Carrier-brand,2.9,2.9,0,1,8,1,Covered (hub only),/carriers/shipping-with-dhl,,,
can i ship my car overseas,Core,Car shipping,Any,unspecified,Informational,2.9,2.9,0,1,8,1,Gap (no page),,no international car page,,
usps international shipping prohibited items,Core,Customs & rules,Any,unspecified,Carrier-brand,2.9,2.9,0,1,8,1,Covered (hub only),/carriers/shipping-with-usps,,,
shipping gold jewelry from india to usa,Secondary (en-in),Specific items,India,inbound-US,Commercial,4.4,2.9,2,0,3,2,Covered (hub only),/en-in/services/international-shipping-from-india,,,
shipping from india to usa how long,Secondary (en-in),Transit time,India,inbound-US,Commercial,4.4,2.9,2,0,3,2,Covered (hub only),/en-in/services/international-shipping-from-india,,,/blog/how-to-ship-from-the-usa-to-india
shipping india to usa rates,Secondary (en-in),Cost & rates,India,inbound-US,Commercial,4.4,2.9,2,0,3,2,Covered (hub only),/en-in/services/international-shipping-from-india,,,
get courier from india to usa,Secondary (en-in),Parcel & courier,India,inbound-US,Commercial,4.4,2.9,2,0,3,2,Covered (hub only),/en-in/services/international-shipping-from-india,,,
moving from india to usa in 10th grade,Secondary (en-in),Moving & relocation,India,inbound-US,Commercial,4.4,2.9,2,0,3,2,Covered (hub only),/worldwide-moving/moving-to-india,,,
fedex shipping to uk from usa,Core,Parcel & courier,UK,outbound-US,Carrier-brand,2.9,2.9,1,0,3,1,Covered (hub only),/carriers/shipping-with-fedex,,,
cheapest shipping from usa to uk usps,Core,Cost & rates,UK,outbound-US,Carrier-brand,2.9,2.9,1,0,3,1,Covered (hub only),/carriers/shipping-with-usps,,,
fedex shipping from usa to ghana,Core,Parcel & courier,Ghana,outbound-US,Carrier-brand,2.9,2.9,1,0,3,1,Covered (hub only),/carriers/shipping-with-fedex,,,
dhl shipping from ghana to usa price,Core,Cost & rates,Ghana,inbound-US,Carrier-brand,2.9,2.9,1,0,3,1,Covered (hub only),/carriers/shipping-with-dhl,,,
dhl shipping philippines to usa price,Core,Cost & rates,Philippines,inbound-US,Carrier-brand,2.9,2.9,1,0,3,1,Covered (hub only),/carriers/shipping-with-dhl,,,
international shipping quote dhl,Core,Cost & rates,Any,unspecified,Carrier-brand,2.9,2.9,1,0,3,1,Covered (hub only),/carriers/shipping-with-dhl,,,
international shipping ups rates,Core,Cost & rates,Any,unspecified,Carrier-brand,2.9,2.9,1,0,3,1,Covered (hub only),/carriers/shipping-with-ups,,,
international shipping with fedex,Core,Parcel & courier,Any,unspecified,Carrier-brand,2.9,2.9,1,0,3,1,Covered (hub only),/carriers/shipping-with-fedex,,,/blog/international-priority-shipping-with-fedex
how much does it cost to ship golf clubs with fedex,Core,Cost & rates,Any,unspecified,Carrier-brand,2.9,2.9,1,0,3,1,Covered (hub only),/carriers/shipping-with-fedex,,,
how much does it cost to ship internationally with usps,Core,Cost & rates,Any,unspecified,Carrier-brand,2.9,2.9,1,0,3,1,Covered (hub only),/carriers/shipping-with-usps,,,
how much does it cost to ship ups ground,Core,Cost & rates,Any,unspecified,Carrier-brand,2.9,2.9,1,0,3,1,Covered (hub only),/carriers/shipping-with-ups,,,
how much does it cost to ship via fedex,Core,Cost & rates,Any,unspecified,Carrier-brand,2.9,2.9,1,0,3,1,Covered (hub only),/carriers/shipping-with-fedex,,,
how much does it cost to ship with fedex,Core,Cost & rates,Any,unspecified,Carrier-brand,2.9,2.9,1,0,3,1,Covered (hub only),/carriers/shipping-with-fedex,,,
how long does it take to ship ground usps,Core,Transit time,Any,unspecified,Carrier-brand,2.9,2.9,1,0,3,1,Covered (hub only),/carriers/shipping-with-usps,,,
how long does it take to ship ups,Core,Transit time,Any,unspecified,Carrier-brand,2.9,2.9,1,0,3,1,Covered (hub only),/carriers/shipping-with-ups,,,
cheapest way to ship with usps,Core,Cost & rates,Any,unspecified,Carrier-brand,2.9,2.9,1,0,3,1,Covered (hub only),/carriers/shipping-with-usps,,,/blog/cheapest-way-to-ship-from-usa-to-australia
car moving cost from india to usa,Secondary (en-in),Car shipping,India,inbound-US,Commercial,3.5,2.89,0,1,5,1,Lost (page deleted),,no international car page,,/blog/what-is-the-cost-of-shipping-from-usa-to-india
moving to new zealand from us with pets,Core,Moving & relocation,New Zealand,outbound-US,Commercial,2.1,2.89,1,0,7,1,Gap (no page),,no moving page for this country,,
moving to france from us with a dog,Core,Moving & relocation,France,outbound-US,Commercial,2.1,2.89,1,0,7,1,Gap (no page),,no moving page for this country,,
moving to italy from usa with kids,Core,Moving & relocation,Italy,outbound-US,Commercial,2.1,2.89,1,0,7,1,Gap (no page),,no moving page for this country,,
moving to japan from us military,Core,Moving & relocation,Japan,outbound-US,Commercial,2.1,2.89,1,0,7,1,Gap (no page),,no moving page for this country,,
cheap car shipping singapore,Secondary,Car shipping,Singapore,unspecified,Commercial,3.5,2.89,0,1,5,1,Gap (no page),,no international car page,,
moving to mexico from us checklist,Core,Moving & relocation,Mexico,outbound-US,Commercial,2.1,2.89,1,0,7,1,Gap (no page),,no moving page for this country,,
pros and cons of moving to brazil from usa,Core,Moving & relocation,Brazil,outbound-US,Commercial,2.1,2.89,1,0,7,1,Gap (no page),,no moving page for this country,/blog/moving-to-ireland-from-us-pros-and-cons,
car shipping san francisco,Secondary,Car shipping,Any,unspecified,Commercial,3.5,2.89,0,1,5,1,Gap (no page),,no international car page,,
companies moving from california to texas,Secondary,Moving & relocation,US-domestic,domestic-US,Transactional,3.7,2.89,0,1,4,1,Covered (hub only),/services/cheapest-domestic-relocation-services,,/blog/moving-from-california-to-texas-checklist,
courier services from india to usa,Secondary (en-in),Parcel & courier,India,inbound-US,Transactional,3.7,2.89,0,1,4,1,Covered (hub only),/en-in/services/international-shipping-from-india,,/en-in/services/international-shipping-from-india,
shipping car from usa to ghana cost,Core,Car shipping,Ghana,outbound-US,Commercial,2.1,2.89,1,0,7,1,Gap (no page),,no international car page,/blog/shipping-car-to-ghana-from-usa-cost-and-process,
international movers dubai to uk,Core,Moving & relocation,UAE,unspecified,Commercial,2.1,2.89,1,0,7,1,Gap (no page),,no moving page for this country,,
international movers in uae,Core,Moving & relocation,UAE,unspecified,Commercial,2.1,2.89,1,0,7,1,Gap (no page),,no moving page for this country,,
international movers uk to canada,Core,Moving & relocation,Canada,unspecified,Commercial,2.1,2.89,1,0,7,1,Gap (no page),,no moving page for this country,/en-ca/services/international-shipping-from-canada,
vega international car transport and logistic,Core,Car shipping,Any,unspecified,Commercial,2.1,2.89,1,0,7,1,Gap (no page),,no international car page,,
vega international car transport fotos,Core,Car shipping,Any,unspecified,Commercial,2.1,2.89,1,0,7,1,Gap (no page),,no international car page,,
vega international car transport gmbh rheine,Core,Car shipping,Any,unspecified,Commercial,2.1,2.89,1,0,7,1,Gap (no page),,no international car page,,
livingston international car shipping,Core,Car shipping,Any,unspecified,Commercial,2.1,2.89,1,0,7,1,Lost (page deleted),,no international car page,,/blog/international-car-shipping-from-usa
international car transport and rescue,Core,Car shipping,Any,unspecified,Commercial,2.1,2.89,1,0,7,1,Lost (page deleted),,no international car page,,/blog/international-car-shipping-from-usa
car shipping uk to australia,Core,Car shipping,Australia,unspecified,Commercial,2.1,2.89,1,0,7,1,Gap (no page),,no international car page,,
how to send a package from usa to dominican republic,Core,Parcel & courier,Dominican Republic,outbound-US,Informational,3.6,2.88,2,0,7,2,Covered (hub only),/worldwide-destinations/shipping-to-dominican-republic,,,
courier charges from usa to india for sending documents,Core,Customs & rules,India,outbound-US,Informational,3.6,2.88,2,0,7,2,Covered (specific page),/worldwide-destinations/shipping-to-india,,/blog/usa-to-india-shipping-cost-per-kg,/blog/courier-charges-from-canada-to-india
courier charges from india to usa fedex,Secondary (en-in),Cost & rates,India,inbound-US,Carrier-brand,4.8,2.88,2,0,1,2,Covered (hub only),/carriers/shipping-with-fedex,,/blog/usa-to-india-shipping-cost-per-kg,/blog/courier-charges-from-canada-to-india
dhl courier india to usa how many days,Secondary (en-in),Transit time,India,inbound-US,Carrier-brand,4.8,2.88,2,0,1,2,Covered (hub only),/carriers/shipping-with-dhl,,,
can i ship iphone from usa to philippines,Core,Customs & rules,Philippines,outbound-US,Informational,3.6,2.88,2,0,7,2,Covered (hub only),/worldwide-destinations/shipping-to-philippines,,,
moving to texas pros and cons,Secondary,Moving & relocation,US-domestic,domestic-US,Commercial,4.3,2.84,1,1,6,1,Covered (hub only),/services/cheapest-domestic-relocation-services,,/blog/pros-and-cons-of-moving-to-houston-texas,
car shipping companies in nigeria,Secondary,Car shipping,Nigeria,unspecified,Transactional,2.9,2.83,0,1,8,1,Gap (no page),,no international car page,,
car shipping best companies,Secondary,Car shipping,Any,unspecified,Transactional,2.9,2.83,1,0,3,1,Gap (no page),,no international car page,,
moving to uae from canada,Secondary (en-ca),Moving & relocation,Canada,other-origin,Commercial,4.1,2.82,0,1,2,1,Gap (no page),,no moving page for this country,,
shipping vehicle from canada to india,Secondary (en-ca),Car shipping,Canada,other-origin,Commercial,4.1,2.82,0,1,2,1,Gap (no page),,no international car page,/en-in/worldwide-destinations/shipping-to-canada-from-india,
how to ship furniture overseas by air,Core,Moving & relocation,Any,unspecified,Informational,3.5,2.8,0,1,5,1,Covered (hub only),/services/reliable-international-relocation-services,,,
courier books from india to usa,Secondary (en-in),Specific items,India,inbound-US,Commercial,4.2,2.77,2,0,4,2,Covered (hub only),/en-in/services/international-shipping-from-india,,,
letter courier from india to usa,Secondary (en-in),Specific items,India,inbound-US,Commercial,4.2,2.77,2,0,4,2,Covered (hub only),/en-in/services/international-shipping-from-india,,,
international moving companies uk,Core,Moving & relocation,UK,unspecified,Transactional,1.7,2.76,1,0,9,1,Gap (no page),,no moving page for this country,,
world car service international transport and shipping company,Core,Car shipping,Any,unspecified,Transactional,1.7,2.76,1,0,9,1,Gap (no page),,no international car page,,
ship route from usa to india,Core,Parcel & courier,India,outbound-US,Commercial,2.5,2.75,0,1,11,1,Covered (hub only),/worldwide-destinations/shipping-to-india,,,
shipping from pakistan to australia,Core,Parcel & courier,Australia,unspecified,Commercial,2.5,2.75,0,1,18,1,Covered (hub only),/worldwide-destinations/shipping-to-australia,,,
china to pakistan cargo shipping,Core,Cargo & freight,Pakistan,unspecified,Commercial,2.5,2.75,0,1,21,1,Covered (hub only),/worldwide-destinations/shipping-to-pakistan,,,
air cargo to pakistan,Core,Cargo & freight,Pakistan,unspecified,Commercial,2.5,2.75,0,1,12,1,Covered (hub only),/worldwide-destinations/shipping-to-pakistan,,,
send cargo to pakistan,Core,Cargo & freight,Pakistan,unspecified,Commercial,2.5,2.75,0,1,18,1,Covered (hub only),/worldwide-destinations/shipping-to-pakistan,,,
send parcel to nepal from usa,Core,Parcel & courier,Nepal,outbound-US,Commercial,2.5,2.75,1,0,5,1,Covered (hub only),/worldwide-destinations/shipping-to-nepal,,,
international courier in nepal,Core,Parcel & courier,Nepal,unspecified,Commercial,2.5,2.75,0,1,19,1,Covered (hub only),/worldwide-destinations/shipping-to-nepal,,,
send parcel to uk from usa,Core,Parcel & courier,UK,outbound-US,Commercial,2.5,2.75,1,0,5,1,Covered (hub only),/worldwide-destinations/shipping-to-uk,,,
car transport usa to uk,Core,Car shipping,UK,outbound-US,Commercial,2.5,2.75,0,1,18,1,Covered (hub only),/services/auto-transport,,,
ship to uk from us,Core,Parcel & courier,UK,outbound-US,Commercial,2.5,2.75,0,1,21,1,Covered (hub only),/worldwide-destinations/shipping-to-uk,,,
car transport us to uk,Core,Car shipping,UK,outbound-US,Commercial,2.5,2.75,0,1,23,1,Covered (hub only),/services/auto-transport,,,
shipping from america to uk,Core,Parcel & courier,UK,outbound-US,Commercial,2.5,2.75,0,1,14,1,Covered (hub only),/worldwide-destinations/shipping-to-uk,,,
mailing to canada from usa,Core,Parcel & courier,Canada,outbound-US,Commercial,2.5,2.75,1,0,5,1,Covered (hub only),/worldwide-destinations/shipping-to-canada,,,
flower delivery to canada from usa,Core,Parcel & courier,Canada,outbound-US,Commercial,2.5,2.75,1,0,5,1,Covered (hub only),/worldwide-destinations/shipping-to-canada,,,
shipping to canada cost by courier,Core,Cost & rates,Canada,unspecified,Commercial,2.5,2.75,0,1,13,1,Covered (hub only),/worldwide-destinations/shipping-to-canada,,,
courier to australia from nz,Core,Parcel & courier,Australia,unspecified,Commercial,2.5,2.75,0,1,11,1,Covered (hub only),/worldwide-destinations/shipping-to-australia,,,
courier from china to australia,Core,Parcel & courier,Australia,unspecified,Commercial,2.5,2.75,0,1,12,1,Covered (hub only),/worldwide-destinations/shipping-to-australia,,,
courier from new zealand to australia,Core,Parcel & courier,New Zealand,unspecified,Commercial,2.5,2.75,0,1,13,1,Covered (hub only),/worldwide-destinations/shipping-to-new-zealand,,,
courier to australia from south africa,Core,Parcel & courier,South Africa,unspecified,Commercial,2.5,2.75,0,1,14,1,Covered (hub only),/worldwide-destinations/shipping-to-south-africa,,,
car transport usa to australia,Core,Car shipping,Australia,outbound-US,Commercial,2.5,2.75,0,1,15,1,Covered (hub only),/services/auto-transport,,,
ship from america to australia,Core,Parcel & courier,Australia,outbound-US,Commercial,2.5,2.75,0,1,17,1,Covered (hub only),/worldwide-destinations/shipping-to-australia,,,
ship from us to australia,Core,Parcel & courier,Australia,outbound-US,Commercial,2.5,2.75,0,1,18,1,Covered (hub only),/worldwide-destinations/shipping-to-australia,,,
ship transporting cars to australia,Core,Car shipping,Australia,unspecified,Commercial,2.5,2.75,0,1,19,1,Covered (hub only),/services/auto-transport,,,
shipping from america to australia,Core,Parcel & courier,Australia,outbound-US,Commercial,2.5,2.75,0,1,12,1,Covered (hub only),/worldwide-destinations/shipping-to-australia,,,
shipping from us to australia,Core,Parcel & courier,Australia,outbound-US,Commercial,2.5,2.75,0,1,13,1,Covered (hub only),/worldwide-destinations/shipping-to-australia,,,
courier from nz to uk,Core,Parcel & courier,UK,unspecified,Commercial,2.5,2.75,0,1,12,1,Covered (hub only),/worldwide-destinations/shipping-to-uk,,,
new zealand couriers international,Core,Parcel & courier,New Zealand,unspecified,Commercial,2.5,2.75,0,1,15,1,Covered (hub only),/worldwide-destinations/shipping-to-new-zealand,,,
courier to australia from nz price,Core,Cost & rates,Australia,unspecified,Commercial,2.5,2.75,0,1,16,1,Covered (hub only),/worldwide-destinations/shipping-to-australia,,,
air new zealand international cargo,Core,Cargo & freight,New Zealand,unspecified,Commercial,2.5,2.75,0,1,15,1,Covered (hub only),/worldwide-destinations/shipping-to-new-zealand,,,
shipping from china to uae,Core,Parcel & courier,China,unspecified,Commercial,2.5,2.75,0,1,16,1,Covered (hub only),/worldwide-destinations/shipping-to-china,,,
packages to dubai from usa,Core,Parcel & courier,UAE,outbound-US,Commercial,2.5,2.75,0,1,10,1,Covered (hub only),/worldwide-destinations/shipping-to-uae,,,
shipping from usa to saudi arabia by sea,Core,Cargo & freight,Saudi Arabia,outbound-US,Commercial,2.5,2.75,1,0,5,1,Covered (hub only),/worldwide-destinations/shipping-to-saudi-arabia,,,
courier charges from saudi to india,Core,Cost & rates,India,unspecified,Commercial,2.5,2.75,0,1,21,1,Covered (hub only),/worldwide-destinations/shipping-to-india,,/blog/usa-to-india-shipping-cost-per-kg,/blog/courier-charges-from-canada-to-india
cargo shipping from saudi arabia to canada,Core,Cargo & freight,Canada,unspecified,Commercial,2.5,2.75,0,1,11,1,Covered (hub only),/worldwide-destinations/shipping-to-canada,,,
cargo shipping from saudi arabia to uk,Core,Cargo & freight,Saudi Arabia,unspecified,Commercial,2.5,2.75,0,1,12,1,Covered (hub only),/worldwide-destinations/shipping-to-saudi-arabia,,,
cargo shipping from saudi arabia to india,Core,Cargo & freight,India,unspecified,Commercial,2.5,2.75,0,1,14,1,Covered (hub only),/worldwide-destinations/shipping-to-india,,,
cargo shipping from saudi arabia to australia,Core,Cargo & freight,Australia,unspecified,Commercial,2.5,2.75,0,1,16,1,Covered (hub only),/worldwide-destinations/shipping-to-australia,,,
shipping to nigeria from houston,Core,Parcel & courier,Nigeria,outbound-US,Commercial,2.5,2.75,0,1,13,1,Covered (hub only),/worldwide-destinations/shipping-to-nigeria,,,
ways to ship packages to nigeria,Core,Parcel & courier,Nigeria,unspecified,Commercial,2.5,2.75,0,1,16,1,Covered (hub only),/worldwide-destinations/shipping-to-nigeria,,,
shipping from china to nigeria,Core,Parcel & courier,Nigeria,unspecified,Commercial,2.5,2.75,0,1,18,1,Covered (hub only),/worldwide-destinations/shipping-to-nigeria,,,
shipping via uae to nigeria,Core,Parcel & courier,Nigeria,unspecified,Commercial,2.5,2.75,0,1,19,1,Covered (hub only),/worldwide-destinations/shipping-to-nigeria,,,
shipping from nigeria to canada,Core,Parcel & courier,Nigeria,unspecified,Commercial,2.5,2.75,0,1,20,1,Covered (hub only),/worldwide-destinations/shipping-to-nigeria,,,
ship from china to nigeria,Core,Parcel & courier,Nigeria,unspecified,Commercial,2.5,2.75,0,1,10,1,Covered (hub only),/worldwide-destinations/shipping-to-nigeria,,,
ship to nigeria from houston,Core,Parcel & courier,Nigeria,outbound-US,Commercial,2.5,2.75,0,1,11,1,Covered (hub only),/worldwide-destinations/shipping-to-nigeria,,,
ship from nigeria to canada,Core,Parcel & courier,Nigeria,unspecified,Commercial,2.5,2.75,0,1,19,1,Covered (hub only),/worldwide-destinations/shipping-to-nigeria,,,
air freight from usa to nigeria customs,Core,Cargo & freight,Nigeria,outbound-US,Commercial,2.5,2.75,0,1,13,1,Covered (hub only),/worldwide-destinations/shipping-to-nigeria,,,
air freight from usa to nigeria rates,Core,Cargo & freight,Nigeria,outbound-US,Commercial,2.5,2.75,0,1,14,1,Covered (hub only),/worldwide-destinations/shipping-to-nigeria,,,
shipping from china to ghana,Core,Parcel & courier,Ghana,unspecified,Commercial,2.5,2.75,0,1,10,1,Covered (hub only),/worldwide-destinations/shipping-to-ghana,,,
buy and ship from china to ghana,Core,Parcel & courier,Ghana,unspecified,Commercial,2.5,2.75,0,1,20,1,Covered (hub only),/worldwide-destinations/shipping-to-ghana,,,
air freight to ghana from usa,Core,Cargo & freight,Ghana,outbound-US,Commercial,2.5,2.75,1,0,5,1,Covered (hub only),/worldwide-destinations/shipping-to-ghana,,,
shipping from south africa to australia,Core,Parcel & courier,South Africa,unspecified,Commercial,2.5,2.75,0,1,15,1,Covered (hub only),/worldwide-destinations/shipping-to-south-africa,,,
international shipping from south africa,Core,Parcel & courier,South Africa,unspecified,Commercial,2.5,2.75,0,1,16,1,Covered (hub only),/worldwide-destinations/shipping-to-south-africa,,,
ship from south africa to uk,Core,Parcel & courier,South Africa,unspecified,Commercial,2.5,2.75,0,1,20,1,Covered (hub only),/worldwide-destinations/shipping-to-south-africa,,,
best shipping from us to philippines,Core,Parcel & courier,Philippines,outbound-US,Commercial,2.5,2.75,0,1,10,1,Covered (hub only),/worldwide-destinations/shipping-to-philippines,,,
shipping fee from us to philippines,Core,Parcel & courier,Philippines,outbound-US,Commercial,2.5,2.75,0,1,11,1,Covered (hub only),/worldwide-destinations/shipping-to-philippines,,,
sending packages to philippines from usa,Core,Parcel & courier,Philippines,outbound-US,Commercial,2.5,2.75,0,1,15,1,Covered (hub only),/worldwide-destinations/shipping-to-philippines,,,
international shipping to philippines,Core,Parcel & courier,Philippines,unspecified,Commercial,2.5,2.75,0,1,16,1,Covered (hub only),/worldwide-destinations/shipping-to-philippines,,,
cheap courier in thailand to philippines,Core,Cost & rates,Philippines,unspecified,Commercial,2.5,2.75,0,1,11,1,Covered (hub only),/worldwide-destinations/shipping-to-philippines,,,
courier from philippines to uae,Core,Parcel & courier,Philippines,unspecified,Commercial,2.5,2.75,0,1,14,1,Covered (hub only),/worldwide-destinations/shipping-to-philippines,,,
courier from ireland to philippines,Core,Parcel & courier,Philippines,unspecified,Commercial,2.5,2.75,0,1,17,1,Covered (hub only),/worldwide-destinations/shipping-to-philippines,,,
shipping from us to philippines cost,Core,Cost & rates,Philippines,outbound-US,Commercial,2.5,2.75,0,1,13,1,Covered (hub only),/worldwide-destinations/shipping-to-philippines,,,
package from us to philippines,Core,Parcel & courier,Philippines,outbound-US,Commercial,2.5,2.75,0,1,15,1,Covered (hub only),/worldwide-destinations/shipping-to-philippines,,,
parcel to germany from usa,Core,Parcel & courier,Germany,outbound-US,Commercial,2.5,2.75,1,0,5,1,Covered (hub only),/worldwide-destinations/shipping-to-germany,,,
sending mail to germany from usa,Core,Parcel & courier,Germany,outbound-US,Commercial,2.5,2.75,0,1,11,1,Covered (hub only),/worldwide-destinations/shipping-to-germany,,,
cheap shipping to ireland,Core,Cost & rates,Ireland,unspecified,Commercial,2.5,2.75,0,1,13,1,Covered (hub only),/worldwide-destinations/shipping-to-ireland,,,
import costs from usa to ireland,Core,Cost & rates,Ireland,outbound-US,Commercial,2.5,2.75,0,1,14,1,Covered (hub only),/worldwide-destinations/shipping-to-ireland,,,
shipping from canada to france,Secondary (en-ca),Parcel & courier,Canada,other-origin,Commercial,5.0,2.75,0,2,19,2,Covered (hub only),/worldwide-destinations/shipping-to-canada,,,
moving from new york to france,Core,Moving & relocation,US-domestic,outbound-US,Commercial,2.5,2.75,0,1,10,1,Covered (hub only),/services/cheapest-domestic-relocation-services,,,
italy to india courier charges,Core,Cost & rates,India,unspecified,Commercial,2.5,2.75,0,1,14,1,Covered (hub only),/worldwide-destinations/shipping-to-india,,/blog/usa-to-india-shipping-cost-per-kg,/blog/courier-charges-from-canada-to-india
postage to china from usa,Core,Parcel & courier,China,outbound-US,Commercial,2.5,2.75,1,0,5,1,Covered (hub only),/worldwide-destinations/shipping-to-china,,,
ship to china cheap from usa,Core,Cost & rates,China,outbound-US,Commercial,2.5,2.75,0,1,10,1,Covered (hub only),/worldwide-destinations/shipping-to-china,,,
ship to china from usa,Core,Parcel & courier,China,outbound-US,Commercial,2.5,2.75,0,1,14,1,Covered (hub only),/worldwide-destinations/shipping-to-china,,,
cheap freight from usa to china,Core,Cargo & freight,China,outbound-US,Commercial,2.5,2.75,0,1,15,1,Covered (hub only),/worldwide-destinations/shipping-to-china,,,
freight usa to china,Core,Cargo & freight,China,outbound-US,Commercial,2.5,2.75,0,1,19,1,Covered (hub only),/worldwide-destinations/shipping-to-china,,,
car transport us to japan,Core,Car shipping,Japan,outbound-US,Commercial,2.5,2.75,0,1,17,1,Covered (hub only),/services/auto-transport,,,
cheap freight from usa to singapore customs,Core,Cargo & freight,Singapore,outbound-US,Commercial,2.5,2.75,0,1,10,1,Covered (hub only),/worldwide-destinations/shipping-to-singapore,,,
cheap freight from usa to singapore rates,Core,Cargo & freight,Singapore,outbound-US,Commercial,2.5,2.75,0,1,11,1,Covered (hub only),/worldwide-destinations/shipping-to-singapore,,,
cheap freight from usa to singapore delivery,Core,Cargo & freight,Singapore,outbound-US,Commercial,2.5,2.75,0,1,12,1,Covered (hub only),/worldwide-destinations/shipping-to-singapore,,,
shipping to mexico from us cost,Core,Cost & rates,Mexico,outbound-US,Commercial,2.5,2.75,1,0,5,1,Covered (hub only),/worldwide-destinations/shipping-to-mexico,,,
sending package to mexico from usa,Core,Parcel & courier,Mexico,outbound-US,Commercial,2.5,2.75,0,1,13,1,Covered (hub only),/worldwide-destinations/shipping-to-mexico,,,
ship from us to mexico,Core,Parcel & courier,Mexico,outbound-US,Commercial,2.5,2.75,0,1,13,1,Covered (hub only),/worldwide-destinations/shipping-to-mexico,,,
freight costs usa to mexico,Core,Cargo & freight,Mexico,outbound-US,Commercial,2.5,2.75,0,1,16,1,Covered (hub only),/worldwide-destinations/shipping-to-mexico,,,
shipping to jamaica from atlanta,Core,Parcel & courier,Jamaica,outbound-US,Commercial,2.5,2.75,0,1,13,1,Covered (hub only),/worldwide-destinations/shipping-to-jamaica,,,
ship package to sweden from usa,Core,Parcel & courier,Sweden,outbound-US,Commercial,2.5,2.75,1,0,5,1,Covered (hub only),/worldwide-destinations/shipping-to-sweden,,,
cost of moving to sweden from usa,Core,Moving & relocation,Sweden,outbound-US,Commercial,2.5,2.75,1,0,5,1,Covered (hub only),/worldwide-moving/moving-to-sweden,,,/blog/cost-of-moving-to-sweden-from-usa-air-sea-freight
postage from us to switzerland,Core,Parcel & courier,Switzerland,outbound-US,Commercial,2.5,2.75,0,1,18,1,Covered (hub only),/worldwide-destinations/shipping-to-switzerland,,,
moving to switzerland from us requirements,Core,Moving & relocation,Switzerland,outbound-US,Commercial,2.5,2.75,1,0,5,1,Covered (hub only),/worldwide-moving/moving-to-switzerland,,,
international shipping new york to london,Core,Parcel & courier,US-domestic,unspecified,Commercial,2.5,2.75,0,1,16,1,Covered (hub only),/services/domestic-shipping,,,
international shipping new york to china,Core,Parcel & courier,US-domestic,unspecified,Commercial,2.5,2.75,0,1,17,1,Covered (hub only),/services/domestic-shipping,,,
international shipping new york to india,Core,Parcel & courier,US-domestic,unspecified,Commercial,2.5,2.75,0,1,18,1,Covered (hub only),/services/domestic-shipping,,/en-in/services/international-shipping-from-india,
international shipping new york to japan,Core,Parcel & courier,US-domestic,unspecified,Commercial,2.5,2.75,0,1,19,1,Covered (hub only),/services/domestic-shipping,,,
international shipping new york to canada,Core,Parcel & courier,US-domestic,unspecified,Commercial,2.5,2.75,0,1,21,1,Covered (hub only),/services/domestic-shipping,,/en-ca/services/international-shipping-from-canada,
international shipping new york to mexico,Core,Parcel & courier,US-domestic,unspecified,Commercial,2.5,2.75,0,1,23,1,Covered (hub only),/services/domestic-shipping,,,
international shipping new york to germany,Core,Parcel & courier,US-domestic,unspecified,Commercial,2.5,2.75,0,1,24,1,Covered (hub only),/services/domestic-shipping,,,
cheapest way to ship boxes internationally,Core,Cost & rates,Any,unspecified,Commercial,2.5,2.75,0,1,10,1,Covered (hub only),/services/worldwide-shipping,,,
international movers overseas shipping,Core,Moving & relocation,Any,unspecified,Commercial,2.5,2.75,0,1,11,1,Covered (hub only),/services/reliable-international-relocation-services,,,
international movers nj,Core,Moving & relocation,Any,unspecified,Commercial,2.5,2.75,0,1,12,1,Covered (hub only),/services/reliable-international-relocation-services,,,
international movers richmond,Core,Moving & relocation,Any,unspecified,Commercial,2.5,2.75,0,1,14,1,Covered (hub only),/services/reliable-international-relocation-services,,,
international movers hawaii,Core,Moving & relocation,Any,unspecified,Commercial,2.5,2.75,0,1,15,1,Covered (hub only),/services/reliable-international-relocation-services,,,
international movers atlanta,Core,Moving & relocation,Any,unspecified,Commercial,2.5,2.75,0,1,19,1,Covered (hub only),/services/reliable-international-relocation-services,,,
international movers overland,Core,Moving & relocation,Any,unspecified,Commercial,2.5,2.75,0,1,21,1,Covered (hub only),/services/reliable-international-relocation-services,,,
international movers chicago il,Core,Moving & relocation,Any,unspecified,Commercial,2.5,2.75,0,1,22,1,Covered (hub only),/services/reliable-international-relocation-services,,,
international movers chicago area,Core,Moving & relocation,Any,unspecified,Commercial,2.5,2.75,0,1,23,1,Covered (hub only),/services/reliable-international-relocation-services,,,
international movers chicago cost,Core,Moving & relocation,Any,unspecified,Commercial,2.5,2.75,0,1,24,1,Covered (hub only),/services/reliable-international-relocation-services,,,
international movers chicago rates,Core,Moving & relocation,Any,unspecified,Commercial,2.5,2.75,0,1,25,1,Covered (hub only),/services/reliable-international-relocation-services,,,
rainier overseas movers reviews,Core,Moving & relocation,Any,unspecified,Commercial,2.5,2.75,1,0,5,1,Covered (hub only),/services/reliable-international-relocation-services,,,
overseas movers quotes,Core,Moving & relocation,Any,unspecified,Commercial,2.5,2.75,0,1,11,1,Covered (hub only),/services/reliable-international-relocation-services,,,
us mail international shipping,Core,Parcel & courier,Any,unspecified,Commercial,2.5,2.75,0,1,10,1,Covered (hub only),/services/worldwide-shipping,,,
international shipping miami fl,Core,Parcel & courier,Any,unspecified,Commercial,2.5,2.75,0,1,18,1,Covered (hub only),/services/worldwide-shipping,,,
shop and ship us address,Core,Package forwarding,Any,unspecified,Commercial,2.5,2.75,0,1,18,1,Covered (hub only),/shop-us-stores-ship-worldwide,,,
shop in us ship to canada,Core,Parcel & courier,Canada,unspecified,Commercial,2.5,2.75,0,1,19,1,Covered (hub only),/worldwide-destinations/shipping-to-canada,,,
ship from united states,Core,Parcel & courier,Any,outbound-US,Commercial,2.5,2.75,0,1,20,1,Covered (hub only),/services/worldwide-shipping,,,
freight forwarder from usa to india,Core,Cargo & freight,India,outbound-US,Commercial,2.5,2.75,0,1,12,1,Covered (hub only),/worldwide-destinations/shipping-to-india,,/en-in/services/freight-forwarding-services-in-india,
shipping personal items overseas,Core,Parcel & courier,Any,unspecified,Commercial,2.5,2.75,0,1,13,1,Covered (hub only),/services/worldwide-shipping,,,
freight household items internationally,Core,Moving & relocation,Any,unspecified,Commercial,2.5,2.75,0,1,15,1,Covered (hub only),/services/reliable-international-relocation-services,,,
transporting furniture overseas,Core,Moving & relocation,Any,unspecified,Commercial,2.5,2.75,1,0,5,1,Covered (hub only),/services/reliable-international-relocation-services,,,
sending luggage overseas from nz,Core,Specific items,New Zealand,unspecified,Commercial,2.5,2.75,1,0,5,1,Covered (hub only),/worldwide-destinations/shipping-to-new-zealand,,,
air cargo from usa to india,Core,Cargo & freight,India,outbound-US,Commercial,2.5,2.75,1,0,5,1,Covered (hub only),/worldwide-destinations/shipping-to-india,,,
ship package to india cost,Core,Cost & rates,India,unspecified,Commercial,2.5,2.75,0,1,11,1,Covered (hub only),/worldwide-destinations/shipping-to-india,,,/blog/what-is-the-cost-of-shipping-from-usa-to-india
shipping packages to india,Core,Parcel & courier,India,unspecified,Commercial,2.5,2.75,0,1,17,1,Covered (hub only),/worldwide-destinations/shipping-to-india,,,
shipping laptop from usa to india,Core,Specific items,India,outbound-US,Commercial,2.5,2.75,0,1,10,1,Covered (hub only),/worldwide-destinations/shipping-to-india,,,
small business shipping internationally,Core,Business shipping,Any,unspecified,Commercial,2.5,2.75,0,1,10,1,Covered (hub only),/shipping-for-small-business,,/blog/how-to-ship-packages-as-a-small-business,
india to canada shipping,Core,Parcel & courier,Canada,unspecified,Commercial,2.5,2.75,0,1,12,1,Covered (hub only),/worldwide-destinations/shipping-to-canada,,/en-in/worldwide-destinations/shipping-to-canada-from-india,
moving to indiana from illinois,Core,Moving & relocation,Any,outbound-US,Commercial,2.5,2.75,0,1,13,1,Covered (hub only),/services/reliable-international-relocation-services,,,
moving from us to india,Core,Moving & relocation,India,outbound-US,Commercial,2.5,2.75,0,1,10,1,Covered (hub only),/worldwide-moving/moving-to-india,,/blog/is-it-worth-moving-to-usa-from-india,
sending iphone to india from usa,Core,Specific items,India,outbound-US,Commercial,2.5,2.75,1,0,5,1,Covered (hub only),/worldwide-destinations/shipping-to-india,,,
sending letter to india from usa,Core,Specific items,India,outbound-US,Commercial,2.5,2.75,1,0,5,1,Covered (hub only),/worldwide-destinations/shipping-to-india,,,
passenger ship to india from usa,Core,Parcel & courier,India,outbound-US,Commercial,2.5,2.75,1,0,5,1,Covered (hub only),/worldwide-destinations/shipping-to-india,,,
sending rakhi to india from usa,Core,Parcel & courier,India,outbound-US,Commercial,2.5,2.75,1,0,5,1,Covered (hub only),/worldwide-destinations/shipping-to-india,,,
cheapest courier to india from usa,Core,Cost & rates,India,outbound-US,Commercial,2.5,2.75,1,0,5,1,Covered (hub only),/worldwide-destinations/shipping-to-india,,/en-in/faq/the-cheapest-international-courier-services,
cheap shipping to uk from usa,Core,Cost & rates,UK,outbound-US,Commercial,2.5,2.75,1,0,5,1,Covered (hub only),/worldwide-destinations/shipping-to-uk,,,
deliver flowers to uk from usa,Core,Parcel & courier,UK,outbound-US,Commercial,2.5,2.75,1,0,5,1,Covered (hub only),/worldwide-destinations/shipping-to-uk,,,
shipping liquids from usa to uk,Core,Parcel & courier,UK,outbound-US,Commercial,2.5,2.75,1,0,5,1,Covered (hub only),/worldwide-destinations/shipping-to-uk,,,
cost of shipping to uk from usa,Core,Cost & rates,UK,outbound-US,Commercial,2.5,2.75,1,0,5,1,Covered (hub only),/worldwide-destinations/shipping-to-uk,,,
whatnot shipping from usa to uk,Core,Parcel & courier,UK,outbound-US,Commercial,2.5,2.75,1,0,5,1,Covered (hub only),/worldwide-destinations/shipping-to-uk,,,
mailing to canada from us cost,Core,Cost & rates,Canada,outbound-US,Commercial,2.5,2.75,1,0,5,1,Covered (hub only),/worldwide-destinations/shipping-to-canada,,,
rakhi to canada from usa free shipping,Core,Parcel & courier,Canada,outbound-US,Commercial,2.5,2.75,1,0,5,1,Covered (hub only),/worldwide-destinations/shipping-to-canada,,,
ground shipping to canada from us,Core,Parcel & courier,Canada,outbound-US,Commercial,2.5,2.75,1,0,5,1,Covered (hub only),/worldwide-destinations/shipping-to-canada,,,
mailing letter to canada from usa,Core,Specific items,Canada,outbound-US,Commercial,2.5,2.75,1,0,5,1,Covered (hub only),/worldwide-destinations/shipping-to-canada,,,
shipping something to canada from us,Core,Parcel & courier,Canada,outbound-US,Commercial,2.5,2.75,1,0,5,1,Covered (hub only),/worldwide-destinations/shipping-to-canada,,,
mailing to canada from the us,Core,Parcel & courier,Canada,outbound-US,Commercial,2.5,2.75,1,0,5,1,Covered (hub only),/worldwide-destinations/shipping-to-canada,,,
whatnot shipping to canada from us,Core,Parcel & courier,Canada,outbound-US,Commercial,2.5,2.75,1,0,5,1,Covered (hub only),/worldwide-destinations/shipping-to-canada,,,
cost to ship to philippines from usa,Core,Cost & rates,Philippines,outbound-US,Commercial,2.5,2.75,1,0,5,1,Covered (hub only),/worldwide-destinations/shipping-to-philippines,,,
shipping charges from usa to uae,Core,Cost & rates,UAE,outbound-US,Commercial,2.5,2.75,1,0,5,1,Covered (hub only),/worldwide-destinations/shipping-to-uae,,,
international shipping barrels,Core,Parcel & courier,Any,unspecified,Commercial,2.5,2.75,1,0,5,1,Covered (hub only),/services/worldwide-shipping,,,
international shipping definition,Core,Parcel & courier,Any,unspecified,Commercial,2.5,2.75,1,0,5,1,Covered (hub only),/services/worldwide-shipping,,,
international shipping fee jpfans,Core,Parcel & courier,Any,unspecified,Commercial,2.5,2.75,1,0,5,1,Covered (hub only),/services/worldwide-shipping,,,
international shipping hub pitney bowes warehouse,Core,Parcel & courier,Any,unspecified,Commercial,2.5,2.75,1,0,5,1,Covered (hub only),/services/worldwide-shipping,,,
international shipping icon,Core,Parcel & courier,Any,unspecified,Commercial,2.5,2.75,1,0,5,1,Covered (hub only),/services/worldwide-shipping,,,
international shipping kolkata,Core,Parcel & courier,India,unspecified,Commercial,2.5,2.75,1,0,5,1,Covered (hub only),/worldwide-destinations/shipping-to-india,,,
international shipping logistics inc,Core,Parcel & courier,Any,unspecified,Commercial,2.5,2.75,1,0,5,1,Covered (hub only),/services/worldwide-shipping,,,
international shipping time,Core,Parcel & courier,Any,unspecified,Commercial,2.5,2.75,1,0,5,1,Covered (hub only),/services/worldwide-shipping,,,
international shipping usa,Core,Parcel & courier,Any,unspecified,Commercial,2.5,2.75,1,0,5,1,Covered (hub only),/services/worldwide-shipping,,,
international shipping vacancies,Core,Parcel & courier,Any,unspecified,Commercial,2.5,2.75,1,0,5,1,Covered (hub only),/services/worldwide-shipping,,,
international shipping whatnot,Core,Parcel & courier,Any,unspecified,Commercial,2.5,2.75,1,0,5,1,Covered (hub only),/services/worldwide-shipping,,,
xpo international.shipping,Core,Parcel & courier,Any,unspecified,Commercial,2.5,2.75,1,0,5,1,Covered (hub only),/services/worldwide-shipping,,,
international shipping zara,Core,Parcel & courier,Any,unspecified,Commercial,2.5,2.75,1,0,5,1,Covered (hub only),/services/worldwide-shipping,,,
international movers australia,Core,Moving & relocation,Australia,unspecified,Commercial,2.5,2.75,1,0,5,1,Covered (hub only),/worldwide-moving/moving-to-australia,,,
international movers bangkok,Core,Moving & relocation,Any,unspecified,Commercial,2.5,2.75,1,0,5,1,Covered (hub only),/services/reliable-international-relocation-services,,,
international movers doha,Core,Moving & relocation,Any,unspecified,Commercial,2.5,2.75,1,0,5,1,Covered (hub only),/services/reliable-international-relocation-services,,,
international moving expert reviews,Core,Moving & relocation,Any,unspecified,Commercial,2.5,2.75,1,0,5,1,Covered (hub only),/services/reliable-international-relocation-services,,,
international movers glasgow,Core,Moving & relocation,Any,unspecified,Commercial,2.5,2.75,1,0,5,1,Covered (hub only),/services/reliable-international-relocation-services,,,
international moving house,Core,Moving & relocation,Any,unspecified,Commercial,2.5,2.75,1,0,5,1,Covered (hub only),/services/reliable-international-relocation-services,,,
international movers in oman,Core,Moving & relocation,Any,unspecified,Commercial,2.5,2.75,1,0,5,1,Covered (hub only),/services/reliable-international-relocation-services,,,
worldwide movers juneau,Core,Moving & relocation,Any,unspecified,Commercial,2.5,2.75,1,0,5,1,Covered (hub only),/services/reliable-international-relocation-services,,,
worldwide movers kodiak,Core,Moving & relocation,Any,unspecified,Commercial,2.5,2.75,1,0,5,1,Covered (hub only),/services/reliable-international-relocation-services,,,
international moving leads,Core,Moving & relocation,Any,unspecified,Commercial,2.5,2.75,1,0,5,1,Covered (hub only),/services/reliable-international-relocation-services,,,
international market movers,Core,Moving & relocation,Any,unspecified,Commercial,2.5,2.75,1,0,5,1,Covered (hub only),/services/reliable-international-relocation-services,,,
international moving ottawa,Core,Moving & relocation,Any,unspecified,Commercial,2.5,2.75,1,0,5,1,Covered (hub only),/services/reliable-international-relocation-services,,,
international movers price,Core,Moving & relocation,Any,unspecified,Commercial,2.5,2.75,1,0,5,1,Covered (hub only),/services/reliable-international-relocation-services,,,
delight international movers qatar,Core,Moving & relocation,Any,unspecified,Commercial,2.5,2.75,1,0,5,1,Covered (hub only),/services/reliable-international-relocation-services,,,
international moving rates,Core,Moving & relocation,Any,unspecified,Commercial,2.5,2.75,1,0,5,1,Covered (hub only),/services/reliable-international-relocation-services,,,
international movers seattle,Core,Moving & relocation,Any,unspecified,Commercial,2.5,2.75,1,0,5,1,Covered (hub only),/services/reliable-international-relocation-services,,,
international movers usa to india,Core,Moving & relocation,India,outbound-US,Commercial,2.5,2.75,1,0,5,1,Covered (hub only),/worldwide-moving/moving-to-india,,/en-in/services/international-shipping-from-india,
international moving van rental,Core,Moving & relocation,Any,unspecified,Commercial,2.5,2.75,1,0,5,1,Covered (hub only),/services/reliable-international-relocation-services,,,
international moving & warehouse,Core,Moving & relocation,Any,unspecified,Commercial,2.5,2.75,1,0,5,1,Covered (hub only),/services/reliable-international-relocation-services,,,
international movers network new york,Core,Moving & relocation,US-domestic,unspecified,Commercial,2.5,2.75,1,0,5,1,Covered (hub only),/services/cheapest-domestic-relocation-services,,,
package forwarding canada to australia,Core,Package forwarding,Australia,unspecified,Commercial,2.5,2.75,1,0,5,1,Covered (hub only),/shop-us-stores-ship-worldwide,,,
package forwarding from japan,Core,Package forwarding,Japan,unspecified,Commercial,2.5,2.75,1,0,5,1,Covered (hub only),/shop-us-stores-ship-worldwide,,,
package forwarding in the us,Core,Package forwarding,Any,unspecified,Commercial,2.5,2.75,1,0,5,1,Covered (hub only),/shop-us-stores-ship-worldwide,,,
package forwarding to australia,Core,Package forwarding,Australia,unspecified,Commercial,2.5,2.75,1,0,5,1,Covered (hub only),/shop-us-stores-ship-worldwide,,,
package forwarding us to australia,Core,Package forwarding,Australia,outbound-US,Commercial,2.5,2.75,1,0,5,1,Covered (hub only),/shop-us-stores-ship-worldwide,,,
cheapest way to ship from us to canada,Core,Cost & rates,Canada,outbound-US,Commercial,2.5,2.75,1,0,5,1,Covered (hub only),/worldwide-destinations/shipping-to-canada,,,/blog/cheapest-way-to-ship-from-usa-to-australia
cheapest way to ship to australia,Core,Cost & rates,Australia,unspecified,Commercial,2.5,2.75,1,0,5,1,Covered (hub only),/worldwide-destinations/shipping-to-australia,,,/blog/cheapest-way-to-ship-from-usa-to-australia
how to send courier from india to usa,Secondary (en-in),Parcel & courier,India,inbound-US,Informational,5.7,2.74,3,0,4,3,Covered (specific page),/en-in/services/international-shipping-from-india,,/en-in/faq/faqs-about-food-courier-service-from-india-to-usa,
courier service to dubai near me,Core,Parcel & courier,UAE,unspecified,Transactional,2.1,2.73,1,0,7,1,Covered (hub only),/worldwide-destinations/shipping-to-uae,,,
shipping to mexico from us near me,Core,Parcel & courier,Mexico,outbound-US,Transactional,2.1,2.73,1,0,7,1,Covered (hub only),/worldwide-destinations/shipping-to-mexico,,,
cheapest shipping company to jamaica from usa,Core,Cost & rates,Jamaica,outbound-US,Transactional,2.1,2.73,1,0,7,1,Covered (hub only),/worldwide-destinations/shipping-to-jamaica,,,
international shipping company to jamaica,Core,Parcel & courier,Jamaica,unspecified,Transactional,2.1,2.73,1,0,7,1,Covered (hub only),/worldwide-destinations/shipping-to-jamaica,,,
international shipping calculator buyee,Core,Cost & rates,Any,unspecified,Transactional,2.1,2.73,1,0,7,1,Covered (hub only),/services/worldwide-shipping,,,
international shipping insurance companies,Core,Parcel & courier,Any,unspecified,Transactional,2.1,2.73,1,0,7,1,Covered (hub only),/services/worldwide-shipping,,,
international movers shipping company,Core,Moving & relocation,Any,unspecified,Transactional,2.1,2.73,1,0,7,1,Covered (hub only),/services/reliable-international-relocation-services,,,
car shipping broker,Secondary,Car shipping,Any,unspecified,Commercial,3.3,2.72,1,0,1,1,Gap (no page),,no international car page,,
car shipping denver,Secondary,Car shipping,Any,unspecified,Commercial,3.3,2.72,1,0,1,1,Gap (no page),,no international car page,,
car shipping georgia,Secondary,Car shipping,Any,unspecified,Commercial,3.3,2.72,1,0,1,1,Gap (no page),,no international car page,,
car shipping jacksonville fl,Secondary,Car shipping,Any,unspecified,Commercial,3.3,2.72,1,0,1,1,Gap (no page),,no international car page,,
car shipping kings,Secondary,Car shipping,Any,unspecified,Commercial,3.3,2.72,1,0,1,1,Gap (no page),,no international car page,,
car shipping las vegas,Secondary,Car shipping,Any,unspecified,Commercial,3.3,2.72,1,0,1,1,Gap (no page),,no international car page,,
car shipping military,Secondary,Car shipping,Any,unspecified,Commercial,3.3,2.72,1,0,1,1,Gap (no page),,no international car page,,
car shipping options,Secondary,Car shipping,Any,unspecified,Commercial,3.3,2.72,1,0,1,1,Gap (no page),,no international car page,,
car shipping prices,Secondary,Car shipping,Any,unspecified,Commercial,3.3,2.72,1,0,1,1,Gap (no page),,no international car page,,
car shipping to hawaii,Secondary,Car shipping,Any,unspecified,Commercial,3.3,2.72,1,0,1,1,Gap (no page),,no international car page,,
car shipping us,Secondary,Car shipping,Any,unspecified,Commercial,3.3,2.72,1,0,1,1,Gap (no page),,no international car page,,
car shipping vessel,Secondary,Car shipping,Any,unspecified,Commercial,3.3,2.72,1,0,1,1,Gap (no page),,no international car page,,
car shipping yard,Secondary,Car shipping,Any,unspecified,Commercial,3.3,2.72,1,0,1,1,Gap (no page),,no international car page,,
how does package forwarding work,Core,Package forwarding,Any,unspecified,Informational,3.4,2.72,2,0,8,2,Covered (hub only),/shop-us-stores-ship-worldwide,,,
moving to texas from oregon,Secondary,Moving & relocation,US-domestic,domestic-US,Commercial,4.1,2.71,0,1,2,1,Covered (hub only),/services/cheapest-domestic-relocation-services,,,
moving from california to texas dmv,Secondary,Moving & relocation,US-domestic,domestic-US,Commercial,4.1,2.71,0,1,2,1,Covered (hub only),/services/cheapest-domestic-relocation-services,,/blog/moving-from-california-to-texas-checklist,
ship household goods across country,Secondary,Moving & relocation,Any,domestic-US,Commercial,4.1,2.71,0,1,2,1,Covered (hub only),/services/cheapest-domestic-relocation-services,,,
how much to ship a car from usa to nz,Core,Car shipping,New Zealand,outbound-US,Informational,2.7,2.7,1,0,4,1,Gap (no page),,no international car page,,
how to move to uae from us,Core,Moving & relocation,UAE,outbound-US,Informational,2.7,2.7,1,0,4,1,Gap (no page),,no moving page for this country,,
can an american move to nigeria,Core,Moving & relocation,Nigeria,unspecified,Informational,2.7,2.7,1,0,4,1,Gap (no page),,no moving page for this country,,
how much does it cost to ship a car from us to nigeria,Core,Car shipping,Nigeria,outbound-US,Informational,2.7,2.7,1,0,4,1,Lost (page deleted),,no international car page,,/blog/how-can-i-reduce-the-cost-of-shipping-to-nigeria
can i move to ghana from usa,Core,Moving & relocation,Ghana,outbound-US,Informational,2.7,2.7,1,0,4,1,Gap (no page),,no moving page for this country,,
can i move to south africa from usa,Core,Moving & relocation,South Africa,outbound-US,Informational,2.7,2.7,1,0,4,1,Gap (no page),,no moving page for this country,,
how to ship a car from usa to south africa,Core,Car shipping,South Africa,outbound-US,Informational,2.7,2.7,1,0,4,1,Gap (no page),,no international car page,,
how to ship car to philippines from usa,Core,Car shipping,Philippines,outbound-US,Informational,2.7,2.7,1,0,4,1,Gap (no page),,no international car page,,
should i move to singapore from usa,Core,Moving & relocation,Singapore,outbound-US,Informational,2.7,2.7,1,0,4,1,Gap (no page),,no moving page for this country,,
how to ship a car from usa to mexico,Core,Car shipping,Mexico,outbound-US,Informational,2.7,2.7,1,0,4,1,Gap (no page),,no international car page,,
how long does dhl take to deliver to jamaica,Core,Transit time,Jamaica,unspecified,Carrier-brand,2.7,2.7,1,0,4,1,Covered (hub only),/carriers/shipping-with-dhl,,,
fedex shipping to haiti,Core,Parcel & courier,Haiti,unspecified,Carrier-brand,2.7,2.7,0,1,9,1,Covered (hub only),/carriers/shipping-with-fedex,,,
usps shipping to switzerland from us,Core,Parcel & courier,Switzerland,outbound-US,Carrier-brand,2.7,2.7,1,0,4,1,Covered (hub only),/carriers/shipping-with-usps,,,
international shipping calculator fedex,Core,Cost & rates,Any,unspecified,Carrier-brand,2.7,2.7,1,0,4,1,Covered (hub only),/carriers/shipping-with-fedex,,,/blog/international-priority-shipping-with-fedex
dhl shipping from usa to australia,Core,Parcel & courier,Australia,outbound-US,Carrier-brand,2.7,2.7,1,0,4,1,Covered (hub only),/carriers/shipping-with-dhl,,,
ups international shipping cost,Core,Cost & rates,Any,unspecified,Carrier-brand,2.7,2.7,0,1,9,1,Covered (hub only),/carriers/shipping-with-ups,,,
fedex international shipping prohibited items,Core,Customs & rules,Any,unspecified,Carrier-brand,2.7,2.7,0,1,9,1,Covered (hub only),/carriers/shipping-with-fedex,,,
usps shipping from usa to nigeria,Core,Parcel & courier,Nigeria,outbound-US,Carrier-brand,2.7,2.7,1,0,4,1,Covered (hub only),/carriers/shipping-with-usps,,,
international shipping quote ups,Core,Cost & rates,Any,unspecified,Carrier-brand,2.7,2.7,1,0,4,1,Covered (hub only),/carriers/shipping-with-ups,,,
international shipping usps rates,Core,Cost & rates,Any,unspecified,Carrier-brand,2.7,2.7,1,0,4,1,Covered (hub only),/carriers/shipping-with-usps,,,
how much to ship car overseas,Core,Car shipping,Any,unspecified,Informational,2.7,2.7,1,0,4,1,Gap (no page),,no international car page,,
how to ship a car internationally,Core,Car shipping,Any,unspecified,Informational,2.7,2.7,1,0,4,1,Gap (no page),,no international car page,,
how much does it cost to ship envelope usps,Core,Cost & rates,Any,unspecified,Carrier-brand,2.7,2.7,1,0,4,1,Covered (hub only),/carriers/shipping-with-usps,,,
how much does it cost to ship fedex,Core,Cost & rates,Any,unspecified,Carrier-brand,2.7,2.7,1,0,4,1,Covered (hub only),/carriers/shipping-with-fedex,,,
how much does it cost to ship packages through usps,Core,Cost & rates,Any,unspecified,Carrier-brand,2.7,2.7,1,0,4,1,Covered (hub only),/carriers/shipping-with-usps,,,
how much does it cost to ship something through ups,Core,Cost & rates,Any,unspecified,Carrier-brand,2.7,2.7,1,0,4,1,Covered (hub only),/carriers/shipping-with-ups,,,
how much does it cost to ship usps ground advantage,Core,Cost & rates,Any,unspecified,Carrier-brand,2.7,2.7,1,0,4,1,Covered (hub only),/carriers/shipping-with-usps,,,
how much does it cost to ship via usps,Core,Cost & rates,Any,unspecified,Carrier-brand,2.7,2.7,1,0,4,1,Covered (hub only),/carriers/shipping-with-usps,,,
how long does it take to ship dhl express,Core,Transit time,Any,unspecified,Carrier-brand,2.7,2.7,1,0,4,1,Covered (hub only),/carriers/shipping-with-dhl,,,
how long does it take to ship usps priority mail,Core,Transit time,Any,unspecified,Carrier-brand,2.7,2.7,1,0,4,1,Covered (hub only),/carriers/shipping-with-usps,,,
cheapest way to ship jeans usps,Core,Cost & rates,Any,unspecified,Carrier-brand,2.7,2.7,1,0,4,1,Covered (hub only),/carriers/shipping-with-usps,,,
cheapest way to ship ups ground,Core,Cost & rates,Any,unspecified,Carrier-brand,2.7,2.7,1,0,4,1,Covered (hub only),/carriers/shipping-with-ups,,,
cheapest way to ship via usps,Core,Cost & rates,Any,unspecified,Carrier-brand,2.7,2.7,1,0,4,1,Covered (hub only),/carriers/shipping-with-usps,,,
shipping car from canada to india,Secondary (en-ca),Car shipping,Canada,other-origin,Commercial,3.9,2.68,0,1,3,1,Gap (no page),,no international car page,/en-in/worldwide-destinations/shipping-to-canada-from-india,
how to ship to ireland,Core,Parcel & courier,Ireland,unspecified,Informational,3.3,2.64,0,1,6,1,Covered (hub only),/worldwide-destinations/shipping-to-ireland,,,
how to freight household goods abroad,Core,Moving & relocation,Any,unspecified,Informational,3.3,2.64,0,1,6,1,Covered (hub only),/services/reliable-international-relocation-services,,,
how to ship furniture overseas for military,Core,Moving & relocation,Any,unspecified,Informational,3.3,2.64,0,1,6,1,Covered (hub only),/services/reliable-international-relocation-services,,,
shipping from india to usa tariff,Secondary (en-in),Parcel & courier,India,inbound-US,Commercial,4.0,2.64,2,0,5,2,Covered (hub only),/en-in/services/international-shipping-from-india,,,
parcel from canada to india,Secondary (en-ca),Parcel & courier,Canada,other-origin,Commercial,4.8,2.64,1,1,6,2,Covered (hub only),/worldwide-destinations/shipping-to-canada,,/en-in/worldwide-destinations/shipping-to-canada-from-india,
ship container to india from canada,Secondary (en-ca),Cargo & freight,Canada,other-origin,Commercial,4.8,2.64,2,0,1,2,Covered (hub only),/worldwide-destinations/shipping-to-canada,,/blog/container-shipping-cost-canada-to-india,
international shipping prohibited items,Core,Customs & rules,Any,unspecified,Informational,3.3,2.64,0,1,6,1,Covered (specific page),/services/worldwide-shipping,,/en-in/resources/prohibited-shipping-items,
fedex courier charges from india to usa by internationalcourier cc,Secondary (en-in),Cost & rates,India,inbound-US,Carrier-brand,4.4,2.64,2,0,3,2,Covered (hub only),/carriers/shipping-with-fedex,,/blog/usa-to-india-shipping-cost-per-kg,/blog/courier-charges-from-canada-to-india
courier charges from india to usa dhl,Secondary (en-in),Cost & rates,India,inbound-US,Carrier-brand,4.4,2.64,2,0,3,2,Covered (hub only),/carriers/shipping-with-dhl,,/blog/usa-to-india-shipping-cost-per-kg,/blog/courier-charges-from-canada-to-india
courier charges from india to usa india post,Secondary (en-in),Cost & rates,India,inbound-US,Commercial,4.0,2.64,2,0,5,2,Covered (hub only),/en-in/services/international-shipping-from-india,,/blog/usa-to-india-shipping-cost-per-kg,/blog/courier-charges-from-canada-to-india
can you ship to pakistan from usa,Core,Customs & rules,Pakistan,outbound-US,Informational,3.3,2.64,1,0,1,1,Covered (hub only),/worldwide-destinations/shipping-to-pakistan,,,
can you ship to uk from usa,Core,Customs & rules,UK,outbound-US,Informational,3.3,2.64,1,0,1,1,Covered (hub only),/worldwide-destinations/shipping-to-uk,,,
does bloomingdales ship to canada from usa,Core,Parcel & courier,Canada,outbound-US,Informational,3.3,2.64,1,0,1,1,Covered (hub only),/worldwide-destinations/shipping-to-canada,,,
how to ship to canada from usa,Core,Parcel & courier,Canada,outbound-US,Informational,3.3,2.64,1,0,1,1,Covered (hub only),/worldwide-destinations/shipping-to-canada,,,
does quince ship to canada from us,Core,Parcel & courier,Canada,outbound-US,Informational,3.3,2.64,1,0,1,1,Covered (hub only),/worldwide-destinations/shipping-to-canada,,,
how to ship to philippines from usa,Core,Parcel & courier,Philippines,outbound-US,Informational,3.3,2.64,1,0,1,1,Covered (hub only),/worldwide-destinations/shipping-to-philippines,,,
international shipping guidelines,Core,Parcel & courier,Any,unspecified,Informational,3.3,2.64,1,0,1,1,Covered (hub only),/services/worldwide-shipping,,,
how much does it cost to ship internationally,Core,Cost & rates,Any,unspecified,Informational,3.3,2.64,1,0,1,1,Covered (hub only),/services/worldwide-shipping,,,
how much does it cost to ship to canada,Core,Cost & rates,Canada,unspecified,Informational,3.3,2.64,1,0,1,1,Covered (specific page),/worldwide-destinations/shipping-to-canada,,/blog/how-much-does-it-cost-to-ship-from-the-us-to-canada-a-complete-breakdown,
how long does it take to ship internationally,Core,Transit time,Any,unspecified,Informational,3.3,2.64,1,0,1,1,Covered (hub only),/services/worldwide-shipping,,,
how long does it take to ship to canada,Core,Transit time,Canada,unspecified,Informational,3.3,2.64,1,0,1,1,Covered (hub only),/worldwide-destinations/shipping-to-canada,,,
atlantic courier price list from india to usa,Secondary (en-in),Cost & rates,India,inbound-US,Commercial,4.0,2.64,2,0,5,2,Covered (hub only),/en-in/services/international-shipping-from-india,,,
car shipping quote amerifreight,Secondary,Car shipping,Any,unspecified,Transactional,2.7,2.63,0,1,9,1,Gap (no page),,no international car page,,
car shipping places near me,Secondary,Car shipping,Any,unspecified,Transactional,2.7,2.63,1,0,4,1,Gap (no page),,no international car page,,
shipping charge from usa to bangladesh,Core,Parcel & courier,Bangladesh,outbound-US,Commercial,1.9,2.61,1,0,8,1,Gap (no page),,no page for this country,,
moving to london from us,Core,Moving & relocation,UK,outbound-US,Commercial,1.9,2.61,1,0,8,1,Gap (no page),,no moving page for this country,,
moving back to canada from us,Core,Moving & relocation,Canada,outbound-US,Commercial,1.9,2.61,1,0,8,1,Gap (no page),,no moving page for this country,,
moving to new zealand from us as a nurse,Core,Moving & relocation,New Zealand,outbound-US,Commercial,1.9,2.61,1,0,8,1,Gap (no page),,no moving page for this country,,
pros and cons of moving to dubai from usa,Core,Moving & relocation,UAE,outbound-US,Commercial,1.9,2.61,1,0,8,1,Gap (no page),,no moving page for this country,/blog/moving-to-ireland-from-us-pros-and-cons,
moving to france from us checklist,Core,Moving & relocation,France,outbound-US,Commercial,1.9,2.61,1,0,8,1,Gap (no page),,no moving page for this country,,
moving to italy from usa digital nomad,Core,Moving & relocation,Italy,outbound-US,Commercial,1.9,2.61,1,0,8,1,Gap (no page),,no moving page for this country,,
requirements to move to china from usa,Core,Moving & relocation,China,outbound-US,Commercial,1.9,2.61,1,0,8,1,Gap (no page),,no moving page for this country,,
moving to japan from us as a nurse,Core,Moving & relocation,Japan,outbound-US,Commercial,1.9,2.61,1,0,8,1,Gap (no page),,no moving page for this country,,
moving to mexico from us with kids,Core,Moving & relocation,Mexico,outbound-US,Commercial,1.9,2.61,1,0,8,1,Gap (no page),,no moving page for this country,,
moving to the netherlands from us with a dog,Core,Moving & relocation,Netherlands,outbound-US,Commercial,1.9,2.61,1,0,8,1,Gap (no page),,no moving page for this country,,
sea freight from usa to malaysia,Core,Cargo & freight,Any,outbound-US,Commercial,1.9,2.61,1,0,8,1,Gap (no page),,no US freight-forwarding page,,
shipping car from usa to nigeria cost,Core,Car shipping,Nigeria,outbound-US,Commercial,1.9,2.61,1,0,8,1,Lost (page deleted),,no international car page,,/blog/how-can-i-reduce-the-cost-of-shipping-to-nigeria
international shipping pallet requirements,Core,Cargo & freight,Any,unspecified,Commercial,1.9,2.61,1,0,8,1,Gap (no page),,no US freight-forwarding page,,
international movers in abu dhabi,Core,Moving & relocation,UAE,unspecified,Commercial,1.9,2.61,1,0,8,1,Gap (no page),,no moving page for this country,,
worldwide movers kenya ltd,Core,Moving & relocation,Kenya,unspecified,Commercial,1.9,2.61,1,0,8,1,Gap (no page),,no moving page for this country,,
international movers pakistan,Core,Moving & relocation,Pakistan,unspecified,Commercial,1.9,2.61,1,0,8,1,Gap (no page),,no moving page for this country,,
vega international car transport and logistic trading,Core,Car shipping,Any,unspecified,Commercial,1.9,2.61,1,0,8,1,Gap (no page),,no international car page,,
vega international car transport rheine,Core,Car shipping,Any,unspecified,Commercial,1.9,2.61,1,0,8,1,Gap (no page),,no international car page,,
shipping to india from canada,Secondary (en-ca),Parcel & courier,Canada,other-origin,Commercial,4.7,2.59,1,1,4,1,Covered (hub only),/worldwide-destinations/shipping-to-canada,,/en-in/worldwide-destinations/shipping-to-canada-from-india,
car transport india to bangladesh,Secondary,Car shipping,Bangladesh,domestic-US,Commercial,3.9,2.57,0,1,3,1,Covered (hub only),/services/auto-transport,,,
moving from puerto rico to dominican republic,Secondary,Moving & relocation,Dominican Republic,domestic-US,Commercial,3.9,2.57,0,1,3,1,Covered (hub only),/services/cheapest-domestic-relocation-services,,,
cross country movers estimate,Secondary,Moving & relocation,Any,domestic-US,Commercial,3.9,2.57,0,1,3,1,Covered (hub only),/services/cheapest-domestic-relocation-services,,,
cross country movers instant quote,Secondary,Moving & relocation,Any,domestic-US,Transactional,3.3,2.57,0,1,6,1,Covered (hub only),/services/cheapest-domestic-relocation-services,,,
car shipping app,Secondary,Car shipping,Any,unspecified,Commercial,3.1,2.56,1,0,2,1,Gap (no page),,no international car page,,
car shipping dallas tx,Secondary,Car shipping,Any,unspecified,Commercial,3.1,2.56,1,0,2,1,Gap (no page),,no international car page,,
car shipping guys,Secondary,Car shipping,Any,unspecified,Commercial,3.1,2.56,1,0,2,1,Gap (no page),,no international car page,,
car shipping hawaii to mainland,Secondary,Car shipping,Any,unspecified,Commercial,3.1,2.56,1,0,2,1,Gap (no page),,no international car page,,
car shipping insurance,Secondary,Car shipping,Any,unspecified,Commercial,3.1,2.56,1,0,2,1,Gap (no page),,no international car page,,
car shipping kings reviews,Secondary,Car shipping,Any,unspecified,Commercial,3.1,2.56,1,0,2,1,Gap (no page),,no international car page,,
car shipping los angeles,Secondary,Car shipping,Any,unspecified,Commercial,3.1,2.56,1,0,2,1,Gap (no page),,no international car page,,
car shipping military discount,Secondary,Car shipping,Any,unspecified,Commercial,3.1,2.56,1,0,2,1,Gap (no page),,no international car page,,
car shipping places,Secondary,Car shipping,Any,unspecified,Commercial,3.1,2.56,1,0,2,1,Gap (no page),,no international car page,,
car shipping truck,Secondary,Car shipping,Any,unspecified,Commercial,3.1,2.56,1,0,2,1,Gap (no page),,no international car page,,
car shipping update,Secondary,Car shipping,Any,unspecified,Commercial,3.1,2.56,1,0,2,1,Gap (no page),,no international car page,,
car shipping websites,Secondary,Car shipping,Any,unspecified,Commercial,3.1,2.56,1,0,2,1,Gap (no page),,no international car page,,
car shipping yelp,Secondary,Car shipping,Any,unspecified,Commercial,3.1,2.56,1,0,2,1,Gap (no page),,no international car page,,
moving to india from usa shipping cost,Core,Moving & relocation,India,outbound-US,Commercial,2.3,2.53,1,0,6,1,Covered (hub only),/worldwide-moving/moving-to-india,,,/blog/what-is-the-cost-of-shipping-from-usa-to-india
moving to australia from usa as a doctor,Core,Moving & relocation,Australia,outbound-US,Commercial,2.3,2.53,1,0,6,1,Covered (hub only),/worldwide-moving/moving-to-australia,,,
sending package to dubai from usa,Core,Parcel & courier,UAE,outbound-US,Commercial,2.3,2.53,1,0,6,1,Covered (hub only),/worldwide-destinations/shipping-to-uae,,,
moving to germany from usa cost,Core,Moving & relocation,Germany,outbound-US,Commercial,2.3,2.53,1,0,6,1,Covered (hub only),/worldwide-moving/moving-to-germany,,,/blog/shipping-to-germany-from-usa-cost-breakdown
moving to cork ireland from usa,Core,Moving & relocation,Ireland,outbound-US,Commercial,2.3,2.53,1,0,6,1,Covered (hub only),/worldwide-moving/moving-to-ireland,,,
shipping to japan from us,Core,Parcel & courier,Japan,outbound-US,Commercial,2.3,2.53,1,0,6,1,Covered (hub only),/worldwide-destinations/shipping-to-japan,,,
shipping a generator to jamaica from usa,Core,Parcel & courier,Jamaica,outbound-US,Commercial,2.3,2.53,1,0,6,1,Covered (hub only),/worldwide-destinations/shipping-to-jamaica,,,
sending flowers to sweden from usa,Core,Parcel & courier,Sweden,outbound-US,Commercial,2.3,2.53,1,0,6,1,Covered (hub only),/worldwide-destinations/shipping-to-sweden,,,
benefits of moving to sweden from usa,Core,Moving & relocation,Sweden,outbound-US,Commercial,2.3,2.53,1,0,6,1,Covered (hub only),/worldwide-moving/moving-to-sweden,,,/blog/moving-to-sweden-from-usa-shipping-guide
moving to albinen switzerland from usa,Core,Moving & relocation,Switzerland,outbound-US,Commercial,2.3,2.53,1,0,6,1,Covered (hub only),/worldwide-moving/moving-to-switzerland,,,
rainier overseas movers inc,Core,Moving & relocation,Any,unspecified,Commercial,2.3,2.53,1,0,6,1,Covered (hub only),/services/reliable-international-relocation-services,,,
cost to ship household goods overseas,Core,Moving & relocation,Any,unspecified,Commercial,2.3,2.53,1,0,6,1,Covered (hub only),/services/reliable-international-relocation-services,,,
ship packages overseas,Core,Parcel & courier,Any,unspecified,Commercial,2.3,2.53,1,0,6,1,Covered (hub only),/services/worldwide-shipping,,,
ship furniture abroad,Core,Moving & relocation,Any,unspecified,Commercial,2.3,2.53,1,0,6,1,Covered (hub only),/services/reliable-international-relocation-services,,,
mailing luggage overseas,Core,Specific items,Any,unspecified,Commercial,2.3,2.53,1,0,6,1,Covered (hub only),/services/worldwide-shipping,,,
sea freight from usa to south africa,Core,Cargo & freight,South Africa,outbound-US,Commercial,2.3,2.53,1,0,6,1,Covered (hub only),/worldwide-destinations/shipping-to-south-africa,,,
shipping from canada to india cost,Secondary (en-ca),Cost & rates,Canada,other-origin,Commercial,4.6,2.53,2,0,2,2,Covered (hub only),/worldwide-destinations/shipping-to-canada,,/blog/container-shipping-cost-canada-to-india,
lcl shipping rates from china to india,Core,Cargo & freight,India,unspecified,Commercial,2.3,2.53,1,0,6,1,Covered (hub only),/worldwide-destinations/shipping-to-india,,,
ship bike to india from usa,Core,Parcel & courier,India,outbound-US,Commercial,2.3,2.53,1,0,6,1,Covered (hub only),/worldwide-destinations/shipping-to-india,,,
sending laptop to india from usa,Core,Specific items,India,outbound-US,Commercial,2.3,2.53,1,0,6,1,Covered (hub only),/worldwide-destinations/shipping-to-india,,,
pros and cons of moving to india from usa,Core,Moving & relocation,India,outbound-US,Commercial,2.3,2.53,1,0,6,1,Covered (hub only),/worldwide-moving/moving-to-india,,/blog/moving-to-ireland-from-us-pros-and-cons,
shipping barrel from usa to uk,Core,Parcel & courier,UK,outbound-US,Commercial,2.3,2.53,1,0,6,1,Covered (hub only),/worldwide-destinations/shipping-to-uk,,,
shipping golf clubs from usa to uk,Core,Parcel & courier,UK,outbound-US,Commercial,2.3,2.53,1,0,6,1,Covered (hub only),/worldwide-destinations/shipping-to-uk,,/blog/shipping-golf-clubs-a-comprehensive-guide,
shipping iphone from usa to uk,Core,Specific items,UK,outbound-US,Commercial,2.3,2.53,1,0,6,1,Covered (hub only),/worldwide-destinations/shipping-to-uk,,,
postage rates to uk from usa,Core,Cost & rates,UK,outbound-US,Commercial,2.3,2.53,1,0,6,1,Covered (hub only),/worldwide-destinations/shipping-to-uk,,,
shipping envelope to canada from us,Core,Parcel & courier,Canada,outbound-US,Commercial,2.3,2.53,1,0,6,1,Covered (hub only),/worldwide-destinations/shipping-to-canada,,,
shipping letter to canada from us,Core,Specific items,Canada,outbound-US,Commercial,2.3,2.53,1,0,6,1,Covered (hub only),/worldwide-destinations/shipping-to-canada,,,
overnight shipping to canada from us,Core,Parcel & courier,Canada,outbound-US,Commercial,2.3,2.53,1,0,6,1,Covered (hub only),/worldwide-destinations/shipping-to-canada,,,
shipping package to canada from us,Core,Parcel & courier,Canada,outbound-US,Commercial,2.3,2.53,1,0,6,1,Covered (hub only),/worldwide-destinations/shipping-to-canada,,,
shipping rates to canada from us,Core,Cost & rates,Canada,outbound-US,Commercial,2.3,2.53,1,0,6,1,Covered (hub only),/worldwide-destinations/shipping-to-canada,,,
shipping packages to canada from the us,Core,Parcel & courier,Canada,outbound-US,Commercial,2.3,2.53,1,0,6,1,Covered (hub only),/worldwide-destinations/shipping-to-canada,,,
grimaldi shipping schedule from usa to nigeria today,Core,Parcel & courier,Nigeria,outbound-US,Commercial,2.3,2.53,1,0,6,1,Covered (hub only),/worldwide-destinations/shipping-to-nigeria,,,
shipping phone from usa to ghana,Core,Specific items,Ghana,outbound-US,Commercial,2.3,2.53,1,0,6,1,Covered (hub only),/worldwide-destinations/shipping-to-ghana,,,
international shipping box sizes,Core,Parcel & courier,Any,unspecified,Commercial,2.3,2.53,1,0,6,1,Covered (hub only),/services/worldwide-shipping,,,
international shipping document requirements,Core,Customs & rules,Any,unspecified,Commercial,2.3,2.53,1,0,6,1,Covered (hub only),/services/worldwide-shipping,,,
international shipping form,Core,Parcel & courier,Any,unspecified,Commercial,2.3,2.53,1,0,6,1,Covered (hub only),/services/worldwide-shipping,,,
international shipping guyana inc,Core,Parcel & courier,Any,unspecified,Commercial,2.3,2.53,1,0,6,1,Covered (hub only),/services/worldwide-shipping,,,
international shipping hub,Core,Parcel & courier,Any,unspecified,Commercial,2.3,2.53,1,0,6,1,Covered (hub only),/services/worldwide-shipping,,,
international shipping incoterms,Core,Parcel & courier,Any,unspecified,Commercial,2.3,2.53,1,0,6,1,Covered (hub only),/services/worldwide-shipping,,,
international shipping japan post,Core,Parcel & courier,Japan,unspecified,Commercial,2.3,2.53,1,0,6,1,Covered (hub only),/worldwide-destinations/shipping-to-japan,,,
international shipping kochi,Core,Parcel & courier,Any,unspecified,Commercial,2.3,2.53,1,0,6,1,Covered (hub only),/services/worldwide-shipping,,,
international shipping llc,Core,Parcel & courier,Any,unspecified,Commercial,2.3,2.53,1,0,6,1,Covered (hub only),/services/worldwide-shipping,,,
international shipping malaysia,Core,Parcel & courier,Any,unspecified,Commercial,2.3,2.53,1,0,6,1,Covered (hub only),/services/worldwide-shipping,,,
international shipping paperwork,Core,Parcel & courier,Any,unspecified,Commercial,2.3,2.53,1,0,6,1,Covered (hub only),/services/worldwide-shipping,,,
international shipping specialist,Core,Parcel & courier,Any,unspecified,Commercial,2.3,2.53,1,0,6,1,Covered (hub only),/services/worldwide-shipping,,,
international shipping to canada,Core,Parcel & courier,Canada,unspecified,Commercial,2.3,2.53,1,0,6,1,Covered (hub only),/worldwide-destinations/shipping-to-canada,,/en-ca/services/international-shipping-from-canada,
international shipping us to uk,Core,Parcel & courier,UK,outbound-US,Commercial,2.3,2.53,1,0,6,1,Covered (hub only),/worldwide-destinations/shipping-to-uk,,,
international shipping v bentley,Core,Parcel & courier,Any,unspecified,Commercial,2.3,2.53,1,0,6,1,Covered (hub only),/services/worldwide-shipping,,,
xreal international shipping,Core,Parcel & courier,Any,unspecified,Commercial,2.3,2.53,1,0,6,1,Covered (hub only),/services/worldwide-shipping,,,
worldwide shipping yarn,Core,Parcel & courier,Any,unspecified,Commercial,2.3,2.53,1,0,6,1,Covered (hub only),/services/worldwide-shipping,,,
international zyn shipping,Core,Parcel & courier,Any,unspecified,Commercial,2.3,2.53,1,0,6,1,Covered (hub only),/services/worldwide-shipping,,,
international movers and packers hyderabad,Core,Moving & relocation,India,unspecified,Commercial,2.3,2.53,1,0,6,1,Covered (hub only),/worldwide-moving/moving-to-india,,,
international movers belgium,Core,Moving & relocation,Any,unspecified,Commercial,2.3,2.53,1,0,6,1,Covered (hub only),/services/reliable-international-relocation-services,,,
international moving europe,Core,Moving & relocation,Any,unspecified,Commercial,2.3,2.53,1,0,6,1,Covered (hub only),/services/reliable-international-relocation-services,,,
international movers geneva,Core,Moving & relocation,Any,unspecified,Commercial,2.3,2.53,1,0,6,1,Covered (hub only),/services/reliable-international-relocation-services,,,
international movers in los angeles,Core,Moving & relocation,Any,unspecified,Commercial,2.3,2.53,1,0,6,1,Covered (hub only),/services/reliable-international-relocation-services,,,
international moving leads providers,Core,Moving & relocation,Any,unspecified,Commercial,2.3,2.53,1,0,6,1,Covered (hub only),/services/reliable-international-relocation-services,,,
international movers portugal,Core,Moving & relocation,Any,unspecified,Commercial,2.3,2.53,1,0,6,1,Covered (hub only),/services/reliable-international-relocation-services,,,
delight international movers qatar reviews,Core,Moving & relocation,Any,unspecified,Commercial,2.3,2.53,1,0,6,1,Covered (hub only),/services/reliable-international-relocation-services,,,
international movers switzerland,Core,Moving & relocation,Switzerland,unspecified,Commercial,2.3,2.53,1,0,6,1,Covered (hub only),/worldwide-moving/moving-to-switzerland,,,
international movers thailand,Core,Moving & relocation,Any,unspecified,Commercial,2.3,2.53,1,0,6,1,Covered (hub only),/services/reliable-international-relocation-services,,,
international moving vancouver,Core,Moving & relocation,Any,unspecified,Commercial,2.3,2.53,1,0,6,1,Covered (hub only),/services/reliable-international-relocation-services,,,
international moving & warehouse co el paso,Core,Moving & relocation,Any,unspecified,Commercial,2.3,2.53,1,0,6,1,Covered (hub only),/services/reliable-international-relocation-services,,,
mayank domestic and international movers yelahanka,Core,Moving & relocation,Any,unspecified,Commercial,2.3,2.53,1,0,6,1,Covered (hub only),/services/reliable-international-relocation-services,,,
package forwarding in germany,Core,Package forwarding,Germany,unspecified,Commercial,2.3,2.53,1,0,6,1,Covered (hub only),/shop-us-stores-ship-worldwide,,,
package forwarding to india,Core,Package forwarding,India,unspecified,Commercial,2.3,2.53,1,0,6,1,Covered (hub only),/shop-us-stores-ship-worldwide,,/en-in/services/freight-forwarding-services-in-india,
package forwarding new zealand,Core,Package forwarding,New Zealand,unspecified,Commercial,2.3,2.53,1,0,6,1,Covered (hub only),/shop-us-stores-ship-worldwide,,,
cheapest way to ship us to uk,Core,Cost & rates,UK,outbound-US,Commercial,2.3,2.53,1,0,6,1,Covered (hub only),/worldwide-destinations/shipping-to-uk,,,/blog/cheapest-way-to-ship-from-usa-to-australia
cheapest way to ship to new zealand from usa,Core,Cost & rates,New Zealand,outbound-US,Commercial,2.3,2.53,1,0,6,1,Covered (hub only),/worldwide-destinations/shipping-to-new-zealand,,,
best way to ship to canada from us,Core,Parcel & courier,Canada,outbound-US,Commercial,2.3,2.53,1,0,6,1,Covered (hub only),/worldwide-destinations/shipping-to-canada,,,/blog/the-best-way-to-ship-to-canada-a-comprehensive-guide-for-individuals-and-businesses
shipping from india to usa stopped,Secondary (en-in),Parcel & courier,India,inbound-US,Commercial,3.8,2.51,2,0,6,2,Covered (hub only),/en-in/services/international-shipping-from-india,,,
international courier from india to usa tariff,Secondary (en-in),Parcel & courier,India,inbound-US,Commercial,3.8,2.51,2,0,6,2,Covered (hub only),/en-in/services/international-shipping-from-india,,/en-in/services/international-shipping-from-india,
blue dart courier from india to usa,Secondary (en-in),Parcel & courier,India,inbound-US,Commercial,3.8,2.51,2,0,6,2,Covered (hub only),/en-in/services/international-shipping-from-india,,,
dhl courier charge from bangladesh to usa,Core,Parcel & courier,Bangladesh,inbound-US,Carrier-brand,2.5,2.5,1,0,5,1,Covered (hub only),/carriers/shipping-with-dhl,,,
fedex shipping to uae,Core,Parcel & courier,UAE,unspecified,Carrier-brand,2.5,2.5,0,1,11,1,Covered (hub only),/carriers/shipping-with-fedex,,,
usps shipping to dubai,Core,Parcel & courier,UAE,unspecified,Carrier-brand,2.5,2.5,0,1,12,1,Covered (hub only),/carriers/shipping-with-usps,,,
dhl courier charges from dubai to usa,Core,Cost & rates,UAE,inbound-US,Carrier-brand,2.5,2.5,1,0,5,1,Covered (hub only),/carriers/shipping-with-dhl,,,
should i move to dubai from usa,Core,Moving & relocation,UAE,outbound-US,Informational,2.5,2.5,1,0,5,1,Gap (no page),,no moving page for this country,,
how to move to dubai permanently,Core,Moving & relocation,UAE,unspecified,Informational,2.5,2.5,0,1,10,1,Gap (no page),,no moving page for this country,,
why are people moving to dubai,Core,Moving & relocation,UAE,unspecified,Informational,2.5,2.5,0,1,14,1,Gap (no page),,no moving page for this country,,
how to relocate to dubai,Core,Moving & relocation,UAE,unspecified,Informational,2.5,2.5,0,1,15,1,Gap (no page),,no moving page for this country,,
usps shipping to saudi arabia,Core,Parcel & courier,Saudi Arabia,unspecified,Carrier-brand,2.5,2.5,0,1,11,1,Covered (hub only),/carriers/shipping-with-usps,,,
does usps ship to saudi arabia,Core,Parcel & courier,Saudi Arabia,unspecified,Carrier-brand,2.5,2.5,0,1,13,1,Covered (hub only),/carriers/shipping-with-usps,,,
does usps ship to nigeria,Core,Parcel & courier,Nigeria,unspecified,Carrier-brand,2.5,2.5,0,1,17,1,Covered (hub only),/carriers/shipping-with-usps,,,
how to relocate to ghana,Core,Moving & relocation,Ghana,unspecified,Informational,2.5,2.5,0,1,10,1,Gap (no page),,no moving page for this country,,
how long does it take to ship a car from us to ghana,Core,Car shipping,Ghana,outbound-US,Informational,2.5,2.5,1,0,5,1,Gap (no page),,no international car page,,
usps shipping to south africa,Core,Parcel & courier,South Africa,unspecified,Carrier-brand,2.5,2.5,0,1,12,1,Covered (hub only),/carriers/shipping-with-usps,,,
is it easy to move to south africa from usa,Core,Moving & relocation,South Africa,outbound-US,Informational,2.5,2.5,1,0,5,1,Gap (no page),,no moving page for this country,,
how much to ship a car to germany from usa,Core,Car shipping,Germany,outbound-US,Informational,2.5,2.5,1,0,5,1,Gap (no page),,no international car page,,
usps shipping to france,Core,Parcel & courier,France,unspecified,Carrier-brand,2.5,2.5,0,1,14,1,Covered (hub only),/carriers/shipping-with-usps,,,
usps mail to italy,Core,Parcel & courier,Italy,unspecified,Carrier-brand,2.5,2.5,0,1,12,1,Covered (hub only),/carriers/shipping-with-usps,,,
can i move to china from usa,Core,Moving & relocation,China,outbound-US,Informational,2.5,2.5,1,0,5,1,Gap (no page),,no moving page for this country,,
usps shipping to mexico,Core,Parcel & courier,Mexico,unspecified,Carrier-brand,2.5,2.5,0,1,17,1,Covered (hub only),/carriers/shipping-with-usps,,,
does usps deliver to jamaica,Core,Parcel & courier,Jamaica,unspecified,Carrier-brand,2.5,2.5,0,1,12,1,Covered (hub only),/carriers/shipping-with-usps,,,
how to move to jamaica from us,Core,Moving & relocation,Jamaica,outbound-US,Informational,2.5,2.5,1,0,5,1,Gap (no page),,no moving page for this country,,
does fedex ship to haiti,Core,Parcel & courier,Haiti,unspecified,Carrier-brand,2.5,2.5,0,1,17,1,Covered (hub only),/carriers/shipping-with-fedex,,,
dhl courier to usa,Core,Parcel & courier,Any,inbound-US,Carrier-brand,2.5,2.5,0,1,12,1,Covered (hub only),/carriers/shipping-with-dhl,,,
fedex shipping to brazil,Core,Parcel & courier,Brazil,unspecified,Carrier-brand,2.5,2.5,0,1,13,1,Covered (hub only),/carriers/shipping-with-fedex,,,
can you move to brazil from usa,Core,Moving & relocation,Brazil,outbound-US,Informational,2.5,2.5,1,0,5,1,Gap (no page),,no moving page for this country,,
usps international shipping phone number,Core,Specific items,Any,unspecified,Carrier-brand,2.5,2.5,0,1,14,1,Covered (hub only),/carriers/shipping-with-usps,,,
international shipping calculator dhl,Core,Cost & rates,Any,unspecified,Carrier-brand,2.5,2.5,1,0,5,1,Covered (hub only),/carriers/shipping-with-dhl,,,
fedex international shipping methods,Core,Parcel & courier,Any,unspecified,Carrier-brand,2.5,2.5,0,1,10,1,Covered (hub only),/carriers/shipping-with-fedex,,,/blog/international-priority-shipping-with-fedex
fedex international shipping label,Core,Parcel & courier,Any,unspecified,Carrier-brand,2.5,2.5,0,1,11,1,Covered (hub only),/carriers/shipping-with-fedex,,,/blog/international-priority-shipping-with-fedex
fedex international shipping times,Core,Parcel & courier,Any,unspecified,Carrier-brand,2.5,2.5,0,1,12,1,Covered (hub only),/carriers/shipping-with-fedex,,,/blog/international-priority-shipping-with-fedex
fedex international shipping support,Core,Parcel & courier,Any,unspecified,Carrier-brand,2.5,2.5,0,1,13,1,Covered (hub only),/carriers/shipping-with-fedex,,,/blog/international-priority-shipping-with-fedex
fedex international shipping estimate,Core,Cost & rates,Any,unspecified,Carrier-brand,2.5,2.5,0,1,14,1,Covered (hub only),/carriers/shipping-with-fedex,,,/blog/international-priority-shipping-with-fedex
dhl shipping from usa to kenya,Core,Parcel & courier,Kenya,outbound-US,Carrier-brand,2.5,2.5,1,0,5,1,Covered (hub only),/carriers/shipping-with-dhl,,,
ups international shipping services,Core,Parcel & courier,Any,unspecified,Carrier-brand,2.5,2.5,0,1,11,1,Covered (hub only),/carriers/shipping-with-ups,,/en-ca/services/international-shipping-from-canada,
ups international shipping methods,Core,Parcel & courier,Any,unspecified,Carrier-brand,2.5,2.5,0,1,13,1,Covered (hub only),/carriers/shipping-with-ups,,,
ups international shipping documents,Core,Customs & rules,Any,unspecified,Carrier-brand,2.5,2.5,0,1,14,1,Covered (hub only),/carriers/shipping-with-ups,,,
ups international shipping contact,Core,Parcel & courier,Any,unspecified,Carrier-brand,2.5,2.5,0,1,15,1,Covered (hub only),/carriers/shipping-with-ups,,,
usps international shipping customs form,Core,Customs & rules,Any,unspecified,Carrier-brand,2.5,2.5,0,1,10,1,Covered (hub only),/carriers/shipping-with-usps,,/blog/how-to-fill-out-a-customs-form-for-international-shipping,
usps international shipping form printable,Core,Parcel & courier,Any,unspecified,Carrier-brand,2.5,2.5,0,1,11,1,Covered (hub only),/carriers/shipping-with-usps,,,
usps international shipping rates calculator,Core,Cost & rates,Any,unspecified,Carrier-brand,2.5,2.5,0,1,12,1,Covered (hub only),/carriers/shipping-with-usps,,,
dhl ecommerce international shipping,Core,Business shipping,Any,unspecified,Carrier-brand,2.5,2.5,1,0,5,1,Covered (hub only),/carriers/shipping-with-dhl,,,
how long does it take to ship something usps,Core,Transit time,Any,unspecified,Carrier-brand,2.5,2.5,0,1,11,1,Covered (hub only),/carriers/shipping-with-usps,,,
how long does it take to ship something ups,Core,Transit time,Any,unspecified,Carrier-brand,2.5,2.5,0,1,13,1,Covered (hub only),/carriers/shipping-with-ups,,,
international shipping estimate usps,Core,Cost & rates,Any,unspecified,Carrier-brand,2.5,2.5,1,0,5,1,Covered (hub only),/carriers/shipping-with-usps,,,
international shipping quote fedex,Core,Cost & rates,Any,unspecified,Carrier-brand,2.5,2.5,1,0,5,1,Covered (hub only),/carriers/shipping-with-fedex,,,/blog/international-priority-shipping-with-fedex
international shipping rates ups,Core,Cost & rates,Any,unspecified,Carrier-brand,2.5,2.5,1,0,5,1,Covered (hub only),/carriers/shipping-with-ups,,,
how much does it cost to ship items through usps,Core,Cost & rates,Any,unspecified,Carrier-brand,2.5,2.5,1,0,5,1,Covered (hub only),/carriers/shipping-with-usps,,,
how much does it cost to ship usps flat rate boxes,Core,Cost & rates,Any,unspecified,Carrier-brand,2.5,2.5,1,0,5,1,Covered (hub only),/carriers/shipping-with-usps,,/blog/flat-rate-shipping-what-are-usps-flat-rate-boxes,
how long does it take to ship usps ground advantage,Core,Transit time,Any,unspecified,Carrier-brand,2.5,2.5,1,0,5,1,Covered (hub only),/carriers/shipping-with-usps,,,
how long does it take to ship with usps,Core,Transit time,Any,unspecified,Carrier-brand,2.5,2.5,1,0,5,1,Covered (hub only),/carriers/shipping-with-usps,,,
cheapest way to ship usps ground advantage,Core,Cost & rates,Any,unspecified,Carrier-brand,2.5,2.5,1,0,5,1,Covered (hub only),/carriers/shipping-with-usps,,,
cheapest way to ship with ups,Core,Cost & rates,Any,unspecified,Carrier-brand,2.5,2.5,1,0,5,1,Covered (hub only),/carriers/shipping-with-ups,,,/blog/cheapest-way-to-ship-from-usa-to-australia
best way to ship usps ground advantage,Core,Parcel & courier,Any,unspecified,Carrier-brand,2.5,2.5,1,0,5,1,Covered (hub only),/carriers/shipping-with-usps,,,
can i ship to canada with usps,Core,Customs & rules,Canada,unspecified,Carrier-brand,2.5,2.5,1,0,5,1,Covered (hub only),/carriers/shipping-with-usps,,,
how to move to australia from pakistan,Core,Moving & relocation,Australia,unspecified,Informational,3.1,2.48,0,1,7,1,Covered (hub only),/worldwide-moving/moving-to-australia,,,
how much to ship a car to new zealand from usa,Core,Car shipping,New Zealand,outbound-US,Informational,3.1,2.48,1,0,2,1,Covered (specific page),,no international car page,/blog/shipping-a-car-to-new-zealand-from-usa,
how to ship to dubai,Core,Parcel & courier,UAE,unspecified,Informational,3.1,2.48,0,1,7,1,Covered (hub only),/worldwide-destinations/shipping-to-uae,,,
how much does it cost to ship a car to ghana from usa,Core,Car shipping,Ghana,outbound-US,Informational,3.1,2.48,1,0,2,1,Covered (specific page),,no international car page,/blog/shipping-car-to-ghana-from-usa-cost-and-process,
how to mail from us to philippines,Core,Parcel & courier,Philippines,outbound-US,Informational,3.1,2.48,0,1,7,1,Covered (hub only),/worldwide-destinations/shipping-to-philippines,,,
cheap international shipping from canada,Secondary (en-ca),Cost & rates,Canada,other-origin,Commercial,4.5,2.48,1,1,5,1,Covered (hub only),/worldwide-destinations/shipping-to-canada,,/en-ca/services/international-shipping-from-canada,
what stores ship internationally,Core,Parcel & courier,Any,unspecified,Informational,3.1,2.48,1,0,2,1,Covered (hub only),/services/worldwide-shipping,,,
how to ship furniture overseas with insurance,Core,Moving & relocation,Any,unspecified,Informational,3.1,2.48,0,1,7,1,Covered (hub only),/services/reliable-international-relocation-services,,,
international shipping ecommerce tips,Core,Business shipping,Any,unspecified,Informational,3.1,2.48,0,1,7,1,Covered (hub only),/shipping-for-small-business,,,
prohibited items shipping to canada,Core,Customs & rules,Canada,unspecified,Informational,3.1,2.48,1,0,2,1,Covered (specific page),/worldwide-destinations/shipping-to-canada,,/en-ca/resources/prohibited-shipping-items,
is it worth moving to india from usa,Core,Moving & relocation,India,outbound-US,Informational,3.1,2.48,1,0,2,1,Covered (specific page),/worldwide-moving/moving-to-india,,/blog/is-it-worth-moving-to-usa-from-india,
can i ship to canada from usa,Core,Customs & rules,Canada,outbound-US,Informational,3.1,2.48,1,0,2,1,Covered (hub only),/worldwide-destinations/shipping-to-canada,,,
how long does it take to ship to australia,Core,Transit time,Australia,unspecified,Informational,3.1,2.48,1,0,2,1,Covered (hub only),/worldwide-destinations/shipping-to-australia,,,/blog/how-long-does-it-take-to-ship-from-usa-to-australia
barrel shipping company to jamaica from usa,Core,Parcel & courier,Jamaica,outbound-US,Transactional,1.9,2.47,1,0,8,1,Covered (hub only),/worldwide-destinations/shipping-to-jamaica,,,
international shipping company in philadelphia,Core,Parcel & courier,Any,unspecified,Transactional,1.9,2.47,1,0,8,1,Covered (hub only),/services/worldwide-shipping,,,
international shipping calculator auspost,Core,Cost & rates,Any,unspecified,Transactional,1.9,2.47,1,0,8,1,Covered (hub only),/services/worldwide-shipping,,,
best courier service to india from usa,Core,Parcel & courier,India,outbound-US,Transactional,1.9,2.47,1,0,8,1,Covered (hub only),/worldwide-destinations/shipping-to-india,,/en-in/faq/usa-courier-service,
international shipping agents near me,Core,Parcel & courier,Any,unspecified,Transactional,1.9,2.47,1,0,8,1,Covered (hub only),/services/worldwide-shipping,,,
international shipping boxes near me,Core,Specific items,Any,unspecified,Transactional,1.9,2.47,1,0,8,1,Covered (hub only),/services/worldwide-shipping,,,
international shipping store near me,Core,Parcel & courier,Any,unspecified,Transactional,1.9,2.47,1,0,8,1,Covered (hub only),/services/worldwide-shipping,,,
international overseas moving companies,Core,Moving & relocation,Any,unspecified,Transactional,1.9,2.47,1,0,8,1,Covered (hub only),/services/reliable-international-relocation-services,,,
international moving company qatar,Core,Moving & relocation,Any,unspecified,Transactional,1.9,2.47,1,0,8,1,Covered (hub only),/services/reliable-international-relocation-services,,,
car shipping companies in dubai,Secondary,Car shipping,UAE,unspecified,Transactional,2.5,2.44,0,1,17,1,Gap (no page),,no international car page,,
car shipping companies saudi arabia,Secondary,Car shipping,Saudi Arabia,unspecified,Transactional,2.5,2.44,0,1,13,1,Gap (no page),,no international car page,,
car shipping companies in netherlands,Secondary,Car shipping,Netherlands,unspecified,Transactional,2.5,2.44,0,1,11,1,Gap (no page),,no international car page,,
car shipping companies san francisco,Secondary,Car shipping,Any,unspecified,Transactional,2.5,2.44,0,1,11,1,Gap (no page),,no international car page,,
car shipping services quotes,Secondary,Car shipping,Any,unspecified,Transactional,2.5,2.44,0,1,13,1,Gap (no page),,no international car page,,
car shipping company reviews,Secondary,Car shipping,Any,unspecified,Transactional,2.5,2.44,0,1,18,1,Gap (no page),,no international car page,,
car shipping services near me,Secondary,Car shipping,Any,unspecified,Transactional,2.5,2.44,0,1,22,1,Gap (no page),,no international car page,,
cross country movers florida,Secondary,Moving & relocation,US-domestic,domestic-US,Commercial,3.7,2.44,1,1,9,1,Covered (hub only),/services/cheapest-domestic-relocation-services,,,
moving to texas from nj,Secondary,Moving & relocation,US-domestic,domestic-US,Commercial,3.7,2.44,0,1,4,1,Covered (hub only),/services/cheapest-domestic-relocation-services,,,
moving from texas to new york advice,Secondary,Moving & relocation,US-domestic,domestic-US,Commercial,3.7,2.44,0,1,4,1,Covered (hub only),/services/cheapest-domestic-relocation-services,,/blog/moving-from-new-york-to-texas-cost-and-tips-guide,
ship route from india to usa,Secondary (en-in),Parcel & courier,India,inbound-US,Commercial,3.7,2.44,0,1,4,1,Covered (hub only),/en-in/services/international-shipping-from-india,,,
car shipping calculator international,Core,Car shipping,Any,unspecified,Transactional,1.5,2.44,1,0,10,1,Lost (page deleted),,no international car page,,/blog/international-car-shipping-from-usa
car shipping calculator,Secondary,Car shipping,Any,unspecified,Transactional,2.5,2.44,1,0,5,1,Gap (no page),,no international car page,,
cheapest way to ship internationally from canada,Secondary (en-ca),Cost & rates,Canada,other-origin,Commercial,4.4,2.42,2,0,3,2,Covered (hub only),/worldwide-destinations/shipping-to-canada,,,
shipping car from canada to new zealand,Secondary (en-ca),Car shipping,New Zealand,other-origin,Commercial,3.5,2.41,0,1,5,1,Gap (no page),,no international car page,/blog/shipping-a-car-to-new-zealand-from-usa,
car shipping cost in pakistan,Secondary,Car shipping,Pakistan,unspecified,Commercial,2.9,2.39,0,1,8,1,Gap (no page),,no international car page,,
car shipping amtrak,Secondary,Car shipping,Any,unspecified,Commercial,2.9,2.39,1,0,3,1,Gap (no page),,no international car page,,
car shipping detroit mi,Secondary,Car shipping,Any,unspecified,Commercial,2.9,2.39,1,0,3,1,Gap (no page),,no international car page,,
car shipping express,Secondary,Car shipping,Any,unspecified,Commercial,2.9,2.39,1,0,3,1,Gap (no page),,no international car page,,
car shipping from alaska,Secondary,Car shipping,Any,unspecified,Commercial,2.9,2.39,1,0,3,1,Gap (no page),,no international car page,,
car shipping guaranteed pickup date,Secondary,Car shipping,Any,unspecified,Commercial,2.9,2.39,1,0,3,1,Gap (no page),,no international car page,,
car shipping hawaii reviews,Secondary,Car shipping,Any,unspecified,Commercial,2.9,2.39,1,0,3,1,Gap (no page),,no international car page,,
car shipping kings inc reviews,Secondary,Car shipping,Any,unspecified,Commercial,2.9,2.39,1,0,3,1,Gap (no page),,no international car page,,
car shipping load boards,Secondary,Car shipping,Any,unspecified,Commercial,2.9,2.39,1,0,3,1,Gap (no page),,no international car page,,
car shipping nexus,Secondary,Car shipping,Any,unspecified,Commercial,2.9,2.39,1,0,3,1,Gap (no page),,no international car page,,
car shipping phoenix az,Secondary,Car shipping,Any,unspecified,Commercial,2.9,2.39,1,0,3,1,Gap (no page),,no international car page,,
car shipping reviews,Secondary,Car shipping,Any,unspecified,Commercial,2.9,2.39,1,0,3,1,Gap (no page),,no international car page,,
car shipping to alaska,Secondary,Car shipping,Any,unspecified,Commercial,2.9,2.39,1,0,3,1,Gap (no page),,no international car page,,
car shipping vancouver to toronto,Secondary,Car shipping,Any,unspecified,Commercial,2.9,2.39,1,0,3,1,Gap (no page),,no international car page,,
car shipping with stuff inside,Secondary,Car shipping,Any,unspecified,Commercial,2.9,2.39,1,0,3,1,Gap (no page),,no international car page,,
xpress car shipping,Secondary,Car shipping,Any,unspecified,Commercial,2.9,2.39,1,0,3,1,Gap (no page),,no international car page,,
courier delivery from india to usa,Secondary (en-in),Parcel & courier,India,inbound-US,Commercial,3.6,2.38,2,0,7,2,Covered (hub only),/en-in/services/international-shipping-from-india,,,
courier fees from india to usa,Secondary (en-in),Parcel & courier,India,inbound-US,Commercial,3.6,2.38,2,0,7,2,Covered (hub only),/en-in/services/international-shipping-from-india,,,
best international courier from india to usa,Secondary (en-in),Parcel & courier,India,inbound-US,Commercial,3.6,2.38,2,0,7,2,Covered (hub only),/en-in/services/international-shipping-from-india,,/en-in/services/international-shipping-from-india,
document courier from india to usa price,Secondary (en-in),Customs & rules,India,inbound-US,Commercial,3.6,2.38,2,0,7,2,Covered (hub only),/en-in/services/international-shipping-from-india,,,
food items courier from india to usa,Secondary (en-in),Specific items,India,inbound-US,Commercial,3.6,2.38,2,0,7,2,Covered (hub only),/en-in/services/international-shipping-from-india,,/blog/shipping-food-items-from-india-to-usa,
cheapest shipping from canada to india,Secondary (en-ca),Cost & rates,Canada,other-origin,Commercial,4.3,2.37,1,1,6,1,Covered (hub only),/worldwide-destinations/shipping-to-canada,,/en-ca/worldwide-destinations/shipping-to-india-from-canada,
toyota moving to canada from usa,Core,Moving & relocation,Canada,outbound-US,Commercial,1.7,2.34,1,0,9,1,Gap (no page),,no moving page for this country,,
moving to new zealand from us as a doctor,Core,Moving & relocation,New Zealand,outbound-US,Commercial,1.7,2.34,1,0,9,1,Gap (no page),,no moving page for this country,,
indians moving from usa to dubai,Core,Moving & relocation,UAE,outbound-US,Commercial,1.7,2.34,1,0,9,1,Gap (no page),,no moving page for this country,,
pros and cons of moving to the philippines from usa,Core,Moving & relocation,Philippines,outbound-US,Commercial,1.7,2.34,1,0,9,1,Gap (no page),,no moving page for this country,/blog/moving-to-ireland-from-us-pros-and-cons,
moving to france from us taxes,Core,Moving & relocation,France,outbound-US,Commercial,1.7,2.34,1,0,9,1,Gap (no page),,no moving page for this country,,
move to italy from usa get paid,Core,Moving & relocation,Italy,outbound-US,Commercial,1.7,2.34,1,0,9,1,Gap (no page),,no moving page for this country,,
moving to japan from us with cats,Core,Moving & relocation,Japan,outbound-US,Commercial,1.7,2.34,1,0,9,1,Gap (no page),,no moving page for this country,,
moving to mexico from us as a mexican citizen,Core,Moving & relocation,Mexico,outbound-US,Commercial,1.7,2.34,1,0,9,1,Gap (no page),,no moving page for this country,,
i regret moving to the netherlands from us,Core,Moving & relocation,Netherlands,outbound-US,Commercial,1.7,2.34,1,0,9,1,Gap (no page),,no moving page for this country,,
shipping a car to canada from the us,Core,Car shipping,Canada,outbound-US,Commercial,1.7,2.34,1,0,9,1,Gap (no page),,no international car page,/blog/shipping-a-car-from-canada-to-the-us-what-you-need-to-know,
international freight zero rated,Core,Cargo & freight,Any,unspecified,Commercial,1.7,2.34,1,0,9,1,Gap (no page),,no US freight-forwarding page,,
international movers and packers dubai,Core,Moving & relocation,UAE,unspecified,Commercial,1.7,2.34,1,0,9,1,Gap (no page),,no moving page for this country,,
international moving dubai,Core,Moving & relocation,UAE,unspecified,Commercial,1.7,2.34,1,0,9,1,Gap (no page),,no moving page for this country,,
worldwide movers kenya reviews,Core,Moving & relocation,Kenya,unspecified,Commercial,1.7,2.34,1,0,9,1,Gap (no page),,no moving page for this country,,
international movers uk to spain,Core,Moving & relocation,UK,unspecified,Commercial,1.7,2.34,1,0,9,1,Gap (no page),,no moving page for this country,,
vega international car transport & logistic trading gmbh,Core,Car shipping,Any,unspecified,Commercial,1.7,2.34,1,0,9,1,Gap (no page),,no international car page,,
shipping car to india from usa,Core,Car shipping,India,outbound-US,Commercial,1.7,2.34,1,0,9,1,Gap (no page),,no international car page,,
how to ship to jamaica from us,Core,Parcel & courier,Jamaica,outbound-US,Informational,2.9,2.32,1,0,3,1,Covered (hub only),/worldwide-destinations/shipping-to-jamaica,,,
how to ship from us to netherlands,Core,Parcel & courier,Netherlands,outbound-US,Informational,2.9,2.32,1,0,3,1,Covered (hub only),/worldwide-destinations/shipping-to-netherlands,,,
prohibited items shipping to uk,Core,Customs & rules,UK,unspecified,Informational,2.9,2.32,1,0,3,1,Covered (specific page),/worldwide-destinations/shipping-to-uk,,/en-in/resources/prohibited-shipping-items,
are indians moving back to india from usa,Core,Moving & relocation,India,outbound-US,Informational,2.9,2.32,1,0,3,1,Covered (hub only),/worldwide-moving/moving-to-india,,,
why indians are moving back to india from usa,Core,Moving & relocation,India,outbound-US,Informational,2.9,2.32,1,0,3,1,Covered (hub only),/worldwide-moving/moving-to-india,,,
how to ship to uk from usa,Core,Parcel & courier,UK,outbound-US,Informational,2.9,2.32,1,0,3,1,Covered (hub only),/worldwide-destinations/shipping-to-uk,,,
how much is shipping from us to uk,Core,Cost & rates,UK,outbound-US,Informational,2.9,2.32,1,0,3,1,Covered (hub only),/worldwide-destinations/shipping-to-uk,,,
international shipping documents,Core,Customs & rules,Any,unspecified,Informational,2.9,2.32,1,0,3,1,Covered (specific page),/services/worldwide-shipping,,/blog/how-to-attach-customs-documents-for-international-shipping,
how much does it cost to ship jewelry internationally,Core,Cost & rates,Any,unspecified,Informational,2.9,2.32,1,0,3,1,Covered (hub only),/services/worldwide-shipping,,,
how much does it cost to ship to australia,Core,Cost & rates,Australia,unspecified,Informational,2.9,2.32,1,0,3,1,Covered (hub only),/worldwide-destinations/shipping-to-australia,,,/blog/shipping-from-usa-to-australia-rules-cost-guide
delivery to india from usa,Core,Parcel & courier,India,outbound-US,Commercial,2.1,2.31,1,0,7,1,Covered (hub only),/worldwide-destinations/shipping-to-india,,,
moving to australia from usa retirement,Core,Moving & relocation,Australia,outbound-US,Commercial,2.1,2.31,1,0,7,1,Covered (hub only),/worldwide-moving/moving-to-australia,,,
shipping from usa to south africa price per kg,Core,Cost & rates,South Africa,outbound-US,Commercial,2.1,2.31,1,0,7,1,Covered (hub only),/worldwide-destinations/shipping-to-south-africa,,,
moving to germany from usa with pets,Core,Moving & relocation,Germany,outbound-US,Commercial,2.1,2.31,1,0,7,1,Covered (hub only),/worldwide-moving/moving-to-germany,,,
moving cats to ireland from usa,Core,Moving & relocation,Ireland,outbound-US,Commercial,2.1,2.31,1,0,7,1,Covered (hub only),/worldwide-moving/moving-to-ireland,,,
shipping to japan from us cost,Core,Cost & rates,Japan,outbound-US,Commercial,2.1,2.31,1,0,7,1,Covered (hub only),/worldwide-destinations/shipping-to-japan,,,
letter postage to sweden from usa,Core,Specific items,Sweden,outbound-US,Commercial,2.1,2.31,1,0,7,1,Covered (hub only),/worldwide-destinations/shipping-to-sweden,,,
move to switzerland from us and get paid,Core,Moving & relocation,Switzerland,outbound-US,Commercial,2.1,2.31,1,0,7,1,Covered (hub only),/worldwide-moving/moving-to-switzerland,,,
cheap international shipping for small business,Core,Cost & rates,Any,unspecified,Commercial,2.1,2.31,1,0,7,1,Covered (hub only),/services/worldwide-shipping,,,
mitchell overseas movers inc,Core,Moving & relocation,Any,unspecified,Commercial,2.1,2.31,1,0,7,1,Covered (hub only),/services/reliable-international-relocation-services,,,
moving to texas driver's license,Secondary,Moving & relocation,US-domestic,domestic-US,Commercial,3.5,2.31,0,1,5,1,Covered (hub only),/services/cheapest-domestic-relocation-services,,,
affordable moving from california to texas,Secondary,Moving & relocation,US-domestic,domestic-US,Commercial,3.5,2.31,0,1,5,1,Covered (hub only),/services/cheapest-domestic-relocation-services,,/blog/moving-from-california-to-texas-checklist,
moving from texas to new york blog,Secondary,Moving & relocation,US-domestic,domestic-US,Commercial,3.5,2.31,0,1,5,1,Covered (hub only),/services/cheapest-domestic-relocation-services,,/blog/moving-from-new-york-to-texas-cost-and-tips-guide,
insurance for shipping household goods overseas,Core,Moving & relocation,Any,unspecified,Commercial,2.1,2.31,1,0,7,1,Covered (hub only),/services/reliable-international-relocation-services,,,
move boxes overseas,Core,Moving & relocation,Any,unspecified,Commercial,2.1,2.31,1,0,7,1,Covered (hub only),/services/reliable-international-relocation-services,,,
ship my furniture overseas,Core,Moving & relocation,Any,unspecified,Commercial,2.1,2.31,1,0,7,1,Covered (hub only),/services/reliable-international-relocation-services,,,
ship suitcase overseas,Core,Specific items,Any,unspecified,Commercial,2.1,2.31,1,0,7,1,Covered (hub only),/services/worldwide-shipping,,,
excess baggage shipping dubai to uk,Core,Specific items,UAE,unspecified,Commercial,2.1,2.31,1,0,7,1,Covered (hub only),/worldwide-destinations/shipping-to-uae,,,
sea freight from usa to new zealand,Core,Cargo & freight,New Zealand,outbound-US,Commercial,2.1,2.31,1,0,7,1,Covered (hub only),/worldwide-destinations/shipping-to-new-zealand,,,
air cargo from usa to pakistan,Core,Cargo & freight,Pakistan,outbound-US,Commercial,2.1,2.31,1,0,7,1,Covered (hub only),/worldwide-destinations/shipping-to-pakistan,,,
ship box to india,Core,Parcel & courier,India,unspecified,Commercial,2.1,2.31,1,0,7,1,Covered (hub only),/worldwide-destinations/shipping-to-india,,,
rakhi to india from usa free shipping,Core,Parcel & courier,India,outbound-US,Commercial,2.1,2.31,1,0,7,1,Covered (hub only),/worldwide-destinations/shipping-to-india,,,
sending package to india from usa,Core,Parcel & courier,India,outbound-US,Commercial,2.1,2.31,1,0,7,1,Covered (hub only),/worldwide-destinations/shipping-to-india,,,
shipping container to uk from usa,Core,Cargo & freight,UK,outbound-US,Commercial,2.1,2.31,1,0,7,1,Covered (hub only),/worldwide-destinations/shipping-to-uk,,,
shipping duty from usa to uk,Core,Customs & rules,UK,outbound-US,Commercial,2.1,2.31,1,0,7,1,Covered (hub only),/worldwide-destinations/shipping-to-uk,,,
shipping food to canada from us,Core,Specific items,Canada,outbound-US,Commercial,2.1,2.31,1,0,7,1,Covered (hub only),/worldwide-destinations/shipping-to-canada,,,
shipping gold from usa to canada,Core,Parcel & courier,Canada,outbound-US,Commercial,2.1,2.31,1,0,7,1,Covered (hub only),/worldwide-destinations/shipping-to-canada,,,
shipping iphone from usa to canada,Core,Specific items,Canada,outbound-US,Commercial,2.1,2.31,1,0,7,1,Covered (hub only),/worldwide-destinations/shipping-to-canada,,,
shipping laptop to canada from us,Core,Specific items,Canada,outbound-US,Commercial,2.1,2.31,1,0,7,1,Covered (hub only),/worldwide-destinations/shipping-to-canada,,,
shipping medicine from usa to canada,Core,Specific items,Canada,outbound-US,Commercial,2.1,2.31,1,0,7,1,Covered (hub only),/worldwide-destinations/shipping-to-canada,,,
shipping parcel to canada from us,Core,Parcel & courier,Canada,outbound-US,Commercial,2.1,2.31,1,0,7,1,Covered (hub only),/worldwide-destinations/shipping-to-canada,,,
affordable shipping from usa to nigeria,Core,Cost & rates,Nigeria,outbound-US,Commercial,2.1,2.31,1,0,7,1,Covered (hub only),/worldwide-destinations/shipping-to-nigeria,,,
grimaldi shipping schedule from usa to nigeria today pdf download,Core,Parcel & courier,Nigeria,outbound-US,Commercial,2.1,2.31,1,0,7,1,Covered (hub only),/worldwide-destinations/shipping-to-nigeria,,,
shipping container to the philippines from usa,Core,Cargo & freight,Philippines,outbound-US,Commercial,2.1,2.31,1,0,7,1,Covered (hub only),/worldwide-destinations/shipping-to-philippines,,,
cheapest shipping from usa to uae,Core,Cost & rates,UAE,outbound-US,Commercial,2.1,2.31,1,0,7,1,Covered (hub only),/worldwide-destinations/shipping-to-uae,,,
international shipping app,Core,Parcel & courier,Any,unspecified,Commercial,2.1,2.31,1,0,7,1,Covered (hub only),/services/worldwide-shipping,,,
international shipping best rates,Core,Cost & rates,Any,unspecified,Commercial,2.1,2.31,1,0,7,1,Covered (hub only),/services/worldwide-shipping,,,
international shipping declaration statement,Core,Customs & rules,Any,unspecified,Commercial,2.1,2.31,1,0,7,1,Covered (hub only),/services/worldwide-shipping,,,
international shipping gifts,Core,Specific items,Any,unspecified,Commercial,2.1,2.31,1,0,7,1,Covered (hub only),/services/worldwide-shipping,,,
international shipping hong kong,Core,Parcel & courier,Any,unspecified,Commercial,2.1,2.31,1,0,7,1,Covered (hub only),/services/worldwide-shipping,,,
international shipping jamaica,Core,Parcel & courier,Jamaica,unspecified,Commercial,2.1,2.31,1,0,7,1,Covered (hub only),/worldwide-destinations/shipping-to-jamaica,,,
international shipping kelowna,Core,Parcel & courier,Any,unspecified,Commercial,2.1,2.31,1,0,7,1,Covered (hub only),/services/worldwide-shipping,,,
international shipping label example,Core,Parcel & courier,Any,unspecified,Commercial,2.1,2.31,1,0,7,1,Covered (hub only),/services/worldwide-shipping,,,
international shipping methods,Core,Parcel & courier,Any,unspecified,Commercial,2.1,2.31,1,0,7,1,Covered (hub only),/services/worldwide-shipping,,,
international shipping nz,Core,Parcel & courier,New Zealand,unspecified,Commercial,2.1,2.31,1,0,7,1,Covered (hub only),/worldwide-destinations/shipping-to-new-zealand,,,
international shipping on whatnot,Core,Parcel & courier,Any,unspecified,Commercial,2.1,2.31,1,0,7,1,Covered (hub only),/services/worldwide-shipping,,,
international shipping post office,Core,Parcel & courier,Any,unspecified,Commercial,2.1,2.31,1,0,7,1,Covered (hub only),/services/worldwide-shipping,,,
international shipping quotation,Core,Parcel & courier,Any,unspecified,Commercial,2.1,2.31,1,0,7,1,Covered (hub only),/services/worldwide-shipping,,,
international shipping to mexico,Core,Parcel & courier,Mexico,unspecified,Commercial,2.1,2.31,1,0,7,1,Covered (hub only),/worldwide-destinations/shipping-to-mexico,,,
international shipping via sea,Core,Parcel & courier,Any,unspecified,Commercial,2.1,2.31,1,0,7,1,Covered (hub only),/services/worldwide-shipping,,,
xinhong international shipping,Core,Parcel & courier,Any,unspecified,Commercial,2.1,2.31,1,0,7,1,Covered (hub only),/services/worldwide-shipping,,,
international postage zones,Core,Parcel & courier,Any,unspecified,Commercial,2.1,2.31,1,0,7,1,Covered (hub only),/services/worldwide-shipping,,,
international movers and packers in riyadh,Core,Moving & relocation,Any,unspecified,Commercial,2.1,2.31,1,0,7,1,Covered (hub only),/services/reliable-international-relocation-services,,,
international movers berlin,Core,Moving & relocation,Any,unspecified,Commercial,2.1,2.31,1,0,7,1,Covered (hub only),/services/reliable-international-relocation-services,,,
international movers california,Core,Moving & relocation,US-domestic,unspecified,Commercial,2.1,2.31,1,0,7,1,Covered (hub only),/services/cheapest-domestic-relocation-services,,,/blog/how-much-do-movers-cost-in-california
international moving estimate,Core,Moving & relocation,Any,unspecified,Commercial,2.1,2.31,1,0,7,1,Covered (hub only),/services/reliable-international-relocation-services,,,
international moving germany,Core,Moving & relocation,Germany,unspecified,Commercial,2.1,2.31,1,0,7,1,Covered (hub only),/worldwide-moving/moving-to-germany,,,
international house movers,Core,Moving & relocation,Any,unspecified,Commercial,2.1,2.31,1,0,7,1,Covered (hub only),/services/reliable-international-relocation-services,,,
worldwide movers juneau alaska,Core,Moving & relocation,Any,unspecified,Commercial,2.1,2.31,1,0,7,1,Covered (hub only),/services/reliable-international-relocation-services,,,
international moving logistics,Core,Moving & relocation,Any,unspecified,Commercial,2.1,2.31,1,0,7,1,Covered (hub only),/services/reliable-international-relocation-services,,,
huli international movers montreal reviews,Core,Moving & relocation,Any,unspecified,Commercial,2.1,2.31,1,0,7,1,Covered (hub only),/services/reliable-international-relocation-services,,,
international office moving institute,Core,Moving & relocation,Any,unspecified,Commercial,2.1,2.31,1,0,7,1,Covered (hub only),/services/reliable-international-relocation-services,,,
international movers prague,Core,Moving & relocation,Any,unspecified,Commercial,2.1,2.31,1,0,7,1,Covered (hub only),/services/reliable-international-relocation-services,,,
delight international movers qatar photos,Core,Moving & relocation,Any,unspecified,Commercial,2.1,2.31,1,0,7,1,Covered (hub only),/services/reliable-international-relocation-services,,,
international movement record,Core,Moving & relocation,Any,unspecified,Commercial,2.1,2.31,1,0,7,1,Covered (hub only),/services/reliable-international-relocation-services,,,
international movers to india,Core,Moving & relocation,India,unspecified,Commercial,2.1,2.31,1,0,7,1,Covered (hub only),/worldwide-moving/moving-to-india,,/en-in/services/international-shipping-from-india,
international van movers,Core,Moving & relocation,Any,unspecified,Commercial,2.1,2.31,1,0,7,1,Covered (hub only),/services/reliable-international-relocation-services,,,
movers international weichert,Core,Moving & relocation,Any,unspecified,Commercial,2.1,2.31,1,0,7,1,Covered (hub only),/services/reliable-international-relocation-services,,,
hermes international movers new york,Core,Moving & relocation,US-domestic,unspecified,Commercial,2.1,2.31,1,0,7,1,Covered (hub only),/services/cheapest-domestic-relocation-services,,,
movers international pvt ltd zauba,Core,Moving & relocation,Any,unspecified,Commercial,2.1,2.31,1,0,7,1,Covered (hub only),/services/reliable-international-relocation-services,,,
package forwarding to mexico,Core,Package forwarding,Mexico,unspecified,Commercial,2.1,2.31,1,0,7,1,Covered (hub only),/shop-us-stores-ship-worldwide,,,
package forwarding us to germany,Core,Package forwarding,Germany,outbound-US,Commercial,2.1,2.31,1,0,7,1,Covered (hub only),/shop-us-stores-ship-worldwide,,,
sea shipping to india from usa,Core,Parcel & courier,India,outbound-US,Commercial,2.1,2.31,1,0,7,1,Covered (hub only),/worldwide-destinations/shipping-to-india,,,
cheapest way to ship documents internationally,Core,Customs & rules,Any,unspecified,Commercial,2.1,2.31,1,0,7,1,Covered (hub only),/services/worldwide-shipping,,,
cheapest way to ship from usa to uk,Core,Cost & rates,UK,outbound-US,Commercial,2.1,2.31,1,0,7,1,Covered (hub only),/worldwide-destinations/shipping-to-uk,,,/blog/cheapest-way-to-ship-from-usa-to-australia
cheapest way to ship us to canada,Core,Cost & rates,Canada,outbound-US,Commercial,2.1,2.31,1,0,7,1,Covered (hub only),/worldwide-destinations/shipping-to-canada,,,/blog/cheapest-way-to-ship-from-usa-to-australia
best way to ship to australia from usa,Core,Parcel & courier,Australia,outbound-US,Commercial,2.1,2.31,1,0,7,1,Covered (hub only),/worldwide-destinations/shipping-to-australia,,,/blog/cheapest-way-to-ship-from-usa-to-australia
dhl shipping from bangladesh to usa,Core,Parcel & courier,Bangladesh,inbound-US,Carrier-brand,2.3,2.3,1,0,6,1,Covered (hub only),/carriers/shipping-with-dhl,,,
how much to ship a car from usa to philippines,Core,Car shipping,Philippines,outbound-US,Informational,2.3,2.3,1,0,6,1,Gap (no page),,no international car page,,
can you move to china from usa,Core,Moving & relocation,China,outbound-US,Informational,2.3,2.3,1,0,6,1,Gap (no page),,no moving page for this country,,
shipping to mexico from us fedex,Core,Parcel & courier,Mexico,outbound-US,Carrier-brand,2.3,2.3,1,0,6,1,Covered (hub only),/carriers/shipping-with-fedex,,,
dhl shipping from usa to kenya price,Core,Cost & rates,Kenya,outbound-US,Carrier-brand,2.3,2.3,1,0,6,1,Covered (hub only),/carriers/shipping-with-dhl,,,
dhl ecommerce international shipping time,Core,Business shipping,Any,unspecified,Carrier-brand,2.3,2.3,1,0,6,1,Covered (hub only),/carriers/shipping-with-dhl,,,
dhl shipping charges from pakistan to usa per kg,Core,Cost & rates,Pakistan,inbound-US,Carrier-brand,2.3,2.3,1,0,6,1,Covered (hub only),/carriers/shipping-with-dhl,,,
does fedex ship to canada from usa,Core,Parcel & courier,Canada,outbound-US,Carrier-brand,2.3,2.3,1,0,6,1,Covered (hub only),/carriers/shipping-with-fedex,,,
international shipping quote usps,Core,Cost & rates,Any,unspecified,Carrier-brand,2.3,2.3,1,0,6,1,Covered (hub only),/carriers/shipping-with-usps,,,
international shipping with ups,Core,Parcel & courier,Any,unspecified,Carrier-brand,2.3,2.3,1,0,6,1,Covered (hub only),/carriers/shipping-with-ups,,,
how to ship a car overseas from us,Core,Car shipping,Any,outbound-US,Informational,2.3,2.3,1,0,6,1,Gap (no page),,no international car page,,
how much does it cost to ship books usps,Core,Cost & rates,Any,unspecified,Carrier-brand,2.3,2.3,1,0,6,1,Covered (hub only),/carriers/shipping-with-usps,,,
how much does it cost to ship clothes usps,Core,Cost & rates,Any,unspecified,Carrier-brand,2.3,2.3,1,0,6,1,Covered (hub only),/carriers/shipping-with-usps,,,
how much does it cost to ship dhl,Core,Cost & rates,Any,unspecified,Carrier-brand,2.3,2.3,1,0,6,1,Covered (hub only),/carriers/shipping-with-dhl,,,
how much does it cost to ship luggage with fedex,Core,Cost & rates,Any,unspecified,Carrier-brand,2.3,2.3,1,0,6,1,Covered (hub only),/carriers/shipping-with-fedex,,,
how much does it cost to ship something at usps,Core,Cost & rates,Any,unspecified,Carrier-brand,2.3,2.3,1,0,6,1,Covered (hub only),/carriers/shipping-with-usps,,,
how much does it cost to ship ups next day air,Core,Cost & rates,Any,unspecified,Carrier-brand,2.3,2.3,1,0,6,1,Covered (hub only),/carriers/shipping-with-ups,,/blog/ups-next-day-air-early-the-ultimate-guide,
how long does it take to ship with fedex,Core,Transit time,Any,unspecified,Carrier-brand,2.3,2.3,1,0,6,1,Covered (hub only),/carriers/shipping-with-fedex,,,
cheapest way to ship fedex,Core,Cost & rates,Any,unspecified,Carrier-brand,2.3,2.3,1,0,6,1,Covered (hub only),/carriers/shipping-with-fedex,,,/blog/cheapest-way-to-ship-from-usa-to-australia
cheapest way to ship jewelry usps,Core,Cost & rates,Any,unspecified,Carrier-brand,2.3,2.3,1,0,6,1,Covered (hub only),/carriers/shipping-with-usps,,,
cheapest way to ship perishable food usps,Core,Cost & rates,Any,unspecified,Carrier-brand,2.3,2.3,1,0,6,1,Covered (hub only),/carriers/shipping-with-usps,,,
cheapest way to ship via ups,Core,Cost & rates,Any,unspecified,Carrier-brand,2.3,2.3,1,0,6,1,Covered (hub only),/carriers/shipping-with-ups,,,
ship car from canada to australia,Secondary (en-ca),Car shipping,Australia,other-origin,Commercial,3.3,2.27,0,1,6,1,Gap (no page),,no international car page,,
car shipping services cross country,Secondary,Car shipping,Any,domestic-US,Transactional,2.9,2.26,1,0,3,1,Covered (hub only),/services/auto-transport,,,
car shipping estimate calculator,Secondary,Car shipping,Any,unspecified,Transactional,2.3,2.24,1,0,6,1,Gap (no page),,no international car page,,
car shipping online quote,Secondary,Car shipping,Any,unspecified,Transactional,2.3,2.24,1,0,6,1,Gap (no page),,no international car page,,
car shipping to lagos nigeria,Secondary,Car shipping,Nigeria,unspecified,Commercial,2.7,2.23,0,1,9,1,Gap (no page),,no international car page,,
car shipping atlanta ga,Secondary,Car shipping,Any,unspecified,Commercial,2.7,2.23,1,0,4,1,Gap (no page),,no international car page,,
car shipping best,Secondary,Car shipping,Any,unspecified,Commercial,2.7,2.23,1,0,4,1,Gap (no page),,no international car page,,
car shipping discounts,Secondary,Car shipping,Any,unspecified,Commercial,2.7,2.23,1,0,4,1,Gap (no page),,no international car page,,
car shipping express reviews,Secondary,Car shipping,Any,unspecified,Commercial,2.7,2.23,1,0,4,1,Gap (no page),,no international car page,,
car shipping from hawaii to mainland,Secondary,Car shipping,Any,unspecified,Commercial,2.7,2.23,1,0,4,1,Gap (no page),,no international car page,,
car shipping houston,Secondary,Car shipping,Any,unspecified,Commercial,2.7,2.23,1,0,4,1,Gap (no page),,no international car page,,
car shipping japan,Secondary,Car shipping,Japan,unspecified,Commercial,2.7,2.23,1,0,4,1,Gap (no page),,no international car page,,
car shipping kings inc,Secondary,Car shipping,Any,unspecified,Commercial,2.7,2.23,1,0,4,1,Gap (no page),,no international car page,,
car shipping long distance,Secondary,Car shipping,Any,unspecified,Commercial,2.7,2.23,1,0,4,1,Gap (no page),,no international car page,,
car shipping miami,Secondary,Car shipping,Any,unspecified,Commercial,2.7,2.23,1,0,4,1,Gap (no page),,no international car page,,
car shipping no broker,Secondary,Car shipping,Any,unspecified,Commercial,2.7,2.23,1,0,4,1,Gap (no page),,no international car page,,
car shipping to puerto rico,Secondary,Car shipping,Any,unspecified,Commercial,2.7,2.23,1,0,4,1,Gap (no page),,no international car page,,
car shipping utah,Secondary,Car shipping,Any,unspecified,Commercial,2.7,2.23,1,0,4,1,Gap (no page),,no international car page,,
car shipping vancouver to calgary,Secondary,Car shipping,Any,unspecified,Commercial,2.7,2.23,1,0,4,1,Gap (no page),,no international car page,,
x car shipping times,Secondary,Car shipping,Any,unspecified,Commercial,2.7,2.23,1,0,4,1,Gap (no page),,no international car page,,
door to door shipping to jamaica from usa,Core,Parcel & courier,Jamaica,outbound-US,Transactional,1.7,2.21,1,0,9,1,Covered (hub only),/worldwide-destinations/shipping-to-jamaica,,,
international shipping company in the philippines,Core,Parcel & courier,Philippines,unspecified,Transactional,1.7,2.21,1,0,9,1,Covered (hub only),/worldwide-destinations/shipping-to-philippines,,,
international shipping calculator comparison,Core,Cost & rates,Any,unspecified,Transactional,1.7,2.21,1,0,9,1,Covered (hub only),/services/worldwide-shipping,,,
international shipping products and services exam,Core,Parcel & courier,Any,unspecified,Transactional,1.7,2.21,1,0,9,1,Covered (hub only),/services/worldwide-shipping,,/en-ca/services/international-shipping-from-canada,
international shipping quote comparison,Core,Cost & rates,Any,unspecified,Transactional,1.7,2.21,1,0,9,1,Covered (hub only),/services/worldwide-shipping,,,
international movers services,Core,Moving & relocation,Any,unspecified,Transactional,1.7,2.21,1,0,9,1,Covered (hub only),/services/reliable-international-relocation-services,,/en-ca/services/international-shipping-from-canada,
package forwarding service within us,Core,Package forwarding,Any,unspecified,Transactional,1.7,2.21,1,0,9,1,Covered (hub only),/shop-us-stores-ship-worldwide,,,
cargo service from usa to india,Core,Cargo & freight,India,outbound-US,Transactional,1.7,2.21,1,0,9,1,Covered (hub only),/worldwide-destinations/shipping-to-india,,,
car transport india to usa,Secondary (en-in),Car shipping,India,inbound-US,Commercial,3.3,2.18,0,1,6,1,Covered (hub only),/services/auto-transport,,,
shipping car to california from new zealand,Secondary,Car shipping,New Zealand,domestic-US,Commercial,3.3,2.18,0,1,6,1,Covered (hub only),/services/auto-transport,,/blog/shipping-a-car-to-new-zealand-from-usa,
auto transport san francisco,Secondary,Car shipping,Any,domestic-US,Commercial,3.3,2.18,0,1,6,1,Covered (hub only),/services/auto-transport,,,
moving to texas vehicle registration,Secondary,Car shipping,US-domestic,domestic-US,Commercial,3.3,2.18,0,1,6,1,Covered (hub only),/services/auto-transport,,,
moving from texas to california cost,Secondary,Moving & relocation,US-domestic,domestic-US,Commercial,3.3,2.18,0,1,6,1,Covered (hub only),/services/cheapest-domestic-relocation-services,,/blog/moving-from-california-to-texas-checklist,
send food from india to usa,Secondary (en-in),Specific items,India,inbound-US,Commercial,3.3,2.18,1,0,1,1,Covered (hub only),/en-in/services/international-shipping-from-india,,/blog/shipping-food-items-from-india-to-usa,
shipping jewelry from india to usa,Secondary (en-in),Specific items,India,inbound-US,Commercial,3.3,2.18,1,0,1,1,Covered (hub only),/en-in/services/international-shipping-from-india,,,
shipping from india to usa via sea,Secondary (en-in),Parcel & courier,India,inbound-US,Commercial,3.3,2.18,1,0,1,1,Covered (hub only),/en-in/services/international-shipping-from-india,,,
cost of courier to usa from india,Secondary (en-in),Cost & rates,India,inbound-US,Commercial,3.3,2.18,1,0,1,1,Covered (hub only),/en-in/services/international-shipping-from-india,,/blog/usa-to-india-shipping-cost-per-kg,
courier india to usa price,Secondary (en-in),Cost & rates,India,inbound-US,Commercial,3.3,2.18,1,0,1,1,Covered (hub only),/en-in/services/international-shipping-from-india,,,
car shipping across country,Secondary,Car shipping,Any,domestic-US,Commercial,3.3,2.18,1,0,1,1,Covered (hub only),/services/auto-transport,,,
car shipping from california to texas,Secondary,Car shipping,US-domestic,domestic-US,Commercial,3.3,2.18,1,0,1,1,Covered (hub only),/services/auto-transport,,,/blog/how-much-to-ship-a-car-to-texas
cheapest way to ship furniture out of state,Secondary,Moving & relocation,Any,domestic-US,Commercial,3.3,2.18,1,0,1,1,Covered (hub only),/services/cheapest-domestic-relocation-services,,/blog/cheapest-way-to-ship-furniture-out-of-state-a-guide,
express courier from india to usa,Secondary (en-in),Parcel & courier,India,inbound-US,Commercial,3.3,2.18,1,0,1,1,Covered (hub only),/en-in/services/international-shipping-from-india,,,
can i ship car from usa to canada,Core,Car shipping,Canada,outbound-US,Informational,2.7,2.16,1,0,4,1,Covered (specific page),,no international car page,/blog/shipping-a-car-from-canada-to-the-us-what-you-need-to-know,
can you ship to saudi arabia from usa,Core,Customs & rules,Saudi Arabia,outbound-US,Informational,2.7,2.16,1,0,4,1,Covered (hub only),/worldwide-destinations/shipping-to-saudi-arabia,,,
how much does it cost to ship a car to ghana,Core,Car shipping,Ghana,unspecified,Informational,2.7,2.16,1,0,4,1,Covered (specific page),,no international car page,/blog/shipping-car-to-ghana-from-usa-cost-and-process,
how to ship to china from usa,Core,Parcel & courier,China,outbound-US,Informational,2.7,2.16,1,0,4,1,Covered (hub only),/worldwide-destinations/shipping-to-china,,,
how to ship from us to singapore,Core,Parcel & courier,Singapore,outbound-US,Informational,2.7,2.16,1,0,4,1,Covered (hub only),/worldwide-destinations/shipping-to-singapore,,,
how to ship to sweden from us,Core,Parcel & courier,Sweden,outbound-US,Informational,2.7,2.16,1,0,4,1,Covered (hub only),/worldwide-destinations/shipping-to-sweden,,,
how to get a us address for shipping,Core,Package forwarding,Any,unspecified,Informational,2.7,2.16,1,0,4,1,Covered (hub only),/shop-us-stores-ship-worldwide,,,
can i ship tv to india,Core,Customs & rules,India,unspecified,Informational,2.7,2.16,1,0,4,1,Covered (hub only),/worldwide-destinations/shipping-to-india,,,/blog/how-to-ship-from-the-usa-to-india
how long does it take to ship to india,Core,Transit time,India,unspecified,Informational,2.7,2.16,0,1,9,1,Covered (specific page),/worldwide-destinations/shipping-to-india,,/blog/how-long-does-it-take-to-ship-from-the-usa-to-india,
can i ship to india from usa,Core,Customs & rules,India,outbound-US,Informational,2.7,2.16,1,0,4,1,Covered (hub only),/worldwide-destinations/shipping-to-india,,,/blog/how-to-ship-from-the-usa-to-india
why is shipping to canada from us so expensive,Core,Parcel & courier,Canada,outbound-US,Informational,2.7,2.16,1,0,4,1,Covered (hub only),/worldwide-destinations/shipping-to-canada,,,
how long does it take to ship to canada from us,Core,Transit time,Canada,outbound-US,Informational,2.7,2.16,1,0,4,1,Covered (hub only),/worldwide-destinations/shipping-to-canada,,,
fedex medicine courier from india to usa,Secondary (en-in),Specific items,India,inbound-US,Carrier-brand,3.6,2.16,2,0,7,2,Covered (hub only),/carriers/shipping-with-fedex,,,
moving to india from canada,Secondary (en-ca),Moving & relocation,Canada,other-origin,Commercial,3.1,2.13,0,1,7,1,Gap (no page),,no moving page for this country,/en-ca/worldwide-moving/moving-to-india-from-canada,
companies moving from new york to texas,Secondary,Moving & relocation,US-domestic,domestic-US,Transactional,2.7,2.11,1,0,4,1,Covered (hub only),/services/cheapest-domestic-relocation-services,,/blog/moving-from-new-york-to-texas-cost-and-tips-guide,
how long does it take to ship a car to another state,Secondary,Car shipping,Any,unspecified,Informational,4.4,2.11,2,0,3,2,Covered (hub only),/services/auto-transport,,,
how to courier from india to usa,Secondary (en-in),Parcel & courier,India,inbound-US,Informational,4.4,2.11,2,0,3,2,Covered (specific page),/en-in/services/international-shipping-from-india,,/en-in/faq/usa-courier-service,
is it worth moving to dubai from usa,Core,Moving & relocation,UAE,outbound-US,Informational,2.1,2.1,1,0,7,1,Gap (no page),,no moving page for this country,,
is it safe to move to ghana,Core,Moving & relocation,Ghana,unspecified,Informational,2.1,2.1,1,0,7,1,Gap (no page),,no moving page for this country,,
can i move to philippines from usa,Core,Moving & relocation,Philippines,outbound-US,Informational,2.1,2.1,1,0,7,1,Gap (no page),,no moving page for this country,,
can you move to netherlands from us,Core,Moving & relocation,Netherlands,outbound-US,Informational,2.1,2.1,1,0,7,1,Gap (no page),,no moving page for this country,,
cheapest way to ship internationally usps,Core,Cost & rates,Any,unspecified,Carrier-brand,2.1,2.1,1,0,7,1,Covered (hub only),/carriers/shipping-with-usps,,,
dhl shipping from usa to uk,Core,Parcel & courier,UK,outbound-US,Carrier-brand,2.1,2.1,1,0,7,1,Covered (hub only),/carriers/shipping-with-dhl,,,
usps international shipping cost calculator,Core,Cost & rates,Any,unspecified,Carrier-brand,2.1,2.1,1,0,7,1,Covered (hub only),/carriers/shipping-with-usps,,,
dhl ecommerce international shipping rates,Core,Cost & rates,Any,unspecified,Carrier-brand,2.1,2.1,1,0,7,1,Covered (hub only),/carriers/shipping-with-dhl,,,
usps postage to canada from usa,Core,Parcel & courier,Canada,outbound-US,Carrier-brand,2.1,2.1,1,0,7,1,Covered (hub only),/carriers/shipping-with-usps,,,
dhl shipping cost from ghana to usa per kg,Core,Cost & rates,Ghana,inbound-US,Carrier-brand,2.1,2.1,1,0,7,1,Covered (hub only),/carriers/shipping-with-dhl,,,
international shipping rates fedex,Core,Cost & rates,Any,unspecified,Carrier-brand,2.1,2.1,1,0,7,1,Covered (hub only),/carriers/shipping-with-fedex,,,/blog/international-priority-shipping-with-fedex
how to ship a car from overseas,Core,Car shipping,Any,unspecified,Informational,2.1,2.1,1,0,7,1,Gap (no page),,no international car page,,
how much does it cost to ship boxes with ups,Core,Cost & rates,Any,unspecified,Carrier-brand,2.1,2.1,1,0,7,1,Covered (hub only),/carriers/shipping-with-ups,,,
how much does it cost to ship in ups,Core,Cost & rates,Any,unspecified,Carrier-brand,2.1,2.1,1,0,7,1,Covered (hub only),/carriers/shipping-with-ups,,,
how much does it cost to ship overnight with usps,Core,Cost & rates,Any,unspecified,Carrier-brand,2.1,2.1,1,0,7,1,Covered (hub only),/carriers/shipping-with-usps,,,
how much does it cost to ship package usps,Core,Cost & rates,Any,unspecified,Carrier-brand,2.1,2.1,1,0,7,1,Covered (hub only),/carriers/shipping-with-usps,,,/blog/how-much-does-it-cost-to-ship-a-large-package-in-the-usa
how much does it cost to ship a queen mattress ups,Core,Cost & rates,Any,unspecified,Carrier-brand,2.1,2.1,1,0,7,1,Covered (hub only),/carriers/shipping-with-ups,,,
how much does it cost to ship shoes usps,Core,Cost & rates,Any,unspecified,Carrier-brand,2.1,2.1,1,0,7,1,Covered (hub only),/carriers/shipping-with-usps,,,
how much does it cost to ship through ups,Core,Cost & rates,Any,unspecified,Carrier-brand,2.1,2.1,1,0,7,1,Covered (hub only),/carriers/shipping-with-ups,,,
how much does it cost to ship usps priority,Core,Cost & rates,Any,unspecified,Carrier-brand,2.1,2.1,1,0,7,1,Covered (hub only),/carriers/shipping-with-usps,,,
how long does it take to ship with ups ground,Core,Transit time,Any,unspecified,Carrier-brand,2.1,2.1,1,0,7,1,Covered (hub only),/carriers/shipping-with-ups,,,
can i ship internationally with ups,Core,Customs & rules,Any,unspecified,Carrier-brand,2.1,2.1,1,0,7,1,Covered (hub only),/carriers/shipping-with-ups,,,
importing goods to canada from us,Core,Parcel & courier,Canada,outbound-US,Commercial,1.9,2.09,1,0,8,1,Covered (hub only),/worldwide-destinations/shipping-to-canada,,,
shipping to kenya from us,Core,Parcel & courier,Kenya,outbound-US,Commercial,1.9,2.09,1,0,8,1,Covered (hub only),/worldwide-destinations/shipping-to-kenya,,,
kentex cargo ship to kenya from usa,Core,Cargo & freight,Kenya,outbound-US,Commercial,1.9,2.09,1,0,8,1,Covered (hub only),/worldwide-destinations/shipping-to-kenya,,,
postage to germany from usa,Core,Parcel & courier,Germany,outbound-US,Commercial,1.9,2.09,1,0,8,1,Covered (hub only),/worldwide-destinations/shipping-to-germany,,,
moving to germany from usa as a german citizen,Core,Moving & relocation,Germany,outbound-US,Commercial,1.9,2.09,1,0,8,1,Covered (hub only),/worldwide-moving/moving-to-germany,,,
moving pets to ireland from usa,Core,Moving & relocation,Ireland,outbound-US,Commercial,1.9,2.09,1,0,8,1,Covered (hub only),/worldwide-moving/moving-to-ireland,,,
shipping to france from us,Core,Parcel & courier,France,outbound-US,Commercial,1.9,2.09,1,0,8,1,Covered (hub only),/worldwide-destinations/shipping-to-france,,,
move to emmen switzerland from usa,Core,Moving & relocation,Switzerland,outbound-US,Commercial,1.9,2.09,1,0,8,1,Covered (hub only),/worldwide-moving/moving-to-switzerland,,,/blog/move-to-switzerland-from-us-guide
cheap international shipping from pakistan,Core,Cost & rates,Pakistan,unspecified,Commercial,1.9,2.09,1,0,8,1,Covered (hub only),/worldwide-destinations/shipping-to-pakistan,,,
overseas freight movers,Core,Moving & relocation,Any,unspecified,Commercial,1.9,2.09,1,0,8,1,Covered (hub only),/services/reliable-international-relocation-services,,,
average cost to ship household goods overseas,Core,Moving & relocation,Any,unspecified,Commercial,1.9,2.09,1,0,8,1,Covered (hub only),/services/reliable-international-relocation-services,,,
ship boxes internationally,Core,Specific items,Any,unspecified,Commercial,1.9,2.09,1,0,8,1,Covered (hub only),/services/worldwide-shipping,,,
ship bags overseas,Core,Parcel & courier,Any,unspecified,Commercial,1.9,2.09,1,0,8,1,Covered (hub only),/services/worldwide-shipping,,,
excess baggage shipping uk to australia,Core,Specific items,Australia,unspecified,Commercial,1.9,2.09,1,0,8,1,Covered (hub only),/worldwide-destinations/shipping-to-australia,,,
air cargo from usa to nigeria,Core,Cargo & freight,Nigeria,outbound-US,Commercial,1.9,2.09,1,0,8,1,Covered (hub only),/worldwide-destinations/shipping-to-nigeria,,,
cheap shipping rates international,Core,Cost & rates,Any,unspecified,Commercial,1.9,2.09,1,0,8,1,Covered (hub only),/services/worldwide-shipping,,,
best ecommerce international shipping,Core,Business shipping,Any,unspecified,Commercial,1.9,2.09,1,0,8,1,Covered (hub only),/shipping-for-small-business,,,
send container to india,Core,Cargo & freight,India,unspecified,Commercial,1.9,2.09,1,0,8,1,Covered (hub only),/worldwide-destinations/shipping-to-india,,,
shipping iphone from usa to india,Core,Specific items,India,outbound-US,Commercial,1.9,2.09,1,0,8,1,Covered (hub only),/worldwide-destinations/shipping-to-india,,,
shipping laptop from usa to india cost,Core,Cost & rates,India,outbound-US,Commercial,1.9,2.09,1,0,8,1,Covered (hub only),/worldwide-destinations/shipping-to-india,,,/blog/what-is-the-cost-of-shipping-from-usa-to-india
sending parcel to india from usa,Core,Parcel & courier,India,outbound-US,Commercial,1.9,2.09,1,0,8,1,Covered (hub only),/worldwide-destinations/shipping-to-india,,,
courier usa to india cost per kg,Core,Cost & rates,India,outbound-US,Commercial,1.9,2.09,1,0,8,1,Covered (hub only),/worldwide-destinations/shipping-to-india,,/blog/usa-to-india-shipping-cost-per-kg,
mobile courier from usa to india,Core,Parcel & courier,India,outbound-US,Commercial,1.9,2.09,1,0,8,1,Covered (hub only),/worldwide-destinations/shipping-to-india,,,
shipping ashes from usa to uk,Core,Parcel & courier,UK,outbound-US,Commercial,1.9,2.09,1,0,8,1,Covered (hub only),/worldwide-destinations/shipping-to-uk,,,
cheapest shipping from usa to uk price,Core,Cost & rates,UK,outbound-US,Commercial,1.9,2.09,1,0,8,1,Covered (hub only),/worldwide-destinations/shipping-to-uk,,,
shipping a package to canada from the us,Core,Parcel & courier,Canada,outbound-US,Commercial,1.9,2.09,1,0,8,1,Covered (hub only),/worldwide-destinations/shipping-to-canada,,,
shipping freight to canada from us,Core,Cargo & freight,Canada,outbound-US,Commercial,1.9,2.09,1,0,8,1,Covered (hub only),/worldwide-destinations/shipping-to-canada,,,
shipping perfume to canada from us,Core,Parcel & courier,Canada,outbound-US,Commercial,1.9,2.09,1,0,8,1,Covered (hub only),/worldwide-destinations/shipping-to-canada,,,
cost to ship to canada from usa,Core,Cost & rates,Canada,outbound-US,Commercial,1.9,2.09,1,0,8,1,Covered (hub only),/worldwide-destinations/shipping-to-canada,,/blog/how-much-does-it-cost-to-ship-from-the-us-to-canada-a-complete-breakdown,
air shipping from usa to nigeria,Core,Parcel & courier,Nigeria,outbound-US,Commercial,1.9,2.09,1,0,8,1,Covered (hub only),/worldwide-destinations/shipping-to-nigeria,,,
shipping phone from usa to nigeria,Core,Specific items,Nigeria,outbound-US,Commercial,1.9,2.09,1,0,8,1,Covered (hub only),/worldwide-destinations/shipping-to-nigeria,,,
international shipping ddp,Core,Parcel & courier,Any,unspecified,Commercial,1.9,2.09,1,0,8,1,Covered (hub only),/services/worldwide-shipping,,,
international shipping etf,Core,Parcel & courier,Any,unspecified,Commercial,1.9,2.09,1,0,8,1,Covered (hub only),/services/worldwide-shipping,,,
international shipping for moving,Core,Moving & relocation,Any,unspecified,Commercial,1.9,2.09,1,0,8,1,Covered (hub only),/services/reliable-international-relocation-services,,,
international shipping guangzhou,Core,Parcel & courier,Any,unspecified,Commercial,1.9,2.09,1,0,8,1,Covered (hub only),/services/worldwide-shipping,,,
international shipping how to,Core,Parcel & courier,Any,unspecified,Commercial,1.9,2.09,1,0,8,1,Covered (hub only),/services/worldwide-shipping,,,
international shipping information,Core,Parcel & courier,Any,unspecified,Commercial,1.9,2.09,1,0,8,1,Covered (hub only),/services/worldwide-shipping,,,
international shipping j&t,Core,Parcel & courier,Any,unspecified,Commercial,1.9,2.09,1,0,8,1,Covered (hub only),/services/worldwide-shipping,,,
international shipping kerala,Core,Parcel & courier,India,unspecified,Commercial,1.9,2.09,1,0,8,1,Covered (hub only),/worldwide-destinations/shipping-to-india,,,
international shipping lanes,Core,Parcel & courier,Any,unspecified,Commercial,1.9,2.09,1,0,8,1,Covered (hub only),/services/worldwide-shipping,,,
international shipping management,Core,Parcel & courier,Any,unspecified,Commercial,1.9,2.09,1,0,8,1,Covered (hub only),/services/worldwide-shipping,,,
international shipping nz post,Core,Parcel & courier,New Zealand,unspecified,Commercial,1.9,2.09,1,0,8,1,Covered (hub only),/worldwide-destinations/shipping-to-new-zealand,,,
international shipping on shopify,Core,Parcel & courier,Any,unspecified,Commercial,1.9,2.09,1,0,8,1,Covered (hub only),/services/worldwide-shipping,,,
international shipping qatar,Core,Parcel & courier,Any,unspecified,Commercial,1.9,2.09,1,0,8,1,Covered (hub only),/services/worldwide-shipping,,,
international shipping restrictions,Core,Parcel & courier,Any,unspecified,Commercial,1.9,2.09,1,0,8,1,Covered (hub only),/services/worldwide-shipping,,,
international shipping to australia,Core,Parcel & courier,Australia,unspecified,Commercial,1.9,2.09,1,0,8,1,Covered (hub only),/worldwide-destinations/shipping-to-australia,,,
international shipping vape shop,Core,Parcel & courier,Any,unspecified,Commercial,1.9,2.09,1,0,8,1,Covered (hub only),/services/worldwide-shipping,,,
xiaomi international shipping,Core,Parcel & courier,Any,unspecified,Commercial,1.9,2.09,1,0,8,1,Covered (hub only),/services/worldwide-shipping,,,
worldwide shipping yk pao,Core,Parcel & courier,Any,unspecified,Commercial,1.9,2.09,1,0,8,1,Covered (hub only),/services/worldwide-shipping,,,
international movers and packers delhi,Core,Moving & relocation,India,unspecified,Commercial,1.9,2.09,1,0,8,1,Covered (hub only),/worldwide-moving/moving-to-india,,,
international moving boxes,Core,Moving & relocation,Any,unspecified,Commercial,1.9,2.09,1,0,8,1,Covered (hub only),/services/reliable-international-relocation-services,,,
international movers denver,Core,Moving & relocation,Any,unspecified,Commercial,1.9,2.09,1,0,8,1,Covered (hub only),/services/reliable-international-relocation-services,,,
international moving expert trustpilot,Core,Moving & relocation,Any,unspecified,Commercial,1.9,2.09,1,0,8,1,Covered (hub only),/services/reliable-international-relocation-services,,,
international household movers,Core,Moving & relocation,Any,unspecified,Commercial,1.9,2.09,1,0,8,1,Covered (hub only),/services/reliable-international-relocation-services,,,
international moving list,Core,Moving & relocation,Any,unspecified,Commercial,1.9,2.09,1,0,8,1,Covered (hub only),/services/reliable-international-relocation-services,,,
atlas international movers malaysia,Core,Moving & relocation,Any,unspecified,Commercial,1.9,2.09,1,0,8,1,Covered (hub only),/services/reliable-international-relocation-services,,,
international moving relocation,Core,Moving & relocation,Any,unspecified,Commercial,1.9,2.09,1,0,8,1,Covered (hub only),/services/reliable-international-relocation-services,,/en-in/services/reliable-international-relocation-services,
international movers sydney,Core,Moving & relocation,Any,unspecified,Commercial,1.9,2.09,1,0,8,1,Covered (hub only),/services/reliable-international-relocation-services,,,
international movers uk to australia,Core,Moving & relocation,Australia,unspecified,Commercial,1.9,2.09,1,0,8,1,Covered (hub only),/worldwide-moving/moving-to-australia,,,
huli international movers vancouver reviews,Core,Moving & relocation,Any,unspecified,Commercial,1.9,2.09,1,0,8,1,Covered (hub only),/services/reliable-international-relocation-services,,,
hermes international movers woburn ma,Core,Moving & relocation,Any,unspecified,Commercial,1.9,2.09,1,0,8,1,Covered (hub only),/services/reliable-international-relocation-services,,,
bafa international movers yorumlar,Core,Moving & relocation,Any,unspecified,Commercial,1.9,2.09,1,0,8,1,Covered (hub only),/services/reliable-international-relocation-services,,,
international transport. auto sa targu mures,Core,Parcel & courier,Any,unspecified,Commercial,1.9,2.09,1,0,8,1,Covered (hub only),/services/worldwide-shipping,,,
package forwarding to canada from us,Core,Package forwarding,Canada,outbound-US,Commercial,1.9,2.09,1,0,8,1,Covered (hub only),/shop-us-stores-ship-worldwide,,,
package forwarding uk to canada,Core,Package forwarding,Canada,unspecified,Commercial,1.9,2.09,1,0,8,1,Covered (hub only),/shop-us-stores-ship-worldwide,,,
cheapest way to ship package internationally,Core,Cost & rates,Any,unspecified,Commercial,1.9,2.09,1,0,8,1,Covered (hub only),/services/worldwide-shipping,,,/blog/cheapest-way-to-ship-a-package-to-china
cheapest way to ship to uk,Core,Cost & rates,UK,unspecified,Commercial,1.9,2.09,1,0,8,1,Covered (hub only),/worldwide-destinations/shipping-to-uk,,,/blog/cheapest-way-to-ship-from-usa-to-australia
best way to ship jewelry internationally,Core,Specific items,Any,unspecified,Commercial,1.9,2.09,1,0,8,1,Covered (hub only),/services/worldwide-shipping,,,
moving to new zealand from us pros and cons,Core,Moving & relocation,New Zealand,outbound-US,Commercial,1.5,2.06,1,0,10,1,Gap (no page),,no moving page for this country,/blog/moving-to-ireland-from-us-pros-and-cons,
car shipping australia to new zealand,Secondary,Car shipping,New Zealand,unspecified,Commercial,2.5,2.06,0,1,14,1,Gap (no page),,no international car page,/blog/shipping-a-car-to-new-zealand-from-usa,
cheap car shipping south africa,Secondary,Car shipping,South Africa,unspecified,Commercial,2.5,2.06,0,1,13,1,Gap (no page),,no international car page,,
car shipping cost in south africa,Secondary,Car shipping,South Africa,unspecified,Commercial,2.5,2.06,0,1,18,1,Gap (no page),,no international car page,,
car shipping philippines cost,Secondary,Car shipping,Philippines,unspecified,Commercial,2.5,2.06,0,1,16,1,Gap (no page),,no international car page,,
process of moving to france from usa,Core,Moving & relocation,France,outbound-US,Commercial,1.5,2.06,1,0,10,1,Gap (no page),,no moving page for this country,,
uk car shipping to france,Secondary,Car shipping,France,unspecified,Commercial,2.5,2.06,0,1,13,1,Gap (no page),,no international car page,,
moving to italy from us requirements,Core,Moving & relocation,Italy,outbound-US,Commercial,1.5,2.06,1,0,10,1,Gap (no page),,no moving page for this country,,
pros and cons of moving to china from usa,Core,Moving & relocation,China,outbound-US,Commercial,1.5,2.06,1,0,10,1,Gap (no page),,no moving page for this country,/blog/moving-to-ireland-from-us-pros-and-cons,
moving to japan from us with dogs,Core,Moving & relocation,Japan,outbound-US,Commercial,1.5,2.06,1,0,10,1,Gap (no page),,no moving page for this country,,
moving to mexico from us 2025,Core,Moving & relocation,Mexico,outbound-US,Commercial,1.5,2.06,1,0,10,1,Gap (no page),,no moving page for this country,,
us car shipping to europe,Secondary,Car shipping,Any,unspecified,Commercial,2.5,2.06,0,1,18,1,Gap (no page),,no international car page,,
car shipping amerifreight,Secondary,Car shipping,Any,unspecified,Commercial,2.5,2.06,0,1,10,1,Gap (no page),,no international car page,,
car shipping us canada,Secondary,Car shipping,Canada,unspecified,Commercial,2.5,2.06,0,1,16,1,Gap (no page),,no international car page,/blog/shipping-a-car-from-canada-to-the-us-what-you-need-to-know,
car shipping costs amerifreight,Secondary,Car shipping,Any,unspecified,Commercial,2.5,2.06,0,1,17,1,Gap (no page),,no international car page,,
car shipping usa,Secondary,Car shipping,Any,unspecified,Commercial,2.5,2.06,0,1,19,1,Gap (no page),,no international car page,,
shipping furniture to canada from us,Core,Moving & relocation,Canada,outbound-US,Commercial,1.5,2.06,1,0,10,1,Gap (no page),,no moving page for this country,/blog/how-to-ship-home-decor-and-furniture-to-canada-from-usa,
international shipping by sea rates,Core,Cargo & freight,Any,unspecified,Commercial,1.5,2.06,1,0,10,1,Gap (no page),,no US freight-forwarding page,,
international movers from us to mexico,Core,Moving & relocation,Mexico,outbound-US,Commercial,1.5,2.06,1,0,10,1,Gap (no page),,no moving page for this country,,
vega international car transport & logistic trading doo,Core,Car shipping,Any,unspecified,Commercial,1.5,2.06,1,0,10,1,Gap (no page),,no international car page,,
car shipping average cost,Secondary,Car shipping,Any,unspecified,Commercial,2.5,2.06,1,0,5,1,Gap (no page),,no international car page,,
car shipping blocks,Secondary,Car shipping,Any,unspecified,Commercial,2.5,2.06,1,0,5,1,Gap (no page),,no international car page,,
car shipping direct carrier,Secondary,Car shipping,Any,unspecified,Commercial,2.5,2.06,1,0,5,1,Gap (no page),,no international car page,,
car shipping express inc reviews,Secondary,Car shipping,Any,unspecified,Commercial,2.5,2.06,1,0,5,1,Gap (no page),,no international car page,,
car shipping guam,Secondary,Car shipping,Any,unspecified,Commercial,2.5,2.06,1,0,5,1,Gap (no page),,no international car page,,
car shipping kuching to kl,Secondary,Car shipping,Any,unspecified,Commercial,2.5,2.06,1,0,5,1,Gap (no page),,no international car page,,
car shipping leads,Secondary,Car shipping,Any,unspecified,Commercial,2.5,2.06,1,0,5,1,Gap (no page),,no international car page,,
car shipping michigan,Secondary,Car shipping,Any,unspecified,Commercial,2.5,2.06,1,0,5,1,Gap (no page),,no international car page,,
car shipping non broker,Secondary,Car shipping,Any,unspecified,Commercial,2.5,2.06,1,0,5,1,Gap (no page),,no international car page,,
car shipping on train,Secondary,Car shipping,Any,unspecified,Commercial,2.5,2.06,1,0,5,1,Gap (no page),,no international car page,,
car shipping rochester ny,Secondary,Car shipping,Any,unspecified,Commercial,2.5,2.06,1,0,5,1,Gap (no page),,no international car page,,
car shipping san diego,Secondary,Car shipping,Any,unspecified,Commercial,2.5,2.06,1,0,5,1,Gap (no page),,no international car page,,
car shipping uk,Secondary,Car shipping,UK,unspecified,Commercial,2.5,2.06,1,0,5,1,Gap (no page),,no international car page,,
car shipping video,Secondary,Car shipping,Any,unspecified,Commercial,2.5,2.06,1,0,5,1,Gap (no page),,no international car page,,
car shipping wrap,Secondary,Car shipping,Any,unspecified,Commercial,2.5,2.06,1,0,5,1,Gap (no page),,no international car page,,
car shipping new zealand to australia,Core,Car shipping,New Zealand,unspecified,Commercial,1.5,2.06,1,0,10,1,Gap (no page),,no international car page,/blog/shipping-a-car-to-new-zealand-from-usa,
freight forwarding networks worldwide,Core,Cargo & freight,Any,unspecified,Commercial,1.5,2.06,1,0,10,1,Gap (no page),,no US freight-forwarding page,,
car transport india to nepal,Secondary,Car shipping,India,domestic-US,Commercial,3.1,2.05,0,1,7,1,Covered (hub only),/services/auto-transport,,,
cross country movers llc reviews,Secondary,Moving & relocation,Any,domestic-US,Commercial,3.1,2.05,0,1,7,1,Covered (hub only),/services/cheapest-domestic-relocation-services,,,
moving to texas drivers license,Secondary,Moving & relocation,US-domestic,domestic-US,Commercial,3.1,2.05,1,0,2,1,Covered (hub only),/services/cheapest-domestic-relocation-services,,,
moving from california to texas drivers license,Secondary,Moving & relocation,US-domestic,domestic-US,Commercial,3.1,2.05,1,0,2,1,Covered (hub only),/services/cheapest-domestic-relocation-services,,,
moving from texas to california culture shock,Secondary,Moving & relocation,US-domestic,domestic-US,Commercial,3.1,2.05,0,1,7,1,Covered (hub only),/services/cheapest-domestic-relocation-services,,,
moving from texas to new york state,Secondary,Moving & relocation,US-domestic,domestic-US,Commercial,3.1,2.05,0,1,7,1,Covered (hub only),/services/cheapest-domestic-relocation-services,,/blog/moving-from-new-york-to-texas-cost-and-tips-guide,
customs duty india to usa,Secondary (en-in),Customs & rules,India,inbound-US,Commercial,3.1,2.05,1,0,2,1,Covered (hub only),/en-in/services/international-shipping-from-india,,/blog/what-happens-if-you-refuse-to-pay-customs-duty-in-india,
ship food from india to usa,Secondary (en-in),Specific items,India,inbound-US,Commercial,3.1,2.05,1,0,2,1,Covered (hub only),/en-in/services/international-shipping-from-india,,,
ship from india to usa cost,Secondary (en-in),Cost & rates,India,inbound-US,Commercial,3.1,2.05,1,0,2,1,Covered (hub only),/en-in/services/international-shipping-from-india,,,/blog/what-is-the-cost-of-shipping-from-usa-to-india
shipping to usa from hyderabad india,Secondary (en-in),Parcel & courier,India,inbound-US,Commercial,3.1,2.05,1,0,2,1,Covered (hub only),/en-in/services/international-shipping-from-india,,,
shipping jewellery from india to usa,Secondary (en-in),Parcel & courier,India,inbound-US,Commercial,3.1,2.05,1,0,2,1,Covered (hub only),/en-in/services/international-shipping-from-india,,,
shipping cost from india to usa per kg,Secondary (en-in),Cost & rates,India,inbound-US,Commercial,3.1,2.05,1,0,2,1,Covered (hub only),/en-in/services/international-shipping-from-india,,/blog/usa-to-india-shipping-cost-per-kg,
courier medicines from india to usa,Secondary (en-in),Specific items,India,inbound-US,Commercial,3.1,2.05,1,0,2,1,Covered (hub only),/en-in/services/international-shipping-from-india,,,
tariff on courier to usa from india,Secondary (en-in),Parcel & courier,India,inbound-US,Commercial,3.1,2.05,1,0,2,1,Covered (hub only),/en-in/services/international-shipping-from-india,,,
car shipping florida to california,Secondary,Car shipping,US-domestic,domestic-US,Commercial,3.1,2.05,1,0,2,1,Covered (hub only),/services/auto-transport,,,
car shipping nationwide,Secondary,Car shipping,Any,domestic-US,Commercial,3.1,2.05,1,0,2,1,Covered (hub only),/services/auto-transport,,,
car shipping out of state,Secondary,Car shipping,Any,domestic-US,Commercial,3.1,2.05,1,0,2,1,Covered (hub only),/services/auto-transport,,,
car shipping quotes cheap,Secondary,Car shipping,Any,unspecified,Transactional,2.1,2.05,1,0,7,1,Gap (no page),,no international car page,,
car shipping virginia to california,Secondary,Car shipping,US-domestic,domestic-US,Commercial,3.1,2.05,1,0,2,1,Covered (hub only),/services/auto-transport,,,
shipping container india to usa,Secondary (en-in),Cargo & freight,India,inbound-US,Commercial,3.1,2.05,1,0,2,1,Covered (hub only),/en-in/services/international-shipping-from-india,,,
cheapest way to ship furniture across country,Secondary,Moving & relocation,Any,domestic-US,Commercial,3.1,2.05,1,0,2,1,Covered (hub only),/services/cheapest-domestic-relocation-services,,,
cheapest way to ship moving boxes to another state,Secondary,Moving & relocation,Any,unspecified,Commercial,3.1,2.05,1,0,2,1,Covered (hub only),/services/reliable-international-relocation-services,,,
best courier from india to usa,Secondary (en-in),Parcel & courier,India,inbound-US,Commercial,3.1,2.05,1,0,2,1,Covered (hub only),/en-in/services/international-shipping-from-india,,,
express delivery from india to usa,Secondary (en-in),Parcel & courier,India,inbound-US,Commercial,3.1,2.05,1,0,2,1,Covered (hub only),/en-in/services/international-shipping-from-india,,,
garuda courier from india to usa,Secondary (en-in),Parcel & courier,India,inbound-US,Commercial,3.1,2.05,1,0,2,1,Covered (hub only),/en-in/services/international-shipping-from-india,,,
courier from india to usa price,Secondary (en-in),Cost & rates,India,inbound-US,Commercial,3.1,2.05,1,0,2,1,Covered (hub only),/en-in/services/international-shipping-from-india,,,
freight shipping from canada to india,Secondary (en-ca),Cargo & freight,Canada,other-origin,Commercial,3.7,2.04,0,1,4,1,Covered (hub only),/worldwide-destinations/shipping-to-canada,,/en-in/services/freight-forwarding-services-in-india,
cheapest courier from canada to india,Secondary (en-ca),Cost & rates,Canada,other-origin,Commercial,3.7,2.04,0,1,4,1,Covered (hub only),/worldwide-destinations/shipping-to-canada,,/en-ca/worldwide-destinations/shipping-to-india-from-canada,/blog/courier-charges-from-canada-to-india
is courier from india to usa stopped,Secondary (en-in),Parcel & courier,India,inbound-US,Informational,4.2,2.02,2,0,4,2,Covered (hub only),/en-in/services/international-shipping-from-india,,,
how to move to india,Core,Moving & relocation,India,unspecified,Informational,2.5,2.0,0,1,14,1,Covered (hub only),/worldwide-moving/moving-to-india,,,
how to ship a package to ghana,Core,Parcel & courier,Ghana,unspecified,Informational,2.5,2.0,0,1,21,1,Covered (hub only),/worldwide-destinations/shipping-to-ghana,,,
can a us citizen move to germany,Core,Moving & relocation,Germany,unspecified,Informational,2.5,2.0,0,1,13,1,Covered (hub only),/worldwide-moving/moving-to-germany,,,
how to send a package to italy from usa,Core,Parcel & courier,Italy,outbound-US,Informational,2.5,2.0,1,0,5,1,Covered (hub only),/worldwide-destinations/shipping-to-italy,,,
how to mail to international address,Core,Parcel & courier,Any,unspecified,Informational,2.5,2.0,1,0,5,1,Covered (hub only),/services/worldwide-shipping,,,
can i ship electronics to india,Core,Customs & rules,India,unspecified,Informational,2.5,2.0,1,0,5,1,Covered (specific page),/worldwide-destinations/shipping-to-india,,/blog/shipping-electronics-from-usa-to-india,
how much does it cost to ship an rv overseas,Core,Cost & rates,Any,unspecified,Informational,2.5,2.0,0,1,12,1,Covered (hub only),/services/worldwide-shipping,,,
how long does it take to ship from california,Core,Transit time,US-domestic,outbound-US,Informational,2.5,2.0,0,1,17,1,Covered (hub only),/services/domestic-shipping,,,
what can i ship to australia,Core,Customs & rules,Australia,unspecified,Informational,2.5,2.0,1,0,5,1,Covered (hub only),/worldwide-destinations/shipping-to-australia,,,
prohibited items shipping to australia,Core,Customs & rules,Australia,unspecified,Informational,2.5,2.0,1,0,5,1,Covered (specific page),/worldwide-destinations/shipping-to-australia,,/en-in/resources/prohibited-shipping-items,
are people moving back to india from usa,Core,Moving & relocation,India,outbound-US,Informational,2.5,2.0,1,0,5,1,Covered (hub only),/worldwide-moving/moving-to-india,,,
can you ship to nigeria,Core,Customs & rules,Nigeria,unspecified,Informational,2.5,2.0,1,0,5,1,Covered (hub only),/worldwide-destinations/shipping-to-nigeria,,,
shipping documents from usa to philippines,Core,Customs & rules,Philippines,outbound-US,Informational,2.5,2.0,1,0,5,1,Covered (hub only),/worldwide-destinations/shipping-to-philippines,,,
international shipping guide,Core,Parcel & courier,Any,unspecified,Informational,2.5,2.0,1,0,5,1,Covered (hub only),/services/worldwide-shipping,,,/blog/a-beginners-guide-to-customs-for-international-shipping
international shipping of documents only,Core,Customs & rules,Any,unspecified,Informational,2.5,2.0,1,0,5,1,Covered (hub only),/services/worldwide-shipping,,,
how much does it cost to ship worldwide,Core,Cost & rates,Any,unspecified,Informational,2.5,2.0,1,0,5,1,Covered (hub only),/services/worldwide-shipping,,,
how long does it take to ship overseas,Core,Transit time,Any,unspecified,Informational,2.5,2.0,1,0,5,1,Covered (hub only),/services/worldwide-shipping,,,
shipping car from canada to france,Secondary (en-ca),Car shipping,Canada,other-origin,Commercial,2.9,1.99,0,1,8,1,Gap (no page),,no international car page,,
courier from india to usa dhl,Secondary (en-in),Parcel & courier,India,inbound-US,Carrier-brand,3.3,1.98,1,0,1,1,Covered (hub only),/carriers/shipping-with-dhl,,,
ups courier from india to usa,Secondary (en-in),Parcel & courier,India,inbound-US,Carrier-brand,3.3,1.98,1,0,1,1,Covered (hub only),/carriers/shipping-with-ups,,,
international shipping company in cebu,Core,Parcel & courier,Any,unspecified,Transactional,1.5,1.95,1,0,10,1,Covered (hub only),/services/worldwide-shipping,,,
international moving companies ireland,Core,Moving & relocation,Ireland,unspecified,Transactional,1.5,1.95,1,0,10,1,Covered (hub only),/worldwide-moving/moving-to-ireland,,,
auto transport company reviews,Secondary,Car shipping,Any,domestic-US,Transactional,2.5,1.95,0,1,16,1,Covered (hub only),/services/auto-transport,,,
auto transport services quotes,Secondary,Car shipping,Any,domestic-US,Transactional,2.5,1.95,0,1,21,1,Covered (hub only),/services/auto-transport,,,
auto transportation companies near me,Secondary,Car shipping,Any,domestic-US,Transactional,2.5,1.95,0,1,22,1,Covered (hub only),/services/auto-transport,,,
auto transport trailer rental near me,Secondary,Car shipping,Any,domestic-US,Transactional,2.5,1.95,0,1,24,1,Covered (hub only),/services/auto-transport,,,
auto transport services in texas,Secondary,Car shipping,US-domestic,domestic-US,Transactional,2.5,1.95,0,1,25,1,Covered (hub only),/services/auto-transport,,,
door to door cargo qatar to india,Core,Cargo & freight,India,unspecified,Transactional,1.5,1.95,1,0,10,1,Covered (hub only),/worldwide-destinations/shipping-to-india,,,
international shipping calculator canada post,Core,Cost & rates,Canada,unspecified,Transactional,1.5,1.95,1,0,10,1,Covered (hub only),/worldwide-destinations/shipping-to-canada,,/en-ca/services/international-shipping-from-canada,
fastest courier service to india from usa,Core,Transit time,India,outbound-US,Transactional,1.5,1.95,1,0,10,1,Covered (hub only),/worldwide-destinations/shipping-to-india,,/en-in/faq/usa-courier-service,
international shipping quote calculator,Core,Cost & rates,Any,unspecified,Transactional,1.5,1.95,1,0,10,1,Covered (hub only),/services/worldwide-shipping,,,
international house moving companies,Core,Moving & relocation,Any,unspecified,Transactional,1.5,1.95,1,0,10,1,Covered (hub only),/services/reliable-international-relocation-services,,,
international moving companies vancouver,Core,Moving & relocation,Any,unspecified,Transactional,1.5,1.95,1,0,10,1,Covered (hub only),/services/reliable-international-relocation-services,,,
sending courier from canada to india,Secondary (en-ca),Parcel & courier,Canada,other-origin,Commercial,3.5,1.93,0,1,5,1,Covered (hub only),/worldwide-destinations/shipping-to-canada,,,/blog/courier-charges-from-canada-to-india
can i move to usa from india,Secondary (en-in),Moving & relocation,India,inbound-US,Informational,4.0,1.92,2,0,5,2,Covered (hub only),/worldwide-moving/moving-to-india,,,
parcel from india to usa new rules,Secondary (en-in),Customs & rules,India,inbound-US,Informational,4.0,1.92,2,0,5,2,Covered (hub only),/en-in/services/international-shipping-from-india,,,
ship car from philadelphia to california,Secondary,Car shipping,US-domestic,domestic-US,Commercial,2.9,1.91,0,1,8,1,Covered (hub only),/services/auto-transport,,,
cross country movers denver,Secondary,Moving & relocation,Any,domestic-US,Commercial,2.9,1.91,0,1,8,1,Covered (hub only),/services/cheapest-domestic-relocation-services,,,
moving to texas from arkansas,Secondary,Moving & relocation,US-domestic,domestic-US,Commercial,2.9,1.91,0,1,8,1,Covered (hub only),/services/cheapest-domestic-relocation-services,,,
people moving from california to texas,Secondary,Moving & relocation,US-domestic,domestic-US,Commercial,2.9,1.91,0,1,8,1,Covered (hub only),/services/cheapest-domestic-relocation-services,,/blog/moving-from-california-to-texas-checklist,
movers from new york to texas,Secondary,Moving & relocation,US-domestic,domestic-US,Commercial,2.9,1.91,1,0,3,1,Covered (hub only),/services/cheapest-domestic-relocation-services,,,
moving from texas to new york city,Secondary,Moving & relocation,US-domestic,domestic-US,Commercial,2.9,1.91,0,1,8,1,Covered (hub only),/services/cheapest-domestic-relocation-services,,/blog/moving-from-new-york-to-texas-cost-and-tips-guide,
send food parcel from india to usa,Secondary (en-in),Specific items,India,inbound-US,Commercial,2.9,1.91,1,0,3,1,Covered (hub only),/en-in/services/international-shipping-from-india,,/blog/shipping-food-items-from-india-to-usa,
ship from india to usa time,Secondary (en-in),Parcel & courier,India,inbound-US,Commercial,2.9,1.91,1,0,3,1,Covered (hub only),/en-in/services/international-shipping-from-india,,,
ship items from india to usa,Secondary (en-in),Parcel & courier,India,inbound-US,Commercial,2.9,1.91,0,1,8,1,Covered (hub only),/en-in/services/international-shipping-from-india,,/en-in/resources/prohibited-shipping-items,
ecommerce shipping from india to usa,Secondary (en-in),Business shipping,India,inbound-US,Commercial,2.9,1.91,1,0,3,1,Covered (hub only),/shipping-for-small-business,,,
shipping charges from india to usa per kg,Secondary (en-in),Cost & rates,India,inbound-US,Commercial,2.9,1.91,1,0,3,1,Covered (hub only),/en-in/services/international-shipping-from-india,,/blog/usa-to-india-shipping-cost-per-kg,
courier india to usa charges,Secondary (en-in),Cost & rates,India,inbound-US,Commercial,2.9,1.91,1,0,3,1,Covered (hub only),/en-in/services/international-shipping-from-india,,/blog/usa-to-india-shipping-cost-per-kg,/blog/courier-charges-from-canada-to-india
courier mangoes from india to usa,Secondary (en-in),Parcel & courier,India,inbound-US,Commercial,2.9,1.91,1,0,3,1,Covered (hub only),/en-in/services/international-shipping-from-india,,,
car transport zurich,Secondary,Car shipping,Any,domestic-US,Commercial,2.9,1.91,1,0,3,1,Covered (hub only),/services/auto-transport,,,
cost to ship container from india to usa,Secondary (en-in),Cargo & freight,India,inbound-US,Commercial,2.9,1.91,1,0,3,1,Covered (hub only),/en-in/services/international-shipping-from-india,,/blog/container-shipping-cost-canada-to-india,
best way to ship your car across country,Secondary,Car shipping,Any,domestic-US,Commercial,2.9,1.91,1,0,3,1,Covered (hub only),/services/auto-transport,,,
india to usa air courier charges,Secondary (en-in),Cost & rates,India,inbound-US,Commercial,2.9,1.91,1,0,3,1,Covered (hub only),/en-in/services/international-shipping-from-india,,/blog/usa-to-india-shipping-cost-per-kg,/blog/courier-charges-from-canada-to-india
laptop courier from india to usa,Secondary (en-in),Specific items,India,inbound-US,Commercial,2.9,1.91,1,0,3,1,Covered (hub only),/en-in/services/international-shipping-from-india,,,
cost of courier from india to usa,Secondary (en-in),Cost & rates,India,inbound-US,Commercial,2.9,1.91,1,0,3,1,Covered (hub only),/en-in/services/international-shipping-from-india,,/blog/usa-to-india-shipping-cost-per-kg,
parcel from india to usa stopped,Secondary (en-in),Parcel & courier,India,inbound-US,Commercial,2.9,1.91,1,0,3,1,Covered (hub only),/en-in/services/international-shipping-from-india,,,
dhl shipping to haiti price from usa,Core,Cost & rates,Haiti,outbound-US,Carrier-brand,1.9,1.9,1,0,8,1,Covered (hub only),/carriers/shipping-with-dhl,,,
dhl shipping from dominican republic to usa,Core,Parcel & courier,Dominican Republic,inbound-US,Carrier-brand,1.9,1.9,1,0,8,1,Covered (hub only),/carriers/shipping-with-dhl,,,
fedex international shipping costs,Core,Cost & rates,Any,unspecified,Carrier-brand,1.9,1.9,1,0,8,1,Covered (hub only),/carriers/shipping-with-fedex,,,/blog/international-priority-shipping-with-fedex
ups shipping to usa from canada tariffs,Core,Parcel & courier,Canada,inbound-US,Carrier-brand,1.9,1.9,1,0,8,1,Covered (hub only),/carriers/shipping-with-ups,,,
international shipping cost usps,Core,Cost & rates,Any,unspecified,Carrier-brand,1.9,1.9,1,0,8,1,Covered (hub only),/carriers/shipping-with-usps,,,
car shipping america,Secondary,Car shipping,Any,unspecified,Commercial,2.3,1.9,1,0,6,1,Gap (no page),,no international car page,,
car shipping dubai,Secondary,Car shipping,UAE,unspecified,Commercial,2.3,1.9,1,0,6,1,Gap (no page),,no international car page,,
car shipping guaranteed pick up,Secondary,Car shipping,Any,unspecified,Commercial,2.3,1.9,1,0,6,1,Gap (no page),,no international car page,,
car shipping houston tx,Secondary,Car shipping,Any,unspecified,Commercial,2.3,1.9,1,0,6,1,Gap (no page),,no international car page,,
car shipping johannesburg to cape town,Secondary,Car shipping,Any,unspecified,Commercial,2.3,1.9,1,0,6,1,Gap (no page),,no international car page,,
car shipping kansas city,Secondary,Car shipping,Any,unspecified,Commercial,2.3,1.9,1,0,6,1,Gap (no page),,no international car page,,
car shipping llc,Secondary,Car shipping,Any,unspecified,Commercial,2.3,1.9,1,0,6,1,Gap (no page),,no international car page,,
car shipping massachusetts,Secondary,Car shipping,Any,unspecified,Commercial,2.3,1.9,1,0,6,1,Gap (no page),,no international car page,,
car shipping nj to ca,Secondary,Car shipping,Any,unspecified,Commercial,2.3,1.9,1,0,6,1,Gap (no page),,no international car page,,
car shipping payment plan,Secondary,Car shipping,Any,unspecified,Commercial,2.3,1.9,1,0,6,1,Gap (no page),,no international car page,,
car shipping vancouver to edmonton,Secondary,Car shipping,Any,unspecified,Commercial,2.3,1.9,1,0,6,1,Gap (no page),,no international car page,,
xiaomi car shipping,Secondary,Car shipping,Any,unspecified,Commercial,2.3,1.9,1,0,6,1,Gap (no page),,no international car page,,
car shipping to zimbabwe,Secondary,Car shipping,Any,unspecified,Commercial,2.3,1.9,1,0,6,1,Gap (no page),,no international car page,,
how much does it cost to ship something ups,Core,Cost & rates,Any,unspecified,Carrier-brand,1.9,1.9,1,0,8,1,Covered (hub only),/carriers/shipping-with-ups,,,
how much does it cost to ship ups overnight,Core,Cost & rates,Any,unspecified,Carrier-brand,1.9,1.9,1,0,8,1,Covered (hub only),/carriers/shipping-with-ups,,,
cheapest way to ship usps package,Core,Cost & rates,Any,unspecified,Carrier-brand,1.9,1.9,1,0,8,1,Covered (hub only),/carriers/shipping-with-usps,,,/blog/cheapest-way-to-ship-a-package-to-china
courier from canada to india near me,Secondary (en-ca),Parcel & courier,Canada,other-origin,Transactional,2.9,1.89,1,0,3,1,Covered (hub only),/worldwide-destinations/shipping-to-canada,,,/blog/courier-charges-from-canada-to-india
shipment to india from usa,Core,Parcel & courier,India,outbound-US,Commercial,1.7,1.87,1,0,9,1,Covered (hub only),/worldwide-destinations/shipping-to-india,,,
moving to great britain from usa,Core,Moving & relocation,Any,outbound-US,Commercial,1.7,1.87,1,0,9,1,Covered (hub only),/services/reliable-international-relocation-services,,,
moving to australia from usa checklist,Core,Moving & relocation,Australia,outbound-US,Commercial,1.7,1.87,1,0,9,1,Covered (hub only),/worldwide-moving/moving-to-australia,,,
kentex cargo ship to kenya from usa photos,Core,Cargo & freight,Kenya,outbound-US,Commercial,1.7,1.87,1,0,9,1,Covered (hub only),/worldwide-destinations/shipping-to-kenya,,,
moving to germany from usa with dog,Core,Moving & relocation,Germany,outbound-US,Commercial,1.7,1.87,1,0,9,1,Covered (hub only),/worldwide-moving/moving-to-germany,,,
passenger ship to ireland from usa,Core,Parcel & courier,Ireland,outbound-US,Commercial,1.7,1.87,1,0,9,1,Covered (hub only),/worldwide-destinations/shipping-to-ireland,,,
moving dog to ireland from usa,Core,Moving & relocation,Ireland,outbound-US,Commercial,1.7,1.87,1,0,9,1,Covered (hub only),/worldwide-moving/moving-to-ireland,,,
us to singapore shipping time,Core,Parcel & courier,Singapore,outbound-US,Commercial,1.7,1.87,1,0,9,1,Covered (hub only),/worldwide-destinations/shipping-to-singapore,,,
shipping to mexico from us tax id,Core,Customs & rules,Mexico,outbound-US,Commercial,1.7,1.87,1,0,9,1,Covered (hub only),/worldwide-destinations/shipping-to-mexico,,,
process of moving to switzerland from usa,Core,Moving & relocation,Switzerland,outbound-US,Commercial,1.7,1.87,1,0,9,1,Covered (hub only),/worldwide-moving/moving-to-switzerland,,,
rainier overseas movers lawsuit,Core,Moving & relocation,Any,unspecified,Commercial,1.7,1.87,1,0,9,1,Covered (hub only),/services/reliable-international-relocation-services,,,
ship boxes internationally cheap,Core,Cost & rates,Any,unspecified,Commercial,1.7,1.87,1,0,9,1,Covered (hub only),/services/worldwide-shipping,,/blog/ship-internationally,
send luggage overseas australia post,Core,Specific items,Australia,unspecified,Commercial,1.7,1.87,1,0,9,1,Covered (hub only),/worldwide-destinations/shipping-to-australia,,,
sea freight from usa to dubai,Core,Cargo & freight,UAE,outbound-US,Commercial,1.7,1.87,1,0,9,1,Covered (hub only),/worldwide-destinations/shipping-to-uae,,,
international ecommerce shipping jaipur,Core,Business shipping,Any,unspecified,Commercial,1.7,1.87,1,0,9,1,Covered (hub only),/shipping-for-small-business,,,
shipping iphone from usa to india cost,Core,Cost & rates,India,outbound-US,Commercial,1.7,1.87,1,0,9,1,Covered (hub only),/worldwide-destinations/shipping-to-india,,,/blog/what-is-the-cost-of-shipping-from-usa-to-india
sending post to india from usa,Core,Parcel & courier,India,outbound-US,Commercial,1.7,1.87,1,0,9,1,Covered (hub only),/worldwide-destinations/shipping-to-india,,,
cost to ship to india from usa,Core,Cost & rates,India,outbound-US,Commercial,1.7,1.87,1,0,9,1,Covered (hub only),/worldwide-destinations/shipping-to-india,,,/blog/what-is-the-cost-of-shipping-from-usa-to-india
documents courier from usa to india price,Core,Customs & rules,India,outbound-US,Commercial,1.7,1.87,1,0,9,1,Covered (hub only),/worldwide-destinations/shipping-to-india,,,
courier mobile phone from usa to india,Core,Specific items,India,outbound-US,Commercial,1.7,1.87,1,0,9,1,Covered (hub only),/worldwide-destinations/shipping-to-india,,,
postage to the uk from usa,Core,Parcel & courier,UK,outbound-US,Commercial,1.7,1.87,1,0,9,1,Covered (hub only),/worldwide-destinations/shipping-to-uk,,,
shipping fees to canada from us,Core,Parcel & courier,Canada,outbound-US,Commercial,1.7,1.87,1,0,9,1,Covered (hub only),/worldwide-destinations/shipping-to-canada,,,
shipping used items from usa to canada,Core,Parcel & courier,Canada,outbound-US,Commercial,1.7,1.87,1,0,9,1,Covered (hub only),/worldwide-destinations/shipping-to-canada,,,
cheap shipping from usa to nigeria,Core,Cost & rates,Nigeria,outbound-US,Commercial,1.7,1.87,1,0,9,1,Covered (hub only),/worldwide-destinations/shipping-to-nigeria,,,
cheapest shipping from usa to ghana,Core,Cost & rates,Ghana,outbound-US,Commercial,1.7,1.87,1,0,9,1,Covered (hub only),/worldwide-destinations/shipping-to-ghana,,,
container shipping from usa to uae,Core,Cargo & freight,UAE,outbound-US,Commercial,1.7,1.87,1,0,9,1,Covered (hub only),/worldwide-destinations/shipping-to-uae,,,
international shipping abbreviations,Core,Parcel & courier,Any,unspecified,Commercial,1.7,1.87,1,0,9,1,Covered (hub only),/services/worldwide-shipping,,,
international shipping business ideas,Core,Business shipping,Any,unspecified,Commercial,1.7,1.87,1,0,9,1,Covered (hub only),/shipping-for-small-business,,,
international shipping crates,Core,Cost & rates,Any,unspecified,Commercial,1.7,1.87,1,0,9,1,Covered (hub only),/services/worldwide-shipping,,,
international shipping duties and taxes,Core,Customs & rules,Any,unspecified,Commercial,1.7,1.87,1,0,9,1,Covered (hub only),/services/worldwide-shipping,,,
international shipping eei,Core,Parcel & courier,Any,unspecified,Commercial,1.7,1.87,1,0,9,1,Covered (hub only),/services/worldwide-shipping,,,
international shipping from us to uk,Core,Parcel & courier,UK,outbound-US,Commercial,1.7,1.87,1,0,9,1,Covered (hub only),/worldwide-destinations/shipping-to-uk,,,
international shipping grailed,Core,Parcel & courier,Any,unspecified,Commercial,1.7,1.87,1,0,9,1,Covered (hub only),/services/worldwide-shipping,,,
international shipping in philippines,Core,Parcel & courier,Philippines,unspecified,Commercial,1.7,1.87,1,0,9,1,Covered (hub only),/worldwide-destinations/shipping-to-philippines,,,
international shipping japan to australia,Core,Parcel & courier,Australia,unspecified,Commercial,1.7,1.87,1,0,9,1,Covered (hub only),/worldwide-destinations/shipping-to-australia,,,
international shipping kenya,Core,Parcel & courier,Kenya,unspecified,Commercial,1.7,1.87,1,0,9,1,Covered (hub only),/worldwide-destinations/shipping-to-kenya,,,
international shipping laws,Core,Parcel & courier,Any,unspecified,Commercial,1.7,1.87,1,0,9,1,Covered (hub only),/services/worldwide-shipping,,,
international shipping mobile phones,Core,Specific items,Any,unspecified,Commercial,1.7,1.87,1,0,9,1,Covered (hub only),/services/worldwide-shipping,,,
international shipping nordstrom,Core,Parcel & courier,Any,unspecified,Commercial,1.7,1.87,1,0,9,1,Covered (hub only),/services/worldwide-shipping,,,
international shipping regulations,Core,Customs & rules,Any,unspecified,Commercial,1.7,1.87,1,0,9,1,Covered (hub only),/services/worldwide-shipping,,,
international shipping standards,Core,Parcel & courier,Any,unspecified,Commercial,1.7,1.87,1,0,9,1,Covered (hub only),/services/worldwide-shipping,,,
international shipping to china,Core,Parcel & courier,China,unspecified,Commercial,1.7,1.87,1,0,9,1,Covered (hub only),/worldwide-destinations/shipping-to-china,,,
xexymix international shipping,Core,Parcel & courier,Any,unspecified,Commercial,1.7,1.87,1,0,9,1,Covered (hub only),/services/worldwide-shipping,,,
international moving broker,Core,Moving & relocation,Any,unspecified,Commercial,1.7,1.87,1,0,9,1,Covered (hub only),/services/reliable-international-relocation-services,,,
international movers christchurch,Core,Moving & relocation,Any,unspecified,Commercial,1.7,1.87,1,0,9,1,Covered (hub only),/services/reliable-international-relocation-services,,,
international moving grants,Core,Moving & relocation,Any,unspecified,Commercial,1.7,1.87,1,0,9,1,Covered (hub only),/services/reliable-international-relocation-services,,,
worldwide movers hawaii,Core,Moving & relocation,Any,unspecified,Commercial,1.7,1.87,1,0,9,1,Covered (hub only),/services/reliable-international-relocation-services,,,
international movers in new york,Core,Moving & relocation,US-domestic,unspecified,Commercial,1.7,1.87,1,0,9,1,Covered (hub only),/services/cheapest-domestic-relocation-services,,,
international moving lines,Core,Moving & relocation,Any,unspecified,Commercial,1.7,1.87,1,0,9,1,Covered (hub only),/services/reliable-international-relocation-services,,,
international packers & movers mumbai,Core,Moving & relocation,India,unspecified,Commercial,1.7,1.87,1,0,9,1,Covered (hub only),/worldwide-moving/moving-to-india,,,
delight international movers owner,Core,Moving & relocation,Any,unspecified,Commercial,1.7,1.87,1,0,9,1,Covered (hub only),/services/reliable-international-relocation-services,,,
compare international moving quotes,Core,Moving & relocation,Any,unspecified,Commercial,1.7,1.87,1,0,9,1,Covered (hub only),/services/reliable-international-relocation-services,,,
international residential movers,Core,Moving & relocation,Any,unspecified,Commercial,1.7,1.87,1,0,9,1,Covered (hub only),/services/reliable-international-relocation-services,,,
huli international movers vancouver,Core,Moving & relocation,Any,unspecified,Commercial,1.7,1.87,1,0,9,1,Covered (hub only),/services/reliable-international-relocation-services,,,
hermes international movers woburn,Core,Moving & relocation,Any,unspecified,Commercial,1.7,1.87,1,0,9,1,Covered (hub only),/services/reliable-international-relocation-services,,,
p mak international movers yorumlar,Core,Moving & relocation,Any,unspecified,Commercial,1.7,1.87,1,0,9,1,Covered (hub only),/services/reliable-international-relocation-services,,,
package forwarding taiwan,Core,Package forwarding,Any,unspecified,Commercial,1.7,1.87,1,0,9,1,Covered (hub only),/shop-us-stores-ship-worldwide,,,
cheapest way to ship to canada from us,Core,Cost & rates,Canada,outbound-US,Commercial,1.7,1.87,1,0,9,1,Covered (hub only),/worldwide-destinations/shipping-to-canada,,,/blog/cheapest-way-to-ship-from-usa-to-australia
best way to ship from us to canada,Core,Parcel & courier,Canada,outbound-US,Commercial,1.7,1.87,1,0,9,1,Covered (hub only),/worldwide-destinations/shipping-to-canada,,,/blog/the-best-way-to-ship-to-canada-a-comprehensive-guide-for-individuals-and-businesses
best way to ship luggage internationally,Core,Specific items,Any,unspecified,Commercial,1.7,1.87,1,0,9,1,Covered (hub only),/services/worldwide-shipping,,,
shipping vehicle from canada to new zealand,Secondary (en-ca),Car shipping,New Zealand,other-origin,Commercial,2.7,1.86,0,1,9,1,Gap (no page),,no international car page,,
dhl shipping charges from india to usa,Secondary (en-in),Cost & rates,India,inbound-US,Carrier-brand,3.1,1.86,0,1,7,1,Covered (hub only),/carriers/shipping-with-dhl,,,
ups parcel from india to usa,Secondary (en-in),Parcel & courier,India,inbound-US,Carrier-brand,3.1,1.86,1,0,2,1,Covered (hub only),/carriers/shipping-with-ups,,,
car shipping calculator no personal information,Secondary,Car shipping,Any,unspecified,Transactional,1.9,1.85,1,0,8,1,Gap (no page),,no international car page,,
car shipping quotes military discount,Secondary,Car shipping,Any,unspecified,Transactional,1.9,1.85,1,0,8,1,Gap (no page),,no international car page,,
how long does a cargo ship take from usa to australia,Core,Cargo & freight,Australia,outbound-US,Informational,2.3,1.84,1,0,6,1,Covered (hub only),/worldwide-destinations/shipping-to-australia,,,/blog/how-long-does-it-take-to-ship-from-usa-to-australia
can i send parcel to germany,Core,Customs & rules,Germany,unspecified,Informational,2.3,1.84,1,0,6,1,Covered (hub only),/worldwide-destinations/shipping-to-germany,,,
how much does it cost to ship a car from usa to germany,Core,Car shipping,Germany,outbound-US,Informational,2.3,1.84,1,0,6,1,Covered (specific page),,no international car page,/blog/shipping-a-car-from-usa-to-germany,
what can i ship to australia from usa,Core,Customs & rules,Australia,outbound-US,Informational,2.3,1.84,1,0,6,1,Covered (hub only),/worldwide-destinations/shipping-to-australia,,,
sending documents to india from usa,Core,Customs & rules,India,outbound-US,Informational,2.3,1.84,1,0,6,1,Covered (hub only),/worldwide-destinations/shipping-to-india,,,
how much does it cost to ship a phone from usa to ghana,Core,Cost & rates,Ghana,outbound-US,Informational,2.3,1.84,1,0,6,1,Covered (hub only),/worldwide-destinations/shipping-to-ghana,,,
how much does it cost to ship overseas,Core,Cost & rates,Any,unspecified,Informational,2.3,1.84,1,0,6,1,Covered (hub only),/services/worldwide-shipping,,,
how much does it cost to ship to china from usa,Core,Cost & rates,China,outbound-US,Informational,2.3,1.84,1,0,6,1,Covered (hub only),/worldwide-destinations/shipping-to-china,,,
how long does it take to ship goods from china to nigeria,Core,Transit time,Nigeria,unspecified,Informational,2.3,1.84,1,0,6,1,Covered (hub only),/worldwide-destinations/shipping-to-nigeria,,,/blog/how-long-does-it-take-to-ship-from-usa-to-china
cross country movers company,Secondary,Moving & relocation,Any,domestic-US,Transactional,2.3,1.79,1,0,6,1,Covered (hub only),/services/cheapest-domestic-relocation-services,,,
is courier service available from india to usa,Secondary (en-in),Parcel & courier,India,inbound-US,Transactional,2.3,1.79,1,0,6,1,Covered (hub only),/en-in/services/international-shipping-from-india,,/en-in/faq/usa-courier-service,
courier service from india to usa,Secondary (en-in),Parcel & courier,India,inbound-US,Transactional,2.3,1.79,1,0,6,1,Covered (hub only),/en-in/services/international-shipping-from-india,,/en-in/faq/usa-courier-service,
auto transport from oakland ca to hilo hawaii,Secondary,Car shipping,Any,domestic-US,Commercial,2.7,1.78,0,1,9,1,Covered (hub only),/services/auto-transport,,,
cross country movers california,Secondary,Moving & relocation,US-domestic,domestic-US,Commercial,2.7,1.78,0,1,9,1,Covered (hub only),/services/cheapest-domestic-relocation-services,,,
moving to texas dps,Secondary,Moving & relocation,US-domestic,domestic-US,Commercial,2.7,1.78,0,1,9,1,Covered (hub only),/services/cheapest-domestic-relocation-services,,,
moving from california to texas checklist,Secondary,Moving & relocation,US-domestic,domestic-US,Commercial,2.7,1.78,1,0,4,1,Covered (hub only),/services/cheapest-domestic-relocation-services,,/blog/moving-from-california-to-texas-checklist,
moving from texas to new york climate,Secondary,Moving & relocation,US-domestic,domestic-US,Commercial,2.7,1.78,0,1,9,1,Covered (hub only),/services/cheapest-domestic-relocation-services,,/blog/moving-from-new-york-to-texas-cost-and-tips-guide,
shipping from india to usa,Secondary (en-in),Parcel & courier,India,inbound-US,Commercial,2.7,1.78,0,1,9,1,Covered (hub only),/en-in/services/international-shipping-from-india,,,/blog/how-to-ship-from-the-usa-to-india
ems shipping from india to usa,Secondary (en-in),Parcel & courier,India,inbound-US,Commercial,2.7,1.78,1,0,4,1,Covered (hub only),/en-in/services/international-shipping-from-india,,,
shipping cost from india to usa per kg in rupees,Secondary (en-in),Cost & rates,India,inbound-US,Commercial,2.7,1.78,1,0,4,1,Covered (hub only),/en-in/services/international-shipping-from-india,,/blog/usa-to-india-shipping-cost-per-kg,
courier to india to usa,Secondary (en-in),Parcel & courier,India,inbound-US,Commercial,2.7,1.78,1,0,4,1,Covered (hub only),/en-in/services/international-shipping-from-india,,/en-in/faq/usa-courier-service,
car shipping in california,Secondary,Car shipping,US-domestic,domestic-US,Commercial,2.7,1.78,1,0,4,1,Covered (hub only),/services/auto-transport,,,
car shipping state to state,Secondary,Car shipping,Any,domestic-US,Commercial,2.7,1.78,1,0,4,1,Covered (hub only),/services/auto-transport,,,
car transport york,Secondary,Car shipping,Any,domestic-US,Commercial,2.7,1.78,1,0,4,1,Covered (hub only),/services/auto-transport,,,
car transport zirakpur,Secondary,Car shipping,Any,domestic-US,Commercial,2.7,1.78,1,0,4,1,Covered (hub only),/services/auto-transport,,,
cargo ship from india to usa time,Secondary (en-in),Cargo & freight,India,inbound-US,Commercial,2.7,1.78,1,0,4,1,Covered (hub only),/en-in/services/international-shipping-from-india,,/blog/shipping-cargo-from-usa-to-india-cost-process-delivery-time,
cheapest way to ship your car cross country,Secondary,Car shipping,Any,domestic-US,Commercial,2.7,1.78,1,0,4,1,Covered (hub only),/services/auto-transport,,,
parcel from india to usa cost,Secondary (en-in),Cost & rates,India,inbound-US,Commercial,2.7,1.78,1,0,4,1,Covered (hub only),/en-in/services/international-shipping-from-india,,,/blog/what-is-the-cost-of-shipping-from-usa-to-india
fast courier from india to usa,Secondary (en-in),Parcel & courier,India,inbound-US,Commercial,2.7,1.78,1,0,4,1,Covered (hub only),/en-in/services/international-shipping-from-india,,,
india to usa courier how many days,Secondary (en-in),Transit time,India,inbound-US,Commercial,2.7,1.78,1,0,4,1,Covered (hub only),/en-in/services/international-shipping-from-india,,,
medical courier from india to usa,Secondary (en-in),Parcel & courier,India,inbound-US,Commercial,2.7,1.78,1,0,4,1,Covered (hub only),/en-in/services/international-shipping-from-india,,,
tariff on courier from india to usa,Secondary (en-in),Parcel & courier,India,inbound-US,Commercial,2.7,1.78,1,0,4,1,Covered (hub only),/en-in/services/international-shipping-from-india,,,
parcel from india to usa price,Secondary (en-in),Cost & rates,India,inbound-US,Commercial,2.7,1.78,1,0,4,1,Covered (hub only),/en-in/services/international-shipping-from-india,,,
parcel from india to usa tariff,Secondary (en-in),Parcel & courier,India,inbound-US,Commercial,2.7,1.78,1,0,4,1,Covered (hub only),/en-in/services/international-shipping-from-india,,,
fedex courier from india to usa,Secondary (en-in),Parcel & courier,India,inbound-US,Carrier-brand,2.9,1.74,1,0,3,1,Covered (hub only),/carriers/shipping-with-fedex,,,
ups delivery from india to usa,Secondary (en-in),Parcel & courier,India,inbound-US,Carrier-brand,2.9,1.74,1,0,3,1,Covered (hub only),/carriers/shipping-with-ups,,,
car shipping amerifreight/,Secondary,Car shipping,Any,unspecified,Commercial,2.1,1.73,1,0,7,1,Gap (no page),,no international car page,,
car shipping boston,Secondary,Car shipping,Any,unspecified,Commercial,2.1,1.73,1,0,7,1,Gap (no page),,no international car page,,
car shipping carriers,Secondary,Car shipping,Any,unspecified,Commercial,2.1,1.73,1,0,7,1,Gap (no page),,no international car page,,
car shipping enclosed,Secondary,Car shipping,Any,unspecified,Commercial,2.1,1.73,1,0,7,1,Gap (no page),,no international car page,,
car shipping for military,Secondary,Car shipping,Any,unspecified,Commercial,2.1,1.73,1,0,7,1,Gap (no page),,no international car page,,
car shipping germany,Secondary,Car shipping,Germany,unspecified,Commercial,2.1,1.73,1,0,7,1,Gap (no page),,no international car page,,
car shipping how long does it take,Secondary,Car shipping,Any,unspecified,Commercial,2.1,1.73,1,0,7,1,Gap (no page),,no international car page,,
car shipping jacksonville,Secondary,Car shipping,Any,unspecified,Commercial,2.1,1.73,1,0,7,1,Gap (no page),,no international car page,,
car shipping kentucky,Secondary,Car shipping,Any,unspecified,Commercial,2.1,1.73,1,0,7,1,Gap (no page),,no international car page,,
car shipping logo,Secondary,Car shipping,Any,unspecified,Commercial,2.1,1.73,1,0,7,1,Gap (no page),,no international car page,,
car shipping open vs enclosed,Secondary,Car shipping,Any,unspecified,Commercial,2.1,1.73,1,0,7,1,Gap (no page),,no international car page,/blog/enclosed-car-transport,
car shipping philadelphia,Secondary,Car shipping,Any,unspecified,Commercial,2.1,1.73,1,0,7,1,Gap (no page),,no international car page,,
car shipping recommendations,Secondary,Car shipping,Any,unspecified,Commercial,2.1,1.73,1,0,7,1,Gap (no page),,no international car page,,
car shipping scams,Secondary,Car shipping,Any,unspecified,Commercial,2.1,1.73,1,0,7,1,Gap (no page),,no international car page,,
car shipping train,Secondary,Car shipping,Any,unspecified,Commercial,2.1,1.73,1,0,7,1,Gap (no page),,no international car page,,
car shipping vancouver,Secondary,Car shipping,Any,unspecified,Commercial,2.1,1.73,1,0,7,1,Gap (no page),,no international car page,,
ship car from canada to uk,Secondary (en-ca),Car shipping,Canada,other-origin,Commercial,2.5,1.72,0,1,16,1,Gap (no page),,no international car page,/blog/shipping-a-car-from-canada-to-the-us-what-you-need-to-know,
shipping car from canada to australia,Secondary (en-ca),Car shipping,Australia,other-origin,Commercial,2.5,1.72,0,1,14,1,Gap (no page),,no international car page,,
shipping car from canada to uae,Secondary (en-ca),Car shipping,Canada,other-origin,Commercial,2.5,1.72,0,1,12,1,Gap (no page),,no international car page,,
shipping vehicle from canada to uae,Secondary (en-ca),Car shipping,Canada,other-origin,Commercial,2.5,1.72,0,1,16,1,Gap (no page),,no international car page,,
moving to france from canada,Secondary (en-ca),Moving & relocation,Canada,other-origin,Commercial,2.5,1.72,0,1,14,1,Gap (no page),,no moving page for this country,,
shipping vehicle from canada to france,Secondary (en-ca),Car shipping,Canada,other-origin,Commercial,2.5,1.72,0,1,11,1,Gap (no page),,no international car page,,
shipping car from canada to china,Secondary (en-ca),Car shipping,Canada,other-origin,Commercial,2.5,1.72,0,1,14,1,Gap (no page),,no international car page,,
ship car from canada to japan,Secondary (en-ca),Car shipping,Canada,other-origin,Commercial,2.5,1.72,0,1,14,1,Gap (no page),,no international car page,,
moving to jamaica from canada,Secondary (en-ca),Moving & relocation,Jamaica,other-origin,Commercial,2.5,1.72,0,1,18,1,Gap (no page),,no moving page for this country,,
moving to the dominican republic from canada,Secondary (en-ca),Moving & relocation,Dominican Republic,other-origin,Commercial,2.5,1.72,0,1,17,1,Gap (no page),,no moving page for this country,,
courier from canada to india price,Secondary (en-ca),Cost & rates,Canada,other-origin,Commercial,3.1,1.71,1,0,2,1,Covered (hub only),/worldwide-destinations/shipping-to-canada,,,/blog/courier-charges-from-canada-to-india
dhl shipping from nepal to usa,Core,Parcel & courier,Nepal,inbound-US,Carrier-brand,1.7,1.7,1,0,9,1,Covered (hub only),/carriers/shipping-with-dhl,,,
dhl courier from uk to usa,Core,Parcel & courier,UK,inbound-US,Carrier-brand,1.7,1.7,1,0,9,1,Covered (hub only),/carriers/shipping-with-dhl,,,
how to move to singapore from us,Core,Moving & relocation,Singapore,outbound-US,Informational,1.7,1.7,1,0,9,1,Gap (no page),,no moving page for this country,,
dhl shipping from usa to pakistan,Core,Parcel & courier,Pakistan,outbound-US,Carrier-brand,1.7,1.7,1,0,9,1,Covered (hub only),/carriers/shipping-with-dhl,,,
fedex courier from usa to india time,Core,Parcel & courier,India,outbound-US,Carrier-brand,1.7,1.7,1,0,9,1,Covered (hub only),/carriers/shipping-with-fedex,,,
international shipping with dhl,Core,Parcel & courier,Any,unspecified,Carrier-brand,1.7,1.7,1,0,9,1,Covered (hub only),/carriers/shipping-with-dhl,,,
how much does it cost to ship moving boxes ups,Core,Moving & relocation,Any,unspecified,Carrier-brand,1.7,1.7,1,0,9,1,Covered (hub only),/carriers/shipping-with-ups,,,
how much does it cost to ship packages through ups,Core,Cost & rates,Any,unspecified,Carrier-brand,1.7,1.7,1,0,9,1,Covered (hub only),/carriers/shipping-with-ups,,,
how much does it cost to ship vehicle overseas,Core,Car shipping,Any,unspecified,Informational,1.7,1.7,1,0,9,1,Gap (no page),,no international car page,,
how long does it take to ship a package ups,Core,Transit time,Any,unspecified,Carrier-brand,1.7,1.7,1,0,9,1,Covered (hub only),/carriers/shipping-with-ups,,,
usps courier from usa to india,Core,Parcel & courier,India,outbound-US,Carrier-brand,1.7,1.7,1,0,9,1,Covered (hub only),/carriers/shipping-with-usps,,,
how much to send a package to germany from usa,Core,Cost & rates,Germany,outbound-US,Informational,2.1,1.68,1,0,7,1,Covered (hub only),/worldwide-destinations/shipping-to-germany,,,
how much does it cost to ship a car from the us to germany,Core,Car shipping,Germany,outbound-US,Informational,2.1,1.68,1,0,7,1,Covered (specific page),,no international car page,/blog/shipping-a-car-from-usa-to-germany,
can we ship tv from usa to india,Core,Specific items,India,outbound-US,Informational,2.1,1.68,1,0,7,1,Covered (hub only),/worldwide-destinations/shipping-to-india,,,/blog/how-to-ship-from-the-usa-to-india
can we ship electronics from usa to india,Core,Specific items,India,outbound-US,Informational,2.1,1.68,1,0,7,1,Covered (specific page),/worldwide-destinations/shipping-to-india,,/blog/shipping-electronics-from-usa-to-india,
how many people are moving back to india from usa,Core,Moving & relocation,India,outbound-US,Informational,2.1,1.68,1,0,7,1,Covered (hub only),/worldwide-moving/moving-to-india,,,
is shipping to canada from the us considered international,Core,Parcel & courier,Canada,outbound-US,Informational,2.1,1.68,1,0,7,1,Covered (specific page),/worldwide-destinations/shipping-to-canada,,/en-ca/services/international-shipping-from-canada,
how long does it take to ship from us to nigeria,Core,Transit time,Nigeria,outbound-US,Informational,2.1,1.68,1,0,7,1,Covered (hub only),/worldwide-destinations/shipping-to-nigeria,,,
how much does it cost to ship documents internationally,Core,Customs & rules,Any,unspecified,Informational,2.1,1.68,1,0,7,1,Covered (hub only),/services/worldwide-shipping,,,
how long does it take to ship goods from china to ghana,Core,Transit time,Ghana,unspecified,Informational,2.1,1.68,1,0,7,1,Covered (hub only),/worldwide-destinations/shipping-to-ghana,,,/blog/how-long-does-it-take-to-ship-from-usa-to-china
how long does it take to mail international,Core,Transit time,Any,unspecified,Informational,2.1,1.68,1,0,7,1,Covered (hub only),/services/worldwide-shipping,,,
can i ship jewelry internationally,Core,Customs & rules,Any,unspecified,Informational,2.1,1.68,1,0,7,1,Covered (hub only),/services/worldwide-shipping,,,
can i ship vitamins internationally,Core,Customs & rules,Any,unspecified,Informational,2.1,1.68,1,0,7,1,Covered (hub only),/services/worldwide-shipping,,,
can i ship zyns overseas,Core,Customs & rules,Any,unspecified,Informational,2.1,1.68,1,0,7,1,Covered (hub only),/services/worldwide-shipping,,,
car shipping door to door,Secondary,Car shipping,Any,unspecified,Transactional,1.7,1.66,1,0,9,1,Gap (no page),,no international car page,,
car shipping near me services,Secondary,Car shipping,Any,unspecified,Transactional,1.7,1.66,1,0,9,1,Gap (no page),,no international car page,,
car shipping price calculator,Secondary,Car shipping,Any,unspecified,Transactional,1.7,1.66,1,0,9,1,Gap (no page),,no international car page,,
postage to india from usa,Core,Parcel & courier,India,outbound-US,Commercial,1.5,1.65,1,0,10,1,Covered (hub only),/worldwide-destinations/shipping-to-india,,,
movers to india from usa,Core,Moving & relocation,India,outbound-US,Commercial,1.5,1.65,1,0,10,1,Covered (hub only),/worldwide-moving/moving-to-india,,,
courier charges from bangalore to usa,Secondary (en-in),Cost & rates,India,inbound-US,Commercial,2.5,1.65,0,1,18,1,Covered (hub only),/en-in/services/international-shipping-from-india,,,
postage to australia from usa,Core,Parcel & courier,Australia,outbound-US,Commercial,1.5,1.65,1,0,10,1,Covered (hub only),/worldwide-destinations/shipping-to-australia,,,
moving to australia from usa for work,Core,Moving & relocation,Australia,outbound-US,Commercial,1.5,1.65,1,0,10,1,Covered (hub only),/worldwide-moving/moving-to-australia,,,
sending packages to new zealand from usa,Core,Parcel & courier,New Zealand,outbound-US,Commercial,1.5,1.65,1,0,10,1,Covered (hub only),/worldwide-destinations/shipping-to-new-zealand,,,
americans moving to new zealand to live,Secondary,Moving & relocation,New Zealand,domestic-US,Commercial,2.5,1.65,0,1,14,1,Covered (hub only),/services/cheapest-domestic-relocation-services,,,
cost of shipping container to kenya from usa,Core,Cargo & freight,Kenya,outbound-US,Commercial,1.5,1.65,1,0,10,1,Covered (hub only),/worldwide-destinations/shipping-to-kenya,,,
car transport to south africa,Secondary,Car shipping,South Africa,domestic-US,Commercial,2.5,1.65,0,1,16,1,Covered (hub only),/services/auto-transport,,,
ship car from philadelphia to florida,Secondary,Car shipping,US-domestic,domestic-US,Commercial,2.5,1.65,0,1,14,1,Covered (hub only),/services/auto-transport,,,
marvel moving to germany from usa,Core,Moving & relocation,Germany,outbound-US,Commercial,1.5,1.65,1,0,10,1,Covered (hub only),/worldwide-moving/moving-to-germany,,,
moving to northern ireland from usa,Core,Moving & relocation,Ireland,outbound-US,Commercial,1.5,1.65,1,0,10,1,Covered (hub only),/worldwide-moving/moving-to-ireland,,,
sending flowers to italy from usa,Core,Parcel & courier,Italy,outbound-US,Commercial,1.5,1.65,1,0,10,1,Covered (hub only),/worldwide-destinations/shipping-to-italy,,,
shipping containers to jamaica from us,Core,Cargo & freight,Jamaica,outbound-US,Commercial,1.5,1.65,1,0,10,1,Covered (hub only),/worldwide-destinations/shipping-to-jamaica,,,
steps to move to sweden from usa,Core,Moving & relocation,Sweden,outbound-US,Commercial,1.5,1.65,1,0,10,1,Covered (hub only),/worldwide-moving/moving-to-sweden,,,
car transport by ship usa,Secondary,Car shipping,Any,domestic-US,Commercial,2.5,1.65,0,1,18,1,Covered (hub only),/services/auto-transport,,,
cost of moving to switzerland from usa,Core,Moving & relocation,Switzerland,outbound-US,Commercial,1.5,1.65,1,0,10,1,Covered (hub only),/worldwide-moving/moving-to-switzerland,,,
car shipping from wisconsin to california,Secondary,Car shipping,US-domestic,domestic-US,Commercial,2.5,1.65,0,1,17,1,Covered (hub only),/services/auto-transport,,,
shipping from usa to netherlands how long,Core,Transit time,Netherlands,outbound-US,Commercial,1.5,1.65,1,0,10,1,Covered (hub only),/worldwide-destinations/shipping-to-netherlands,,,
overseas packers and movers jaipur,Core,Moving & relocation,Any,unspecified,Commercial,1.5,1.65,1,0,10,1,Covered (hub only),/services/reliable-international-relocation-services,,,
auto transport prices,Secondary,Car shipping,Any,domestic-US,Commercial,2.5,1.65,0,1,10,1,Covered (hub only),/services/auto-transport,,,
auto transporter,Secondary,Car shipping,Any,domestic-US,Commercial,2.5,1.65,0,1,11,1,Covered (hub only),/services/auto-transport,,,
auto transport reviews,Secondary,Car shipping,Any,domestic-US,Commercial,2.5,1.65,0,1,12,1,Covered (hub only),/services/auto-transport,,,
auto transport car shipping,Secondary,Car shipping,Any,domestic-US,Commercial,2.5,1.65,0,1,13,1,Covered (hub only),/services/auto-transport,,,/blog/auto-transport-nationwide-how-to-move-your-car-anywhere-in-the-country
auto transporters online,Secondary,Car shipping,Any,domestic-US,Commercial,2.5,1.65,0,1,14,1,Covered (hub only),/services/auto-transport,,,
auto transport enclosed hauler,Secondary,Car shipping,Any,domestic-US,Commercial,2.5,1.65,0,1,15,1,Covered (hub only),/services/auto-transport,,,
auto transport vehicle shipping,Secondary,Car shipping,Any,domestic-US,Commercial,2.5,1.65,0,1,17,1,Covered (hub only),/services/auto-transport,,,
auto transport columbus ohio,Secondary,Car shipping,Any,domestic-US,Commercial,2.5,1.65,0,1,18,1,Covered (hub only),/services/auto-transport,,,
auto transport and shipping,Secondary,Car shipping,Any,domestic-US,Commercial,2.5,1.65,0,1,19,1,Covered (hub only),/services/auto-transport,,,
auto transport from florida,Secondary,Car shipping,US-domestic,domestic-US,Commercial,2.5,1.65,0,1,20,1,Covered (hub only),/services/auto-transport,,,
auto transport to arizona,Secondary,Car shipping,Any,domestic-US,Commercial,2.5,1.65,0,1,23,1,Covered (hub only),/services/auto-transport,,,
car shipping orlando florida,Secondary,Car shipping,US-domestic,domestic-US,Commercial,2.5,1.65,0,1,25,1,Covered (hub only),/services/auto-transport,,,
cross country movers near san francisco,Secondary,Moving & relocation,Any,domestic-US,Commercial,2.5,1.65,0,1,10,1,Covered (hub only),/services/cheapest-domestic-relocation-services,,,
cross country movers san diego,Secondary,Moving & relocation,Any,domestic-US,Commercial,2.5,1.65,0,1,11,1,Covered (hub only),/services/cheapest-domestic-relocation-services,,,
cross country movers seattle,Secondary,Moving & relocation,Any,domestic-US,Commercial,2.5,1.65,0,1,13,1,Covered (hub only),/services/cheapest-domestic-relocation-services,,,
cross country movers minnesota,Secondary,Moving & relocation,Any,domestic-US,Commercial,2.5,1.65,0,1,14,1,Covered (hub only),/services/cheapest-domestic-relocation-services,,,
cross country movers los angeles,Secondary,Moving & relocation,Any,domestic-US,Commercial,2.5,1.65,0,1,15,1,Covered (hub only),/services/cheapest-domestic-relocation-services,,,
cross country movers new york,Secondary,Moving & relocation,US-domestic,domestic-US,Commercial,2.5,1.65,0,1,16,1,Covered (hub only),/services/cheapest-domestic-relocation-services,,,
cross country movers philadelphia,Secondary,Moving & relocation,Any,domestic-US,Commercial,2.5,1.65,0,1,17,1,Covered (hub only),/services/cheapest-domestic-relocation-services,,,
cross country movers georgia,Secondary,Moving & relocation,Any,domestic-US,Commercial,2.5,1.65,0,1,18,1,Covered (hub only),/services/cheapest-domestic-relocation-services,,,
cross country movers madison wi,Secondary,Moving & relocation,Any,domestic-US,Commercial,2.5,1.65,0,1,19,1,Covered (hub only),/services/cheapest-domestic-relocation-services,,,
cross country movers minneapolis,Secondary,Moving & relocation,Any,domestic-US,Commercial,2.5,1.65,0,1,20,1,Covered (hub only),/services/cheapest-domestic-relocation-services,,,
cross country movers reviews california,Secondary,Moving & relocation,US-domestic,domestic-US,Commercial,2.5,1.65,0,1,21,1,Covered (hub only),/services/cheapest-domestic-relocation-services,,,
cross country movers los angeles to new york,Secondary,Moving & relocation,US-domestic,domestic-US,Commercial,2.5,1.65,0,1,22,1,Covered (hub only),/services/cheapest-domestic-relocation-services,,,
cross country movers madison,Secondary,Moving & relocation,Any,domestic-US,Commercial,2.5,1.65,0,1,23,1,Covered (hub only),/services/cheapest-domestic-relocation-services,,,
cross country movers madison cost,Secondary,Moving & relocation,Any,domestic-US,Commercial,2.5,1.65,0,1,24,1,Covered (hub only),/services/cheapest-domestic-relocation-services,,,
moving to texas checklist,Secondary,Moving & relocation,US-domestic,domestic-US,Commercial,2.5,1.65,1,0,5,1,Covered (hub only),/services/cheapest-domestic-relocation-services,,/blog/moving-from-california-to-texas-checklist,
moving to texas from nj advice,Secondary,Moving & relocation,US-domestic,domestic-US,Commercial,2.5,1.65,0,1,10,1,Covered (hub only),/services/cheapest-domestic-relocation-services,,,
moving to texas from nj cost,Secondary,Moving & relocation,US-domestic,domestic-US,Commercial,2.5,1.65,0,1,11,1,Covered (hub only),/services/cheapest-domestic-relocation-services,,/blog/moving-from-new-york-to-texas-cost-and-tips-guide,
moving to texas meme,Secondary,Moving & relocation,US-domestic,domestic-US,Commercial,2.5,1.65,0,1,13,1,Covered (hub only),/services/cheapest-domestic-relocation-services,,,
moving to texas from nj taxes,Secondary,Moving & relocation,US-domestic,domestic-US,Commercial,2.5,1.65,0,1,15,1,Covered (hub only),/services/cheapest-domestic-relocation-services,,,
moving to texas from nj culture shock,Secondary,Moving & relocation,US-domestic,domestic-US,Commercial,2.5,1.65,0,1,17,1,Covered (hub only),/services/cheapest-domestic-relocation-services,,,
moving to texas from nj pros and cons,Secondary,Moving & relocation,US-domestic,domestic-US,Commercial,2.5,1.65,0,1,18,1,Covered (hub only),/services/cheapest-domestic-relocation-services,,/blog/pros-and-cons-of-moving-to-houston-texas,
moving to texas driver license change,Secondary,Moving & relocation,US-domestic,domestic-US,Commercial,2.5,1.65,0,1,19,1,Covered (hub only),/services/cheapest-domestic-relocation-services,,,
moving to texas from nj best places,Secondary,Moving & relocation,US-domestic,domestic-US,Commercial,2.5,1.65,0,1,20,1,Covered (hub only),/services/cheapest-domestic-relocation-services,,,
moving to texas how to register vehicle,Secondary,Car shipping,US-domestic,domestic-US,Commercial,2.5,1.65,0,1,21,1,Covered (hub only),/services/auto-transport,,,
moving to texas drivers license requirements,Secondary,Moving & relocation,US-domestic,domestic-US,Commercial,2.5,1.65,0,1,23,1,Covered (hub only),/services/cheapest-domestic-relocation-services,,,
moving from california to texas car registration,Secondary,Car shipping,US-domestic,domestic-US,Commercial,2.5,1.65,1,0,5,1,Covered (hub only),/services/auto-transport,,,
moving cost from new york to texas,Secondary,Moving & relocation,US-domestic,domestic-US,Commercial,2.5,1.65,1,0,5,1,Covered (hub only),/services/cheapest-domestic-relocation-services,,/blog/moving-from-new-york-to-texas-cost-and-tips-guide,
shipping crates overseas,Core,Cost & rates,Any,unspecified,Commercial,1.5,1.65,1,0,10,1,Covered (hub only),/services/worldwide-shipping,,,
best way to ship furniture overseas,Core,Moving & relocation,Any,unspecified,Commercial,1.5,1.65,1,0,10,1,Covered (hub only),/services/reliable-international-relocation-services,,,
send luggage overseas from japan,Core,Specific items,Japan,unspecified,Commercial,1.5,1.65,1,0,10,1,Covered (hub only),/worldwide-destinations/shipping-to-japan,,,
sea freight from usa to philippines,Core,Cargo & freight,Philippines,outbound-US,Commercial,1.5,1.65,1,0,10,1,Covered (hub only),/worldwide-destinations/shipping-to-philippines,,,
air cargo from usa to dubai,Core,Cargo & freight,UAE,outbound-US,Commercial,1.5,1.65,1,0,10,1,Covered (hub only),/worldwide-destinations/shipping-to-uae,,,
india to us shipping,Secondary (en-in),Parcel & courier,India,inbound-US,Commercial,2.5,1.65,0,1,14,1,Covered (hub only),/en-in/services/international-shipping-from-india,,,/blog/how-to-ship-from-the-usa-to-india
sending food items to usa from india,Secondary (en-in),Specific items,India,inbound-US,Commercial,2.5,1.65,1,0,5,1,Covered (hub only),/en-in/services/international-shipping-from-india,,/blog/shipping-food-items-from-india-to-usa,
shipment from india to usa,Secondary (en-in),Parcel & courier,India,inbound-US,Commercial,2.5,1.65,0,1,10,1,Covered (hub only),/en-in/services/international-shipping-from-india,,,
international shipping from india to usa,Secondary (en-in),Parcel & courier,India,inbound-US,Commercial,2.5,1.65,0,1,11,1,Covered (hub only),/en-in/services/international-shipping-from-india,,/en-in/services/international-shipping-from-india,
lcl shipping from india to usa,Secondary (en-in),Cargo & freight,India,inbound-US,Commercial,2.5,1.65,1,0,5,1,Covered (hub only),/en-in/services/international-shipping-from-india,,,
moving back to india from usa shipping,Core,Moving & relocation,India,outbound-US,Commercial,1.5,1.65,1,0,10,1,Covered (hub only),/worldwide-moving/moving-to-india,,,
shipping from usa to india customs duty,Core,Customs & rules,India,outbound-US,Commercial,1.5,1.65,1,0,10,1,Covered (hub only),/worldwide-destinations/shipping-to-india,,/blog/what-happens-if-you-refuse-to-pay-customs-duty-in-india,
shipping royal enfield from india to usa,Secondary (en-in),Parcel & courier,India,inbound-US,Commercial,2.5,1.65,1,0,5,1,Covered (hub only),/en-in/services/international-shipping-from-india,,,
sending flowers to india from usa,Core,Parcel & courier,India,outbound-US,Commercial,1.5,1.65,1,0,10,1,Covered (hub only),/worldwide-destinations/shipping-to-india,,,
shipping heavy items from india to usa,Secondary (en-in),Parcel & courier,India,inbound-US,Commercial,2.5,1.65,1,0,5,1,Covered (hub only),/en-in/services/international-shipping-from-india,,/en-in/resources/prohibited-shipping-items,
shipping price from india to usa 1kg,Secondary (en-in),Cost & rates,India,inbound-US,Commercial,2.5,1.65,1,0,5,1,Covered (hub only),/en-in/services/international-shipping-from-india,,,
package delivery to india from usa,Core,Parcel & courier,India,outbound-US,Commercial,1.5,1.65,1,0,10,1,Covered (hub only),/worldwide-destinations/shipping-to-india,,,
send rakhi to india from usa free shipping,Core,Parcel & courier,India,outbound-US,Commercial,1.5,1.65,1,0,10,1,Covered (hub only),/worldwide-destinations/shipping-to-india,,,
sending things to india from usa,Core,Parcel & courier,India,outbound-US,Commercial,1.5,1.65,1,0,10,1,Covered (hub only),/worldwide-destinations/shipping-to-india,,,
cake delivery to india from usa,Core,Parcel & courier,India,outbound-US,Commercial,1.5,1.65,1,0,10,1,Covered (hub only),/worldwide-destinations/shipping-to-india,,,
moving from india to usa in 9th grade,Secondary (en-in),Moving & relocation,India,inbound-US,Commercial,2.5,1.65,1,0,5,1,Covered (hub only),/worldwide-moving/moving-to-india,,,
shipping things to canada from us,Core,Parcel & courier,Canada,outbound-US,Commercial,1.5,1.65,1,0,10,1,Covered (hub only),/worldwide-destinations/shipping-to-canada,,,
international shipping assist,Core,Parcel & courier,Any,unspecified,Commercial,1.5,1.65,1,0,10,1,Covered (hub only),/services/worldwide-shipping,,,
international shipping books,Core,Specific items,Any,unspecified,Commercial,1.5,1.65,1,0,10,1,Covered (hub only),/services/worldwide-shipping,,,
international shipping data,Core,Parcel & courier,Any,unspecified,Commercial,1.5,1.65,1,0,10,1,Covered (hub only),/services/worldwide-shipping,,,
international shipping express,Core,Parcel & courier,Any,unspecified,Commercial,1.5,1.65,1,0,10,1,Covered (hub only),/services/worldwide-shipping,,,
international shipping gls,Core,Parcel & courier,Any,unspecified,Commercial,1.5,1.65,1,0,10,1,Covered (hub only),/services/worldwide-shipping,,,
international shipping korea post,Core,Parcel & courier,Any,unspecified,Commercial,1.5,1.65,1,0,10,1,Covered (hub only),/services/worldwide-shipping,,,
international shipping license type,Core,Parcel & courier,Any,unspecified,Commercial,1.5,1.65,1,0,10,1,Covered (hub only),/services/worldwide-shipping,,,
international shipping movements,Core,Moving & relocation,Any,unspecified,Commercial,1.5,1.65,1,0,10,1,Covered (hub only),/services/reliable-international-relocation-services,,,
international shipping netherlands,Core,Parcel & courier,Netherlands,unspecified,Commercial,1.5,1.65,1,0,10,1,Covered (hub only),/worldwide-destinations/shipping-to-netherlands,,,
international shipping process,Core,Parcel & courier,Any,unspecified,Commercial,1.5,1.65,1,0,10,1,Covered (hub only),/services/worldwide-shipping,,,
international shipping rates comparison,Core,Cost & rates,Any,unspecified,Commercial,1.5,1.65,1,0,10,1,Covered (hub only),/services/worldwide-shipping,,,
international shipping scams,Core,Parcel & courier,Any,unspecified,Commercial,1.5,1.65,1,0,10,1,Covered (hub only),/services/worldwide-shipping,,,
international shipping us to canada,Core,Parcel & courier,Canada,outbound-US,Commercial,1.5,1.65,1,0,10,1,Covered (hub only),/worldwide-destinations/shipping-to-canada,,/en-ca/services/international-shipping-from-canada,
international shipping v bentley case summary,Core,Parcel & courier,Any,unspecified,Commercial,1.5,1.65,1,0,10,1,Covered (hub only),/services/worldwide-shipping,,,
international shipping walmart,Core,Parcel & courier,Any,unspecified,Commercial,1.5,1.65,1,0,10,1,Covered (hub only),/services/worldwide-shipping,,,
xometry international shipping,Core,Parcel & courier,Any,unspecified,Commercial,1.5,1.65,1,0,10,1,Covered (hub only),/services/worldwide-shipping,,,
international movers and packers gurgaon,Core,Moving & relocation,Any,unspecified,Commercial,1.5,1.65,1,0,10,1,Covered (hub only),/services/reliable-international-relocation-services,,,
international moving boston,Core,Moving & relocation,Any,unspecified,Commercial,1.5,1.65,1,0,10,1,Covered (hub only),/services/reliable-international-relocation-services,,,
international movers cape town,Core,Moving & relocation,Any,unspecified,Commercial,1.5,1.65,1,0,10,1,Covered (hub only),/services/reliable-international-relocation-services,,,
international moving day,Core,Moving & relocation,Any,unspecified,Commercial,1.5,1.65,1,0,10,1,Covered (hub only),/services/reliable-international-relocation-services,,,
international moving el paso tx,Core,Moving & relocation,Any,unspecified,Commercial,1.5,1.65,1,0,10,1,Covered (hub only),/services/reliable-international-relocation-services,,,
international moving group srls,Core,Moving & relocation,Any,unspecified,Commercial,1.5,1.65,1,0,10,1,Covered (hub only),/services/reliable-international-relocation-services,,,
international movers in toronto,Core,Moving & relocation,Any,unspecified,Commercial,1.5,1.65,1,0,10,1,Covered (hub only),/services/reliable-international-relocation-services,,,
international movers new jersey,Core,Moving & relocation,Any,unspecified,Commercial,1.5,1.65,1,0,10,1,Covered (hub only),/services/reliable-international-relocation-services,,,
worldwide movers kodiak alaska,Core,Moving & relocation,Any,unspecified,Commercial,1.5,1.65,1,0,10,1,Covered (hub only),/services/reliable-international-relocation-services,,,
international moving los angeles,Core,Moving & relocation,Any,unspecified,Commercial,1.5,1.65,1,0,10,1,Covered (hub only),/services/reliable-international-relocation-services,,,
huli international movers ottawa reviews,Core,Moving & relocation,Any,unspecified,Commercial,1.5,1.65,1,0,10,1,Covered (hub only),/services/reliable-international-relocation-services,,,
international moving prices,Core,Moving & relocation,Any,unspecified,Commercial,1.5,1.65,1,0,10,1,Covered (hub only),/services/reliable-international-relocation-services,,,
gac international moving qatar,Core,Moving & relocation,Any,unspecified,Commercial,1.5,1.65,1,0,10,1,Covered (hub only),/services/reliable-international-relocation-services,,,
international movers turkey,Core,Moving & relocation,Any,unspecified,Commercial,1.5,1.65,1,0,10,1,Covered (hub only),/services/reliable-international-relocation-services,,,
international movers uk to india,Core,Moving & relocation,India,unspecified,Commercial,1.5,1.65,1,0,10,1,Covered (hub only),/worldwide-moving/moving-to-india,,/en-in/services/international-shipping-from-india,
excess international movers reviews,Core,Moving & relocation,Any,unspecified,Commercial,1.5,1.65,1,0,10,1,Covered (hub only),/services/reliable-international-relocation-services,,,
car shipping from hawaii to california,Secondary,Car shipping,US-domestic,domestic-US,Commercial,2.5,1.65,1,0,5,1,Covered (hub only),/services/auto-transport,,,
car shipping hawaii to california,Secondary,Car shipping,US-domestic,domestic-US,Commercial,2.5,1.65,1,0,5,1,Covered (hub only),/services/auto-transport,,,
car shipping transport,Secondary,Car shipping,Any,unspecified,Commercial,2.5,1.65,1,0,5,1,Covered (hub only),/services/auto-transport,,,
car transport yorkshire,Secondary,Car shipping,Any,domestic-US,Commercial,2.5,1.65,1,0,5,1,Covered (hub only),/services/auto-transport,,,
car transport zermatt,Secondary,Car shipping,Any,domestic-US,Commercial,2.5,1.65,1,0,5,1,Covered (hub only),/services/auto-transport,,,
mail forwarding from us,Core,Package forwarding,Any,outbound-US,Commercial,1.5,1.65,1,0,10,1,Covered (hub only),/shop-us-stores-ship-worldwide,,,
package forwarding to germany,Core,Package forwarding,Germany,unspecified,Commercial,1.5,1.65,1,0,10,1,Covered (hub only),/shop-us-stores-ship-worldwide,,,
shipping clothes to india from usa,Core,Specific items,India,outbound-US,Commercial,1.5,1.65,1,0,10,1,Covered (hub only),/worldwide-destinations/shipping-to-india,,,
cheapest way to ship from usa to australia,Core,Cost & rates,Australia,outbound-US,Commercial,1.5,1.65,1,0,10,1,Covered (hub only),/worldwide-destinations/shipping-to-australia,,,/blog/cheapest-way-to-ship-from-usa-to-australia
cheapest way to ship to korea from us,Core,Cost & rates,Any,outbound-US,Commercial,1.5,1.65,1,0,10,1,Covered (hub only),/services/worldwide-shipping,,,/blog/cheapest-way-to-ship-from-usa-to-australia
cheapest way to ship package to canada,Core,Cost & rates,Canada,unspecified,Commercial,1.5,1.65,1,0,10,1,Covered (hub only),/worldwide-destinations/shipping-to-canada,,,/blog/cheapest-way-to-ship-a-package-to-china
cheapest way to ship to brazil from usa,Core,Cost & rates,Brazil,outbound-US,Commercial,1.5,1.65,1,0,10,1,Covered (hub only),/worldwide-destinations/shipping-to-brazil,,,/blog/cheapest-way-to-ship-from-usa-to-australia
best way to ship to china from usa,Core,Parcel & courier,China,outbound-US,Commercial,1.5,1.65,1,0,10,1,Covered (hub only),/worldwide-destinations/shipping-to-china,,,
parcel from india to usa customs,Secondary (en-in),Customs & rules,India,inbound-US,Commercial,2.5,1.65,1,0,5,1,Covered (hub only),/en-in/services/international-shipping-from-india,,,
food courier from india to usa,Secondary (en-in),Specific items,India,inbound-US,Commercial,2.5,1.65,1,0,5,1,Covered (hub only),/en-in/services/international-shipping-from-india,,/en-in/faq/faqs-about-food-courier-service-from-india-to-usa,
courier issues from india to usa,Secondary (en-in),Parcel & courier,India,inbound-US,Commercial,2.5,1.65,1,0,5,1,Covered (hub only),/en-in/services/international-shipping-from-india,,,
parcel charges from india to usa per kg,Secondary (en-in),Cost & rates,India,inbound-US,Commercial,2.5,1.65,1,0,5,1,Covered (hub only),/en-in/services/international-shipping-from-india,,/blog/usa-to-india-shipping-cost-per-kg,
low cost courier from india to usa,Secondary (en-in),Cost & rates,India,inbound-US,Commercial,2.5,1.65,1,0,5,1,Covered (hub only),/en-in/services/international-shipping-from-india,,/en-in/faq/the-cheapest-international-courier-services,
mango courier from india to usa,Secondary (en-in),Parcel & courier,India,inbound-US,Commercial,2.5,1.65,1,0,5,1,Covered (hub only),/en-in/services/international-shipping-from-india,,,
duty on courier from india to usa,Secondary (en-in),Customs & rules,India,inbound-US,Commercial,2.5,1.65,1,0,5,1,Covered (hub only),/en-in/services/international-shipping-from-india,,/blog/courier-iphone-from-usa-to-india,
can i ship car from india to usa,Secondary (en-in),Car shipping,India,inbound-US,Informational,2.7,1.62,1,0,4,1,Gap (no page),,no international car page,,
car shipping weight limit,Secondary,Car shipping,Any,unspecified,Informational,2.7,1.62,1,0,4,1,Gap (no page),,no international car page,,
dhl express courier charges from india to usa,Secondary (en-in),Cost & rates,India,inbound-US,Carrier-brand,2.7,1.62,1,0,4,1,Covered (hub only),/carriers/shipping-with-dhl,,/blog/usa-to-india-shipping-cost-per-kg,/blog/courier-charges-from-canada-to-india
usps parcel from india to usa,Secondary (en-in),Parcel & courier,India,inbound-US,Carrier-brand,2.7,1.62,1,0,4,1,Covered (hub only),/carriers/shipping-with-usps,,,
ship tv from canada to india,Secondary (en-ca),Specific items,Canada,other-origin,Commercial,2.9,1.59,1,0,3,1,Covered (hub only),/worldwide-destinations/shipping-to-canada,,/en-in/worldwide-destinations/shipping-to-canada-from-india,
how much does it cost to ship my car to another state,Secondary,Car shipping,Any,unspecified,Informational,3.3,1.58,1,0,1,1,Covered (hub only),/services/auto-transport,,,
are couriers from india to usa stopped,Secondary (en-in),Parcel & courier,India,inbound-US,Informational,3.3,1.58,1,0,1,1,Covered (hub only),/en-in/services/international-shipping-from-india,,,
can we courier jewellery from india to usa,Secondary (en-in),Parcel & courier,India,inbound-US,Informational,3.3,1.58,1,0,1,1,Covered (hub only),/en-in/services/international-shipping-from-india,,,
can we courier from india to usa,Secondary (en-in),Parcel & courier,India,inbound-US,Informational,3.3,1.58,1,0,1,1,Covered (specific page),/en-in/services/international-shipping-from-india,,/en-in/faq/usa-courier-service,
can you courier medicines from india to usa,Secondary (en-in),Specific items,India,inbound-US,Informational,3.3,1.58,1,0,1,1,Covered (hub only),/en-in/services/international-shipping-from-india,,,
car shipping business,Secondary,Car shipping,Any,unspecified,Commercial,1.9,1.57,1,0,8,1,Gap (no page),,no international car page,,
car shipping davao to manila,Secondary,Car shipping,Philippines,unspecified,Commercial,1.9,1.57,1,0,8,1,Gap (no page),,no international car page,,
car shipping express reviews complaints,Secondary,Car shipping,Any,unspecified,Commercial,1.9,1.57,1,0,8,1,Gap (no page),,no international car page,,
car shipping halifax to calgary,Secondary,Car shipping,Any,unspecified,Commercial,1.9,1.57,1,0,8,1,Gap (no page),,no international car page,,
car shipping in new jersey,Secondary,Car shipping,Any,unspecified,Commercial,1.9,1.57,1,0,8,1,Gap (no page),,no international car page,,
car shipping kings inc photos,Secondary,Car shipping,Any,unspecified,Commercial,1.9,1.57,1,0,8,1,Gap (no page),,no international car page,,
car shipping license in jamaica,Secondary,Car shipping,Jamaica,unspecified,Commercial,1.9,1.57,1,0,8,1,Gap (no page),,no international car page,,
car shipping open carrier,Secondary,Car shipping,Any,unspecified,Commercial,1.9,1.57,1,0,8,1,Gap (no page),,no international car page,,
car shipping pictures,Secondary,Car shipping,Any,unspecified,Commercial,1.9,1.57,1,0,8,1,Gap (no page),,no international car page,,
car shipping receipt,Secondary,Car shipping,Any,unspecified,Commercial,1.9,1.57,1,0,8,1,Gap (no page),,no international car page,,
car shipping seattle,Secondary,Car shipping,Any,unspecified,Commercial,1.9,1.57,1,0,8,1,Gap (no page),,no international car page,,
car shipping via train,Secondary,Car shipping,Any,unspecified,Commercial,1.9,1.57,1,0,8,1,Gap (no page),,no international car page,,
can i ship to new zealand from usa,Core,Customs & rules,New Zealand,outbound-US,Informational,1.9,1.52,1,0,8,1,Covered (hub only),/worldwide-destinations/shipping-to-new-zealand,,,
can i move to sweden from usa,Core,Moving & relocation,Sweden,outbound-US,Informational,1.9,1.52,1,0,8,1,Covered (hub only),/worldwide-moving/moving-to-sweden,,,
auto transport trailer,Secondary,Car shipping,Any,domestic-US,Commercial,2.3,1.52,1,0,6,1,Covered (hub only),/services/auto-transport,,,
moving from california to texas cost,Secondary,Moving & relocation,US-domestic,domestic-US,Commercial,2.3,1.52,1,0,6,1,Covered (hub only),/services/cheapest-domestic-relocation-services,,/blog/moving-from-california-to-texas-checklist,
can you ship furniture overseas,Core,Moving & relocation,Any,unspecified,Informational,1.9,1.52,1,0,8,1,Covered (hub only),/services/reliable-international-relocation-services,,,
expedited shipping from india to usa,Secondary (en-in),Parcel & courier,India,inbound-US,Commercial,2.3,1.52,1,0,6,1,Covered (hub only),/en-in/services/international-shipping-from-india,,,
shipping ghee from india to usa,Secondary (en-in),Parcel & courier,India,inbound-US,Commercial,2.3,1.52,1,0,6,1,Covered (hub only),/en-in/services/international-shipping-from-india,,,
shipping 20 kg from india to usa,Secondary (en-in),Parcel & courier,India,inbound-US,Commercial,2.3,1.52,1,0,6,1,Covered (hub only),/en-in/services/international-shipping-from-india,,,/blog/how-to-ship-from-the-usa-to-india
shipping options from india to usa,Secondary (en-in),Parcel & courier,India,inbound-US,Commercial,2.3,1.52,1,0,6,1,Covered (hub only),/en-in/services/international-shipping-from-india,,,/blog/best-shipping-options-from-usa-to-india-in-2023
courier food items to usa from india,Secondary (en-in),Specific items,India,inbound-US,Commercial,2.3,1.52,1,0,6,1,Covered (hub only),/en-in/services/international-shipping-from-india,,/blog/shipping-food-items-from-india-to-usa,
can an american move to india,Core,Moving & relocation,India,unspecified,Informational,1.9,1.52,1,0,8,1,Covered (hub only),/worldwide-moving/moving-to-india,,,
moving from india to usa in 6th grade,Secondary (en-in),Moving & relocation,India,inbound-US,Commercial,2.3,1.52,1,0,6,1,Covered (hub only),/worldwide-moving/moving-to-india,,,
can i move to india from usa,Core,Moving & relocation,India,outbound-US,Informational,1.9,1.52,1,0,8,1,Covered (hub only),/worldwide-moving/moving-to-india,,,
moving money from india to usa,Secondary (en-in),Moving & relocation,India,inbound-US,Commercial,2.3,1.52,1,0,6,1,Covered (hub only),/worldwide-moving/moving-to-india,,,
international moving guide,Core,Moving & relocation,Any,unspecified,Informational,1.9,1.52,1,0,8,1,Covered (hub only),/services/reliable-international-relocation-services,,,/blog/moving-to-sweden-from-usa-shipping-guide
car shipping from state to state,Secondary,Car shipping,Any,domestic-US,Commercial,2.3,1.52,1,0,6,1,Covered (hub only),/services/auto-transport,,,
car shipping in florida,Secondary,Car shipping,US-domestic,domestic-US,Commercial,2.3,1.52,1,0,6,1,Covered (hub only),/services/auto-transport,,,
car shipping to florida,Secondary,Car shipping,US-domestic,domestic-US,Commercial,2.3,1.52,1,0,6,1,Covered (hub only),/services/auto-transport,,,
car transport yatala,Secondary,Car shipping,Any,domestic-US,Commercial,2.3,1.52,1,0,6,1,Covered (hub only),/services/auto-transport,,,
shipping container charges from india to usa,Secondary (en-in),Cargo & freight,India,inbound-US,Commercial,2.3,1.52,1,0,6,1,Covered (hub only),/en-in/services/international-shipping-from-india,,,
how much does it cost to ship horses overseas,Core,Cost & rates,Any,unspecified,Informational,1.9,1.52,1,0,8,1,Covered (hub only),/services/worldwide-shipping,,,
best way to ship household items across country,Secondary,Moving & relocation,Any,domestic-US,Commercial,2.3,1.52,1,0,6,1,Covered (hub only),/services/cheapest-domestic-relocation-services,,,
can i ship electronics internationally,Core,Customs & rules,Any,unspecified,Informational,1.9,1.52,1,0,8,1,Covered (hub only),/services/worldwide-shipping,,,
can i ship kitchen knives internationally,Core,Customs & rules,Any,unspecified,Informational,1.9,1.52,1,0,8,1,Covered (hub only),/services/worldwide-shipping,,,
can i ship zyns to canada,Core,Customs & rules,Canada,unspecified,Informational,1.9,1.52,1,0,8,1,Covered (hub only),/worldwide-destinations/shipping-to-canada,,,
document courier from india to usa,Secondary (en-in),Customs & rules,India,inbound-US,Commercial,2.3,1.52,1,0,6,1,Covered (hub only),/en-in/services/international-shipping-from-india,,,
garuda seva courier from india to usa,Secondary (en-in),Parcel & courier,India,inbound-US,Commercial,2.3,1.52,1,0,6,1,Covered (hub only),/en-in/services/international-shipping-from-india,,,
courier charges from india to us per kg,Secondary (en-in),Cost & rates,India,inbound-US,Commercial,2.3,1.52,1,0,6,1,Covered (hub only),/en-in/services/international-shipping-from-india,,/blog/usa-to-india-shipping-cost-per-kg,
lowest courier charges from india to usa,Secondary (en-in),Cost & rates,India,inbound-US,Commercial,2.3,1.52,1,0,6,1,Covered (hub only),/en-in/services/international-shipping-from-india,,/blog/usa-to-india-shipping-cost-per-kg,/blog/courier-charges-from-canada-to-india
post office courier from india to usa,Secondary (en-in),Parcel & courier,India,inbound-US,Commercial,2.3,1.52,1,0,6,1,Covered (hub only),/en-in/services/international-shipping-from-india,,,
fedex shipping cost from bangladesh to usa,Core,Cost & rates,Bangladesh,inbound-US,Carrier-brand,1.5,1.5,1,0,10,1,Covered (hub only),/carriers/shipping-with-fedex,,,
how to move to the philippines from america,Core,Moving & relocation,Philippines,outbound-US,Informational,1.5,1.5,1,0,10,1,Gap (no page),,no moving page for this country,,
does fedex ship to france from usa,Core,Parcel & courier,France,outbound-US,Carrier-brand,1.5,1.5,1,0,10,1,Covered (hub only),/carriers/shipping-with-fedex,,,
shipping to mexico from us dhl,Core,Parcel & courier,Mexico,outbound-US,Carrier-brand,1.5,1.5,1,0,10,1,Covered (hub only),/carriers/shipping-with-dhl,,,
can i move to brazil from us,Core,Moving & relocation,Brazil,outbound-US,Informational,1.5,1.5,1,0,10,1,Gap (no page),,no moving page for this country,,
usps postage to sweden from usa,Core,Parcel & courier,Sweden,outbound-US,Carrier-brand,1.5,1.5,1,0,10,1,Covered (hub only),/carriers/shipping-with-usps,,,
how to move to the netherlands from the us,Core,Moving & relocation,Netherlands,outbound-US,Informational,1.5,1.5,1,0,10,1,Gap (no page),,no moving page for this country,,
usps international shipping boxes,Core,Specific items,Any,unspecified,Carrier-brand,1.5,1.5,1,0,10,1,Covered (hub only),/carriers/shipping-with-usps,,,
ups shipping cost from nigeria to usa per kg,Core,Cost & rates,Nigeria,inbound-US,Carrier-brand,1.5,1.5,1,0,10,1,Covered (hub only),/carriers/shipping-with-ups,,,
international shipping options usps,Core,Parcel & courier,Any,unspecified,Carrier-brand,1.5,1.5,1,0,10,1,Covered (hub only),/carriers/shipping-with-usps,,,
how much does it cost to ship cremated remains usps,Core,Cost & rates,Any,unspecified,Carrier-brand,1.5,1.5,1,0,10,1,Covered (hub only),/carriers/shipping-with-usps,,,
how much does it cost to ship envelope ups,Core,Cost & rates,Any,unspecified,Carrier-brand,1.5,1.5,1,0,10,1,Covered (hub only),/carriers/shipping-with-ups,,,
how much does it cost to ship a jacket usps,Core,Cost & rates,Any,unspecified,Carrier-brand,1.5,1.5,1,0,10,1,Covered (hub only),/carriers/shipping-with-usps,,,
how much does it cost to ship media mail usps,Core,Cost & rates,Any,unspecified,Carrier-brand,1.5,1.5,1,0,10,1,Covered (hub only),/carriers/shipping-with-usps,,,
how much does it cost to ship overnight with ups,Core,Cost & rates,Any,unspecified,Carrier-brand,1.5,1.5,1,0,10,1,Covered (hub only),/carriers/shipping-with-ups,,,
how much does it cost to ship a quilt usps,Core,Cost & rates,Any,unspecified,Carrier-brand,1.5,1.5,1,0,10,1,Covered (hub only),/carriers/shipping-with-usps,,,
how much does it cost to ship through usps,Core,Cost & rates,Any,unspecified,Carrier-brand,1.5,1.5,1,0,10,1,Covered (hub only),/carriers/shipping-with-usps,,,
how much does it cost to ship ups per pound,Core,Cost & rates,Any,unspecified,Carrier-brand,1.5,1.5,1,0,10,1,Covered (hub only),/carriers/shipping-with-ups,,,
how much does it cost to ship with dhl,Core,Cost & rates,Any,unspecified,Carrier-brand,1.5,1.5,1,0,10,1,Covered (hub only),/carriers/shipping-with-dhl,,,
how much does it cost to ship your car overseas,Core,Car shipping,Any,unspecified,Informational,1.5,1.5,1,0,10,1,Gap (no page),,no international car page,,
how long does it take to ship with usps ground advantage,Core,Transit time,Any,unspecified,Carrier-brand,1.5,1.5,1,0,10,1,Covered (hub only),/carriers/shipping-with-usps,,,
best way to ship clothes usps,Core,Specific items,Any,unspecified,Carrier-brand,1.5,1.5,1,0,10,1,Covered (hub only),/carriers/shipping-with-usps,,,
best way to ship keys usps,Core,Parcel & courier,Any,unspecified,Carrier-brand,1.5,1.5,1,0,10,1,Covered (hub only),/carriers/shipping-with-usps,,,
can i ship to a ups access point,Core,Customs & rules,Any,unspecified,Carrier-brand,1.5,1.5,1,0,10,1,Covered (hub only),/carriers/shipping-with-ups,,,
ups courier charges from india to usa,Secondary (en-in),Cost & rates,India,inbound-US,Carrier-brand,2.5,1.5,1,0,5,1,Covered (hub only),/carriers/shipping-with-ups,,/blog/usa-to-india-shipping-cost-per-kg,/blog/courier-charges-from-canada-to-india
ship electronics from canada to india,Secondary (en-ca),Specific items,Canada,other-origin,Commercial,2.7,1.49,1,0,4,1,Covered (hub only),/worldwide-destinations/shipping-to-canada,,/blog/shipping-electronics-from-usa-to-india,
shipping from canada to indiana,Secondary (en-ca),Parcel & courier,Canada,other-origin,Commercial,2.7,1.49,1,0,4,1,Covered (hub only),/worldwide-destinations/shipping-to-canada,,,
courier from canada to india price per kg,Secondary (en-ca),Cost & rates,Canada,other-origin,Commercial,2.7,1.49,1,0,4,1,Covered (hub only),/worldwide-destinations/shipping-to-canada,,/blog/usa-to-india-shipping-cost-per-kg,/blog/courier-charges-from-canada-to-india
how to send jewellery by courier from india to usa,Secondary (en-in),Parcel & courier,India,inbound-US,Informational,3.1,1.49,1,0,2,1,Covered (hub only),/en-in/services/international-shipping-from-india,,,
can we get courier from india to usa,Secondary (en-in),Parcel & courier,India,inbound-US,Informational,3.1,1.49,1,0,2,1,Covered (hub only),/en-in/services/international-shipping-from-india,,,
india to usa best courier service,Secondary (en-in),Parcel & courier,India,inbound-US,Transactional,1.9,1.48,1,0,8,1,Covered (hub only),/en-in/services/international-shipping-from-india,,/en-in/faq/usa-courier-service,
courier service from india to usa price,Secondary (en-in),Cost & rates,India,inbound-US,Transactional,1.9,1.48,1,0,8,1,Covered (hub only),/en-in/services/international-shipping-from-india,,/en-in/faq/usa-courier-service,
car shipping rates calculator,Secondary,Car shipping,Any,unspecified,Transactional,1.5,1.46,1,0,10,1,Gap (no page),,no international car page,,
car shipping service cost,Secondary,Car shipping,Any,unspecified,Transactional,1.5,1.46,1,0,10,1,Gap (no page),,no international car page,,
international movers from canada to uk,Secondary (en-ca),Moving & relocation,Canada,other-origin,Commercial,2.1,1.44,1,0,7,1,Gap (no page),,no moving page for this country,/en-ca/services/international-shipping-from-canada,
car shipping albuquerque nm,Secondary,Car shipping,Any,unspecified,Commercial,1.7,1.4,1,0,9,1,Gap (no page),,no international car page,,
car shipping board,Secondary,Car shipping,Any,unspecified,Commercial,1.7,1.4,1,0,9,1,Gap (no page),,no international car page,,
car shipping cost per mile,Secondary,Car shipping,Any,unspecified,Commercial,1.7,1.4,1,0,9,1,Gap (no page),,no international car page,,
car shipping enclosed trailer,Secondary,Car shipping,Any,unspecified,Commercial,1.7,1.4,1,0,9,1,Gap (no page),,no international car page,,
car shipping greensboro nc,Secondary,Car shipping,Any,unspecified,Commercial,1.7,1.4,1,0,9,1,Gap (no page),,no international car page,,
car shipping hawaii to seattle,Secondary,Car shipping,Any,unspecified,Commercial,1.7,1.4,1,0,9,1,Gap (no page),,no international car page,,
car shipping in canada,Secondary,Car shipping,Canada,unspecified,Commercial,1.7,1.4,1,0,9,1,Gap (no page),,no international car page,/blog/shipping-a-car-from-canada-to-the-us-what-you-need-to-know,
car shipping korea,Secondary,Car shipping,Any,unspecified,Commercial,1.7,1.4,1,0,9,1,Gap (no page),,no international car page,,
car shipping logistics,Secondary,Car shipping,Any,unspecified,Commercial,1.7,1.4,1,0,9,1,Gap (no page),,no international car page,,
car shipping manila to davao,Secondary,Car shipping,Philippines,unspecified,Commercial,1.7,1.4,1,0,9,1,Gap (no page),,no international car page,,
car shipping oahu to big island,Secondary,Car shipping,Any,unspecified,Commercial,1.7,1.4,1,0,9,1,Gap (no page),,no international car page,,
car shipping rates per mile,Secondary,Car shipping,Any,unspecified,Commercial,1.7,1.4,1,0,9,1,Gap (no page),,no international car page,,
car shipping sites,Secondary,Car shipping,Any,unspecified,Commercial,1.7,1.4,1,0,9,1,Gap (no page),,no international car page,,
car shipping trailer,Secondary,Car shipping,Any,unspecified,Commercial,1.7,1.4,1,0,9,1,Gap (no page),,no international car page,,
car shipping uk to cyprus,Secondary,Car shipping,UK,unspecified,Commercial,1.7,1.4,1,0,9,1,Gap (no page),,no international car page,,
car shipping virginia,Secondary,Car shipping,Any,unspecified,Commercial,1.7,1.4,1,0,9,1,Gap (no page),,no international car page,,
car shipping by train prices,Secondary,Car shipping,Any,unspecified,Commercial,1.7,1.4,1,0,9,1,Gap (no page),,no international car page,,
car shipping new zealand,Secondary,Car shipping,New Zealand,unspecified,Commercial,1.7,1.4,1,0,9,1,Gap (no page),,no international car page,/blog/shipping-a-car-to-new-zealand-from-usa,
auto transport trailer rental,Secondary,Car shipping,Any,domestic-US,Commercial,2.1,1.39,1,0,7,1,Covered (hub only),/services/auto-transport,,,
cross country movers for small loads,Secondary,Moving & relocation,Any,domestic-US,Commercial,2.1,1.39,1,0,7,1,Covered (hub only),/services/cheapest-domestic-relocation-services,,,
moving from california to texas pros and cons,Secondary,Moving & relocation,US-domestic,domestic-US,Commercial,2.1,1.39,1,0,7,1,Covered (hub only),/services/cheapest-domestic-relocation-services,,/blog/pros-and-cons-of-moving-to-houston-texas,
shipping art from india to usa,Secondary (en-in),Parcel & courier,India,inbound-US,Commercial,2.1,1.39,1,0,7,1,Covered (hub only),/en-in/services/international-shipping-from-india,,,
shipping from india to usa banned,Secondary (en-in),Parcel & courier,India,inbound-US,Commercial,2.1,1.39,1,0,7,1,Covered (hub only),/en-in/services/international-shipping-from-india,,,
economy shipping from india to usa,Secondary (en-in),Parcel & courier,India,inbound-US,Commercial,2.1,1.39,1,0,7,1,Covered (hub only),/en-in/services/international-shipping-from-india,,,
shipping gold from india to usa,Secondary (en-in),Parcel & courier,India,inbound-US,Commercial,2.1,1.39,1,0,7,1,Covered (hub only),/en-in/services/international-shipping-from-india,,,
shipping from india to usa suspended,Secondary (en-in),Parcel & courier,India,inbound-US,Commercial,2.1,1.39,1,0,7,1,Covered (hub only),/en-in/services/international-shipping-from-india,,,
shipping from india to usa time,Secondary (en-in),Parcel & courier,India,inbound-US,Commercial,2.1,1.39,1,0,7,1,Covered (hub only),/en-in/services/international-shipping-from-india,,,
moving from india to usa in 8th grade,Secondary (en-in),Moving & relocation,India,inbound-US,Commercial,2.1,1.39,1,0,7,1,Covered (hub only),/worldwide-moving/moving-to-india,,,
car shipping interstate,Secondary,Car shipping,Any,domestic-US,Commercial,2.1,1.39,1,0,7,1,Covered (hub only),/services/auto-transport,,,
car shipping nj to florida,Secondary,Car shipping,US-domestic,domestic-US,Commercial,2.1,1.39,1,0,7,1,Covered (hub only),/services/auto-transport,,,
car transport yeovil,Secondary,Car shipping,Any,domestic-US,Commercial,2.1,1.39,1,0,7,1,Covered (hub only),/services/auto-transport,,,
container shipping rates india to usa,Secondary (en-in),Cargo & freight,India,inbound-US,Commercial,2.1,1.39,1,0,7,1,Covered (hub only),/en-in/services/international-shipping-from-india,,/blog/usa-to-india-container-shipping-cost,
how much does it cost to ship your car to another state,Secondary,Car shipping,Any,unspecified,Informational,2.9,1.39,1,0,3,1,Covered (hub only),/services/auto-transport,,,
parcel from india to us cost,Secondary (en-in),Cost & rates,India,inbound-US,Commercial,2.1,1.39,1,0,7,1,Covered (hub only),/en-in/services/international-shipping-from-india,,,/blog/what-is-the-cost-of-shipping-from-usa-to-india
garuda parcel from india to usa,Secondary (en-in),Parcel & courier,India,inbound-US,Commercial,2.1,1.39,1,0,7,1,Covered (hub only),/en-in/services/international-shipping-from-india,,,
how to send artificial jewellery by courier from india to usa,Secondary (en-in),Parcel & courier,India,inbound-US,Informational,2.9,1.39,1,0,3,1,Covered (hub only),/en-in/services/international-shipping-from-india,,,
laptop courier charges from india to usa,Secondary (en-in),Cost & rates,India,inbound-US,Commercial,2.1,1.39,1,0,7,1,Covered (hub only),/en-in/services/international-shipping-from-india,,/blog/usa-to-india-shipping-cost-per-kg,/blog/courier-charges-from-canada-to-india
custom duty on courier from india to usa,Secondary (en-in),Customs & rules,India,inbound-US,Commercial,2.1,1.39,1,0,7,1,Covered (hub only),/en-in/services/international-shipping-from-india,,/blog/courier-iphone-from-usa-to-india,
cheap courier from india to usa price,Secondary (en-in),Cost & rates,India,inbound-US,Commercial,2.1,1.39,1,0,7,1,Covered (hub only),/en-in/services/international-shipping-from-india,,,
send courier from india to usa,Secondary (en-in),Parcel & courier,India,inbound-US,Commercial,2.1,1.39,1,0,7,1,Covered (hub only),/en-in/services/international-shipping-from-india,,/en-in/faq/faqs-about-food-courier-service-from-india-to-usa,
sending parcel from india to usa through post office,Secondary (en-in),Parcel & courier,India,inbound-US,Commercial,2.1,1.39,1,0,7,1,Covered (hub only),/en-in/services/international-shipping-from-india,,,
courier from canada to uk,Secondary (en-ca),Parcel & courier,Canada,other-origin,Commercial,2.5,1.38,0,1,15,1,Covered (hub only),/worldwide-destinations/shipping-to-canada,,,/blog/courier-charges-from-canada-to-india
freight shipping from canada to new zealand,Secondary (en-ca),Cargo & freight,New Zealand,other-origin,Commercial,2.5,1.38,0,1,13,1,Covered (hub only),/worldwide-destinations/shipping-to-new-zealand,,,
ship from canada to kenya,Secondary (en-ca),Parcel & courier,Canada,other-origin,Commercial,2.5,1.38,0,1,20,1,Covered (hub only),/worldwide-destinations/shipping-to-canada,,,
shipment from canada to singapore,Secondary (en-ca),Parcel & courier,Singapore,other-origin,Commercial,2.5,1.38,0,1,15,1,Covered (hub only),/worldwide-destinations/shipping-to-singapore,,,
freight shipping from canada to brazil,Secondary (en-ca),Cargo & freight,Canada,other-origin,Commercial,2.5,1.38,0,1,14,1,Covered (hub only),/worldwide-destinations/shipping-to-canada,,,
delivery from canada to india,Secondary (en-ca),Parcel & courier,Canada,other-origin,Commercial,2.5,1.38,1,0,5,1,Covered (hub only),/worldwide-destinations/shipping-to-canada,,/en-in/worldwide-destinations/shipping-to-canada-from-india,
send package to india from canada,Secondary (en-ca),Parcel & courier,Canada,other-origin,Commercial,2.5,1.38,0,1,11,1,Covered (hub only),/worldwide-destinations/shipping-to-canada,,/blog/how-to-send-a-package-to-india-from-canada,
export from canada to india,Secondary (en-ca),Parcel & courier,Canada,other-origin,Commercial,2.5,1.38,0,1,13,1,Covered (hub only),/worldwide-destinations/shipping-to-canada,,/en-in/worldwide-destinations/shipping-to-canada-from-india,
send parcel from canada to india,Secondary (en-ca),Parcel & courier,Canada,other-origin,Commercial,2.5,1.38,0,1,15,1,Covered (hub only),/worldwide-destinations/shipping-to-canada,,/blog/how-to-send-a-package-to-india-from-canada,
courier from canada to india time,Secondary (en-ca),Parcel & courier,Canada,other-origin,Commercial,2.5,1.38,1,0,5,1,Covered (hub only),/worldwide-destinations/shipping-to-canada,,,/blog/courier-charges-from-canada-to-india
dhl courier india to usa price per kg,Secondary (en-in),Cost & rates,India,inbound-US,Carrier-brand,2.3,1.38,1,0,6,1,Covered (hub only),/carriers/shipping-with-dhl,,/blog/usa-to-india-shipping-cost-per-kg,
car shipping rules,Secondary,Car shipping,Any,unspecified,Informational,2.3,1.38,1,0,6,1,Gap (no page),,no international car page,,
cheapest way to ship to new zealand from canada,Secondary (en-ca),Cost & rates,New Zealand,other-origin,Commercial,2.5,1.38,1,0,5,1,Covered (hub only),/worldwide-destinations/shipping-to-new-zealand,,,
fedex courier from india to usa charges,Secondary (en-in),Cost & rates,India,inbound-US,Carrier-brand,2.3,1.38,1,0,6,1,Covered (hub only),/carriers/shipping-with-fedex,,/blog/usa-to-india-shipping-cost-per-kg,/blog/courier-charges-from-canada-to-india
fedex courier from india to usa price,Secondary (en-in),Cost & rates,India,inbound-US,Carrier-brand,2.3,1.38,1,0,6,1,Covered (hub only),/carriers/shipping-with-fedex,,,
ups courier charges from india to usa per kg,Secondary (en-in),Cost & rates,India,inbound-US,Carrier-brand,2.3,1.38,1,0,6,1,Covered (hub only),/carriers/shipping-with-ups,,/blog/usa-to-india-shipping-cost-per-kg,
can i ship to sweden from usa,Core,Customs & rules,Sweden,outbound-US,Informational,1.7,1.36,1,0,9,1,Covered (hub only),/worldwide-destinations/shipping-to-sweden,,,
should i move to sweden from usa,Core,Moving & relocation,Sweden,outbound-US,Informational,1.7,1.36,1,0,9,1,Covered (hub only),/worldwide-moving/moving-to-sweden,,,
how to ship belongings overseas,Core,Parcel & courier,Any,unspecified,Informational,1.7,1.36,1,0,9,1,Covered (hub only),/services/worldwide-shipping,,,
how do you ship furniture overseas,Core,Moving & relocation,Any,unspecified,Informational,1.7,1.36,1,0,9,1,Covered (hub only),/services/reliable-international-relocation-services,,,
should i move to india from usa,Core,Moving & relocation,India,outbound-US,Informational,1.7,1.36,1,0,9,1,Covered (hub only),/worldwide-moving/moving-to-india,,,
international moving expert limited,Core,Moving & relocation,Any,unspecified,Informational,1.7,1.36,1,0,9,1,Covered (hub only),/services/reliable-international-relocation-services,,,
how much does it cost to ship something to canada,Core,Cost & rates,Canada,unspecified,Informational,1.7,1.36,1,0,9,1,Covered (hub only),/worldwide-destinations/shipping-to-canada,,,
how much does it cost to ship to new zealand from usa,Core,Cost & rates,New Zealand,outbound-US,Informational,1.7,1.36,1,0,9,1,Covered (specific page),/worldwide-destinations/shipping-to-new-zealand,,/blog/shipping-a-car-to-new-zealand-from-usa,
how long does it take to ship goods from china to nigeria by sea,Core,Cargo & freight,Nigeria,unspecified,Informational,1.7,1.36,1,0,9,1,Covered (hub only),/worldwide-destinations/shipping-to-nigeria,,,
how long does it take to ship to korea from us,Core,Transit time,Any,outbound-US,Informational,1.7,1.36,1,0,9,1,Covered (hub only),/services/worldwide-shipping,,,
can i ship knives internationally,Core,Customs & rules,Any,unspecified,Informational,1.7,1.36,1,0,9,1,Covered (hub only),/services/worldwide-shipping,,,
is moving back to india from usa bad,Core,Moving & relocation,India,outbound-US,Informational,1.7,1.36,1,0,9,1,Covered (hub only),/worldwide-moving/moving-to-india,,,
auto transport companies that are not brokers,Secondary,Car shipping,Any,domestic-US,Transactional,1.7,1.33,1,0,9,1,Covered (hub only),/services/auto-transport,,,
best courier service from india to usa charges,Secondary (en-in),Cost & rates,India,inbound-US,Transactional,1.7,1.33,1,0,9,1,Covered (hub only),/en-in/services/international-shipping-from-india,,/en-in/faq/usa-courier-service,
can i send food from india to usa,Secondary (en-in),Customs & rules,India,inbound-US,Informational,2.7,1.3,1,0,4,1,Covered (specific page),/en-in/services/international-shipping-from-india,,/blog/shipping-food-items-from-india-to-usa,
how much does it cost to ship car to another state,Secondary,Car shipping,Any,unspecified,Informational,2.7,1.3,1,0,4,1,Covered (hub only),/services/auto-transport,,,
can i ship my car to another state,Secondary,Car shipping,Any,unspecified,Informational,2.7,1.3,1,0,4,1,Covered (hub only),/services/auto-transport,,,
can we courier medicine from india to usa,Secondary (en-in),Specific items,India,inbound-US,Informational,2.7,1.3,1,0,4,1,Covered (hub only),/en-in/services/international-shipping-from-india,,,
shipment from canada to india,Secondary (en-ca),Parcel & courier,Canada,other-origin,Commercial,2.3,1.26,1,0,6,1,Covered (hub only),/worldwide-destinations/shipping-to-canada,,/en-in/worldwide-destinations/shipping-to-canada-from-india,
dhl courier india to usa price,Secondary (en-in),Cost & rates,India,inbound-US,Carrier-brand,2.1,1.26,1,0,7,1,Covered (hub only),/carriers/shipping-with-dhl,,,
car shipping documents,Secondary,Car shipping,Any,unspecified,Informational,2.1,1.26,1,0,7,1,Gap (no page),,no international car page,,
dhl courier charges from india to usa per kg,Secondary (en-in),Cost & rates,India,inbound-US,Carrier-brand,2.1,1.26,1,0,7,1,Covered (hub only),/carriers/shipping-with-dhl,,/blog/usa-to-india-shipping-cost-per-kg,
usps courier charges from india to usa,Secondary (en-in),Cost & rates,India,inbound-US,Carrier-brand,2.1,1.26,1,0,7,1,Covered (hub only),/carriers/shipping-with-usps,,/blog/usa-to-india-shipping-cost-per-kg,/blog/courier-charges-from-canada-to-india
cross country movers tarzana,Secondary,Moving & relocation,Any,domestic-US,Commercial,1.9,1.25,1,0,8,1,Covered (hub only),/services/cheapest-domestic-relocation-services,,,
moving to texas register vehicle,Secondary,Car shipping,US-domestic,domestic-US,Commercial,1.9,1.25,1,0,8,1,Covered (hub only),/services/auto-transport,,,
moving from california to texas taxes,Secondary,Moving & relocation,US-domestic,domestic-US,Commercial,1.9,1.25,1,0,8,1,Covered (hub only),/services/cheapest-domestic-relocation-services,,/blog/moving-from-california-to-texas-checklist,
shipping from india to usa by sea rates,Secondary (en-in),Cargo & freight,India,inbound-US,Commercial,1.9,1.25,1,0,8,1,Covered (hub only),/en-in/services/international-shipping-from-india,,,
shipping ayurvedic medicine from india to usa,Secondary (en-in),Specific items,India,inbound-US,Commercial,1.9,1.25,1,0,8,1,Covered (hub only),/en-in/services/international-shipping-from-india,,,
shipping grocery from india to usa,Secondary (en-in),Parcel & courier,India,inbound-US,Commercial,1.9,1.25,1,0,8,1,Covered (hub only),/en-in/services/international-shipping-from-india,,,
shipping saree from india to usa,Secondary (en-in),Parcel & courier,India,inbound-US,Commercial,1.9,1.25,1,0,8,1,Covered (hub only),/en-in/services/international-shipping-from-india,,,
courier charges india to usa per kg,Secondary (en-in),Cost & rates,India,inbound-US,Commercial,1.9,1.25,1,0,8,1,Covered (hub only),/en-in/services/international-shipping-from-india,,/blog/usa-to-india-shipping-cost-per-kg,
car shipping across states,Secondary,Car shipping,Any,unspecified,Commercial,1.9,1.25,1,0,8,1,Covered (hub only),/services/auto-transport,,,
car shipping from florida to texas,Secondary,Car shipping,US-domestic,domestic-US,Commercial,1.9,1.25,1,0,8,1,Covered (hub only),/services/auto-transport,,,/blog/how-much-to-ship-a-car-to-texas
car shipping georgia to california,Secondary,Car shipping,US-domestic,domestic-US,Commercial,1.9,1.25,1,0,8,1,Covered (hub only),/services/auto-transport,,,
car shipping massachusetts to florida,Secondary,Car shipping,US-domestic,domestic-US,Commercial,1.9,1.25,1,0,8,1,Covered (hub only),/services/auto-transport,,,
car shipping new york to florida,Secondary,Car shipping,US-domestic,domestic-US,Commercial,1.9,1.25,1,0,8,1,Covered (hub only),/services/auto-transport,,,
car shipping to another state,Secondary,Car shipping,Any,unspecified,Commercial,1.9,1.25,1,0,8,1,Covered (hub only),/services/auto-transport,,,
cheapest way to ship a car cross country,Secondary,Car shipping,Any,domestic-US,Commercial,1.9,1.25,1,0,8,1,Covered (hub only),/services/auto-transport,,,
cheapest way to ship vehicle cross country,Secondary,Car shipping,Any,domestic-US,Commercial,1.9,1.25,1,0,8,1,Covered (hub only),/services/auto-transport,,,
best way to ship furniture across country,Secondary,Moving & relocation,Any,domestic-US,Commercial,1.9,1.25,1,0,8,1,Covered (hub only),/services/cheapest-domestic-relocation-services,,,
sending parcel from india to usa cost,Secondary (en-in),Cost & rates,India,inbound-US,Commercial,1.9,1.25,1,0,8,1,Covered (hub only),/en-in/services/international-shipping-from-india,,,/blog/what-is-the-cost-of-shipping-from-usa-to-india
cheapest courier charges from india to usa per kg,Secondary (en-in),Cost & rates,India,inbound-US,Commercial,1.9,1.25,1,0,8,1,Covered (hub only),/en-in/services/international-shipping-from-india,,/blog/usa-to-india-shipping-cost-per-kg,
letter courier charges from india to usa,Secondary (en-in),Cost & rates,India,inbound-US,Commercial,1.9,1.25,1,0,8,1,Covered (hub only),/en-in/services/international-shipping-from-india,,/blog/usa-to-india-shipping-cost-per-kg,/blog/courier-charges-from-canada-to-india
import duty on courier from india to usa,Secondary (en-in),Customs & rules,India,inbound-US,Commercial,1.9,1.25,1,0,8,1,Covered (hub only),/en-in/services/international-shipping-from-india,,/blog/courier-iphone-from-usa-to-india,
tablets courier from india to usa,Secondary (en-in),Parcel & courier,India,inbound-US,Commercial,1.9,1.25,1,0,8,1,Covered (hub only),/en-in/services/international-shipping-from-india,,,
car shipping austin tx,Secondary,Car shipping,Any,unspecified,Commercial,1.5,1.24,1,0,10,1,Gap (no page),,no international car page,,
car shipping bid,Secondary,Car shipping,Any,unspecified,Commercial,1.5,1.24,1,0,10,1,Gap (no page),,no international car page,,
car shipping express llc,Secondary,Car shipping,Any,unspecified,Commercial,1.5,1.24,1,0,10,1,Gap (no page),,no international car page,,
car shipping guyana,Secondary,Car shipping,Any,unspecified,Commercial,1.5,1.24,1,0,10,1,Gap (no page),,no international car page,,
car shipping how much,Secondary,Car shipping,Any,unspecified,Commercial,1.5,1.24,1,0,10,1,Gap (no page),,no international car page,,
car shipping in container,Secondary,Car shipping,Any,unspecified,Commercial,1.5,1.24,1,0,10,1,Gap (no page),,no international car page,,
car shipping knoxville tn,Secondary,Car shipping,Any,unspecified,Commercial,1.5,1.24,1,0,10,1,Gap (no page),,no international car page,,
car shipping long island,Secondary,Car shipping,Any,unspecified,Commercial,1.5,1.24,1,0,10,1,Gap (no page),,no international car page,,
car shipping melbourne to perth,Secondary,Car shipping,Any,unspecified,Commercial,1.5,1.24,1,0,10,1,Gap (no page),,no international car page,,
car shipping north carolina,Secondary,Car shipping,Any,unspecified,Commercial,1.5,1.24,1,0,10,1,Gap (no page),,no international car page,,
car shipping perth to melbourne,Secondary,Car shipping,Any,unspecified,Commercial,1.5,1.24,1,0,10,1,Gap (no page),,no international car page,,
car shipping terminal to terminal,Secondary,Car shipping,Any,unspecified,Commercial,1.5,1.24,1,0,10,1,Gap (no page),,no international car page,,
car shipping vancouver to winnipeg,Secondary,Car shipping,Any,unspecified,Commercial,1.5,1.24,1,0,10,1,Gap (no page),,no international car page,,
car shipping by plane,Secondary,Car shipping,Any,unspecified,Commercial,1.5,1.24,1,0,10,1,Gap (no page),,no international car page,,
how much to ship to brazil from us,Core,Cost & rates,Brazil,outbound-US,Informational,1.5,1.2,1,0,10,1,Covered (hub only),/worldwide-destinations/shipping-to-brazil,,,
moving to texas from nj tips,Secondary,Moving & relocation,US-domestic,domestic-US,Informational,2.5,1.2,0,1,12,1,Covered (specific page),/services/cheapest-domestic-relocation-services,,/blog/moving-from-new-york-to-texas-cost-and-tips-guide,
how to ship tv from usa to india,Core,Specific items,India,outbound-US,Informational,1.5,1.2,1,0,10,1,Covered (hub only),/worldwide-destinations/shipping-to-india,,,/blog/how-to-ship-from-the-usa-to-india
how much does it cost to ship golf clubs internationally,Core,Cost & rates,Any,unspecified,Informational,1.5,1.2,1,0,10,1,Covered (hub only),/services/worldwide-shipping,,,
how much does it cost to ship your car from hawaii to california,Secondary,Car shipping,US-domestic,domestic-US,Informational,2.5,1.2,1,0,5,1,Covered (hub only),/services/auto-transport,,,
how long does it take to ship to the uk from us,Core,Transit time,UK,outbound-US,Informational,1.5,1.2,1,0,10,1,Covered (hub only),/worldwide-destinations/shipping-to-uk,,,
how long does it take to ship your car to another state,Secondary,Car shipping,Any,unspecified,Informational,2.5,1.2,1,0,5,1,Covered (hub only),/services/auto-transport,,,
can i ship nail polish internationally,Core,Customs & rules,Any,unspecified,Informational,1.5,1.2,1,0,10,1,Covered (hub only),/services/worldwide-shipping,,,
can we courier electronic items from india to usa,Secondary (en-in),Parcel & courier,India,inbound-US,Informational,2.5,1.2,1,0,5,1,Covered (hub only),/en-in/services/international-shipping-from-india,,,
how to courier parcel from india to usa,Secondary (en-in),Parcel & courier,India,inbound-US,Informational,2.5,1.2,1,0,5,1,Covered (hub only),/en-in/services/international-shipping-from-india,,,
can we courier mangoes from india to usa,Secondary (en-in),Parcel & courier,India,inbound-US,Informational,2.5,1.2,1,0,5,1,Covered (hub only),/en-in/services/international-shipping-from-india,,,
freight from canada to india,Secondary (en-ca),Cargo & freight,Canada,other-origin,Commercial,2.1,1.16,1,0,7,1,Covered (hub only),/worldwide-destinations/shipping-to-canada,,/en-in/services/freight-forwarding-services-in-india,
dhl courier from india to usa price,Secondary (en-in),Cost & rates,India,inbound-US,Carrier-brand,1.9,1.14,1,0,8,1,Covered (hub only),/carriers/shipping-with-dhl,,,
ups courier price list from india to usa,Secondary (en-in),Cost & rates,India,inbound-US,Carrier-brand,1.9,1.14,1,0,8,1,Covered (hub only),/carriers/shipping-with-ups,,,
moving to texas dmv,Secondary,Moving & relocation,US-domestic,domestic-US,Commercial,1.7,1.12,1,0,9,1,Covered (hub only),/services/cheapest-domestic-relocation-services,,,
moving from california to texas with guns,Secondary,Moving & relocation,US-domestic,domestic-US,Commercial,1.7,1.12,1,0,9,1,Covered (hub only),/services/cheapest-domestic-relocation-services,,/blog/moving-from-california-to-texas-checklist,
air shipping from india to usa,Secondary (en-in),Parcel & courier,India,inbound-US,Commercial,1.7,1.12,1,0,9,1,Covered (hub only),/en-in/services/international-shipping-from-india,,,
shipping time from india to usa by sea,Secondary (en-in),Cargo & freight,India,inbound-US,Commercial,1.7,1.12,1,0,9,1,Covered (hub only),/en-in/services/international-shipping-from-india,,,
garuda shipping from india to usa price,Secondary (en-in),Cost & rates,India,inbound-US,Commercial,1.7,1.12,1,0,9,1,Covered (hub only),/en-in/services/international-shipping-from-india,,,
shipping lanes from india to usa,Secondary (en-in),Parcel & courier,India,inbound-US,Commercial,1.7,1.12,1,0,9,1,Covered (hub only),/en-in/services/international-shipping-from-india,,,
sea shipping from india to usa rates per kg,Secondary (en-in),Cost & rates,India,inbound-US,Commercial,1.7,1.12,1,0,9,1,Covered (hub only),/en-in/services/international-shipping-from-india,,,
shipping snacks from india to usa,Secondary (en-in),Parcel & courier,India,inbound-US,Commercial,1.7,1.12,1,0,9,1,Covered (hub only),/en-in/services/international-shipping-from-india,,,
car shipping florida,Secondary,Car shipping,US-domestic,domestic-US,Commercial,1.7,1.12,1,0,9,1,Covered (hub only),/services/auto-transport,,,
charges for courier from india to usa,Secondary (en-in),Cost & rates,India,inbound-US,Commercial,1.7,1.12,1,0,9,1,Covered (hub only),/en-in/services/international-shipping-from-india,,/blog/usa-to-india-shipping-cost-per-kg,/blog/courier-charges-from-canada-to-india
garuda courier charges from india to usa,Secondary (en-in),Cost & rates,India,inbound-US,Commercial,1.7,1.12,1,0,9,1,Covered (hub only),/en-in/services/international-shipping-from-india,,/blog/usa-to-india-shipping-cost-per-kg,/blog/courier-charges-from-canada-to-india
post office courier charges from india to usa per kg,Secondary (en-in),Cost & rates,India,inbound-US,Commercial,1.7,1.12,1,0,9,1,Covered (hub only),/en-in/services/international-shipping-from-india,,/blog/usa-to-india-shipping-cost-per-kg,
parcel from india to usa tariff rate,Secondary (en-in),Cost & rates,India,inbound-US,Commercial,1.7,1.12,1,0,9,1,Covered (hub only),/en-in/services/international-shipping-from-india,,,
courier sweets from india to usa,Secondary (en-in),Specific items,India,inbound-US,Commercial,1.7,1.12,1,0,9,1,Covered (hub only),/en-in/services/international-shipping-from-india,,,
is vanguard moving from new york to texas,Secondary,Moving & relocation,US-domestic,domestic-US,Informational,2.3,1.1,1,0,6,1,Covered (specific page),/services/cheapest-domestic-relocation-services,,/blog/moving-from-new-york-to-texas-cost-and-tips-guide,
how much does it cost to ship vehicle across country,Secondary,Car shipping,Any,domestic-US,Informational,2.3,1.1,1,0,6,1,Covered (hub only),/services/auto-transport,,,
how much does courier from india to usa cost,Secondary (en-in),Cost & rates,India,inbound-US,Informational,2.3,1.1,1,0,6,1,Covered (specific page),/en-in/services/international-shipping-from-india,,/blog/usa-to-india-shipping-cost-per-kg,
can we courier gold from india to usa,Secondary (en-in),Parcel & courier,India,inbound-US,Informational,2.3,1.1,1,0,6,1,Covered (hub only),/en-in/services/international-shipping-from-india,,,
postage from canada to india,Secondary (en-ca),Parcel & courier,Canada,other-origin,Commercial,1.9,1.04,1,0,8,1,Covered (hub only),/worldwide-destinations/shipping-to-canada,,/en-in/worldwide-destinations/shipping-to-canada-from-india,
parcel from canada to india price,Secondary (en-ca),Cost & rates,Canada,other-origin,Commercial,1.9,1.04,1,0,8,1,Covered (hub only),/worldwide-destinations/shipping-to-canada,,,
shipping cost from india to usa dhl,Secondary (en-in),Cost & rates,India,inbound-US,Carrier-brand,1.7,1.02,1,0,9,1,Covered (hub only),/carriers/shipping-with-dhl,,,/blog/what-is-the-cost-of-shipping-from-usa-to-india
dhl courier india to usa charges,Secondary (en-in),Cost & rates,India,inbound-US,Carrier-brand,1.7,1.02,1,0,9,1,Covered (hub only),/carriers/shipping-with-dhl,,/blog/usa-to-india-shipping-cost-per-kg,/blog/courier-charges-from-canada-to-india
fedex courier india to usa price,Secondary (en-in),Cost & rates,India,inbound-US,Carrier-brand,1.7,1.02,1,0,9,1,Covered (hub only),/carriers/shipping-with-fedex,,,
dhl medicine courier from india to usa,Secondary (en-in),Specific items,India,inbound-US,Carrier-brand,1.7,1.02,1,0,9,1,Covered (hub only),/carriers/shipping-with-dhl,,,
is goldman sachs moving from new york to texas,Secondary,Moving & relocation,US-domestic,domestic-US,Informational,2.1,1.01,1,0,7,1,Covered (specific page),/services/cheapest-domestic-relocation-services,,/blog/moving-from-new-york-to-texas-cost-and-tips-guide,
how much does it cost to ship moving boxes to another state,Secondary,Moving & relocation,Any,unspecified,Informational,2.1,1.01,1,0,7,1,Covered (hub only),/services/reliable-international-relocation-services,,,
how to courier a parcel from india to usa,Secondary (en-in),Parcel & courier,India,inbound-US,Informational,2.1,1.01,1,0,7,1,Covered (hub only),/en-in/services/international-shipping-from-india,,,
how to get courier from india to usa,Secondary (en-in),Parcel & courier,India,inbound-US,Informational,2.1,1.01,1,0,7,1,Covered (hub only),/en-in/services/international-shipping-from-india,,,
can we courier ghee from india to usa,Secondary (en-in),Parcel & courier,India,inbound-US,Informational,2.1,1.01,1,0,7,1,Covered (hub only),/en-in/services/international-shipping-from-india,,,
cross country movers bbb,Secondary,Moving & relocation,Any,domestic-US,Commercial,1.5,0.99,1,0,10,1,Covered (hub only),/services/cheapest-domestic-relocation-services,,,
movers from california to texas,Secondary,Moving & relocation,US-domestic,domestic-US,Commercial,1.5,0.99,1,0,10,1,Covered (hub only),/services/cheapest-domestic-relocation-services,,,/blog/how-much-do-movers-cost-in-california
shipping from india to usa cheapest,Secondary (en-in),Cost & rates,India,inbound-US,Commercial,1.5,0.99,1,0,10,1,Covered (hub only),/en-in/services/international-shipping-from-india,,/en-in/services/cheapest-domestic-relocation-services,
medication courier from india to usa,Secondary (en-in),Parcel & courier,India,inbound-US,Commercial,1.5,0.99,1,0,10,1,Covered (hub only),/en-in/services/international-shipping-from-india,,,
international shipping india to usa,Secondary (en-in),Parcel & courier,India,inbound-US,Commercial,1.5,0.99,1,0,10,1,Covered (hub only),/en-in/services/international-shipping-from-india,,/en-in/services/international-shipping-from-india,
car shipping cross country,Secondary,Car shipping,Any,domestic-US,Commercial,1.5,0.99,1,0,10,1,Covered (hub only),/services/auto-transport,,,
car shipping from california to new york,Secondary,Car shipping,US-domestic,domestic-US,Commercial,1.5,0.99,1,0,10,1,Covered (hub only),/services/auto-transport,,,
cheapest way to ship household goods across country,Secondary,Moving & relocation,Any,domestic-US,Commercial,1.5,0.99,1,0,10,1,Covered (hub only),/services/cheapest-domestic-relocation-services,,,
best way to ship furniture to another state,Secondary,Moving & relocation,Any,unspecified,Commercial,1.5,0.99,1,0,10,1,Covered (hub only),/services/reliable-international-relocation-services,,,
india post courier from india to usa,Secondary (en-in),Parcel & courier,India,inbound-US,Commercial,1.5,0.99,1,0,10,1,Covered (hub only),/en-in/services/international-shipping-from-india,,,
post office courier charges from india to usa,Secondary (en-in),Cost & rates,India,inbound-US,Commercial,1.5,0.99,1,0,10,1,Covered (hub only),/en-in/services/international-shipping-from-india,,/blog/usa-to-india-shipping-cost-per-kg,/blog/courier-charges-from-canada-to-india
postal courier from india to us rates,Secondary (en-in),Cost & rates,India,inbound-US,Commercial,1.5,0.99,1,0,10,1,Covered (hub only),/en-in/services/international-shipping-from-india,,,
courier silver from india to usa,Secondary (en-in),Parcel & courier,India,inbound-US,Commercial,1.5,0.99,1,0,10,1,Covered (hub only),/en-in/services/international-shipping-from-india,,,
parcel from canada to india near me,Secondary (en-ca),Parcel & courier,Canada,other-origin,Transactional,1.5,0.98,1,0,10,1,Covered (hub only),/worldwide-destinations/shipping-to-canada,,,
cargo shipping from canada to india,Secondary (en-ca),Cargo & freight,Canada,other-origin,Commercial,1.7,0.94,1,0,9,1,Covered (hub only),/worldwide-destinations/shipping-to-canada,,/en-in/worldwide-destinations/shipping-to-canada-from-india,
cheapest way to ship to nigeria from canada,Secondary (en-ca),Cost & rates,Nigeria,other-origin,Commercial,1.7,0.94,1,0,9,1,Covered (hub only),/worldwide-destinations/shipping-to-nigeria,,,
can i ship tv from canada to india,Secondary (en-ca),Customs & rules,Canada,other-origin,Informational,2.3,0.92,1,0,6,1,Covered (specific page),/worldwide-destinations/shipping-to-canada,,/en-in/worldwide-destinations/shipping-to-canada-from-india,
is wall street moving from new york to texas,Secondary,Moving & relocation,US-domestic,domestic-US,Informational,1.9,0.91,1,0,8,1,Covered (specific page),/services/cheapest-domestic-relocation-services,,/blog/moving-from-new-york-to-texas-cost-and-tips-guide,
are medicines allowed in courier from india to usa,Secondary (en-in),Customs & rules,India,inbound-US,Informational,1.9,0.91,1,0,8,1,Covered (hub only),/en-in/services/international-shipping-from-india,,,
how to courier medicine from india to usa,Secondary (en-in),Specific items,India,inbound-US,Informational,1.9,0.91,1,0,8,1,Covered (hub only),/en-in/services/international-shipping-from-india,,,
can we courier perfume from india to usa,Secondary (en-in),Parcel & courier,India,inbound-US,Informational,1.9,0.91,1,0,8,1,Covered (hub only),/en-in/services/international-shipping-from-india,,,
fedex courier charges from india to usa per kg,Secondary (en-in),Cost & rates,India,inbound-US,Carrier-brand,1.5,0.9,1,0,10,1,Covered (hub only),/carriers/shipping-with-fedex,,/blog/usa-to-india-shipping-cost-per-kg,
fedex medicine courier from india to usa price,Secondary (en-in),Cost & rates,India,inbound-US,Carrier-brand,1.5,0.9,1,0,10,1,Covered (hub only),/carriers/shipping-with-fedex,,,
ups courier charges per kg from india to usa international,Secondary (en-in),Cost & rates,India,inbound-US,Carrier-brand,1.5,0.9,1,0,10,1,Covered (hub only),/carriers/shipping-with-ups,,/blog/usa-to-india-shipping-cost-per-kg,
is charles schwab moving from new york to texas,Secondary,Moving & relocation,US-domestic,domestic-US,Informational,1.7,0.82,1,0,9,1,Covered (specific page),/services/cheapest-domestic-relocation-services,,/blog/moving-from-new-york-to-texas-cost-and-tips-guide,
how to send a courier from india to usa,Secondary (en-in),Parcel & courier,India,inbound-US,Informational,1.7,0.82,1,0,9,1,Covered (specific page),/en-in/services/international-shipping-from-india,,/en-in/faq/faqs-about-food-courier-service-from-india-to-usa,
what will be courier charges from india to usa,Secondary (en-in),Cost & rates,India,inbound-US,Informational,1.7,0.82,1,0,9,1,Covered (specific page),/en-in/services/international-shipping-from-india,,/blog/usa-to-india-shipping-cost-per-kg,/blog/courier-charges-from-canada-to-india
how to courier mangoes from india to usa,Secondary (en-in),Parcel & courier,India,inbound-US,Informational,1.7,0.82,1,0,9,1,Covered (hub only),/en-in/services/international-shipping-from-india,,,
can we courier oil from india to usa,Secondary (en-in),Parcel & courier,India,inbound-US,Informational,1.7,0.82,1,0,9,1,Covered (hub only),/en-in/services/international-shipping-from-india,,,
can we ship electronics from canada to india,Secondary (en-ca),Specific items,Canada,other-origin,Informational,1.9,0.76,1,0,8,1,Covered (specific page),/worldwide-destinations/shipping-to-canada,,/blog/shipping-electronics-from-usa-to-india,
how many people move from new york to texas,Secondary,Moving & relocation,US-domestic,domestic-US,Informational,1.5,0.72,1,0,10,1,Covered (hub only),/services/cheapest-domestic-relocation-services,,,
is shipping from india to usa stopped,Secondary (en-in),Parcel & courier,India,inbound-US,Informational,1.5,0.72,1,0,10,1,Covered (hub only),/en-in/services/international-shipping-from-india,,,
how much does a courier from india to usa cost,Secondary (en-in),Cost & rates,India,inbound-US,Informational,1.5,0.72,1,0,10,1,Covered (specific page),/en-in/services/international-shipping-from-india,,/blog/usa-to-india-shipping-cost-per-kg,
how much tariff on courier from india to usa,Secondary (en-in),Cost & rates,India,inbound-US,Informational,1.5,0.72,1,0,10,1,Covered (hub only),/en-in/services/international-shipping-from-india,,,
can we send parcel from india to usa now,Secondary (en-in),Parcel & courier,India,inbound-US,Informational,1.5,0.72,1,0,10,1,Covered (hub only),/en-in/services/international-shipping-from-india,,,
can we courier clothes from india to usa,Secondary (en-in),Specific items,India,inbound-US,Informational,1.5,0.72,1,0,10,1,Covered (hub only),/en-in/services/international-shipping-from-india,,,
