url,status,title,title_len,meta_description_len,canonical,canonical_matches_url,meta_robots,lang,hreflang_count,h1,h2_count,words_main,schema_types,internal_inlinks_from_sitemap_pages,images,og_image
https://www.sflworldwide.com,200,Best International Shipping and Moving Company - SFL Worldwide,62,162,https://www.sflworldwide.com,True,"index, follow",en-US,4,International Shipping & Moving Company,10,497,BreadcrumbList;Organization,455,84,https://www.sflworldwide.com/assets/uploads/2023/08/home-ship.png
https://www.sflworldwide.com/en-in,200,Home - Best Shipping and Moving Services across India,53,138,https://www.sflworldwide.com/en-in,True,"index, follow",en-IN,4,Best Shipping & Moving Services across India,10,645,BreadcrumbList;Organization,454,108,https://www.sflworldwide.com/assets/uploads/sites/2/2024/11/landing-india.png
https://www.sflworldwide.com/en-ca,200,Affordable Shipping from Canada to the World,44,154,https://www.sflworldwide.com/en-ca,True,"index, follow",en-CA,4,Affordable Shipping from Canada to the World,7,617,BreadcrumbList;Organization,454,73,https://www.sflworldwide.com/assets/uploads/sites/7/2024/12/canada-img.png
https://www.sflworldwide.com/about-us/accreditations,200,Accreditations - SFL Worldwide,30,133,https://www.sflworldwide.com/about-us/accreditations,True,"index, follow",en-US,4,SFL Worldwide Accreditations,3,510,BreadcrumbList,2,96,https://www.sflworldwide.com/assets/uploads/2023/08/home-ship.png
https://www.sflworldwide.com/about-us,200,SFL Worldwide: Your One-Stop Logistics Partner,46,142,https://www.sflworldwide.com/about-us,True,"index, follow",en-US,4,About SFL Worldwide,12,1087,BreadcrumbList;Organization;VideoObject,391,126,https://www.sflworldwide.com/assets/uploads/2023/08/home-ship.png
https://www.sflworldwide.com/about-us/trusted-reviews,200,Trusted Reviews – SFL Worldwide Global Services,47,123,https://www.sflworldwide.com/about-us/trusted-reviews,True,"index, follow",en-US,4,What Our Customers Say About Our Services,4,421,BreadcrumbList,139,135,https://www.sflworldwide.com/assets/uploads/2023/08/home-ship.png
https://www.sflworldwide.com/best-usa-to-india-courier-services-for-fast-and-affordable-delivery,200,Best Courier Services USA to India | Fast and Affordable,56,150,https://www.sflworldwide.com/best-usa-to-india-courier-services-for-fast-and-affordable-delivery,True,"index, follow",en-US,0,Courier to the USA from India – Fast & Affordable,10,815,BreadcrumbList,0,105,https://www.sflworldwide.com/assets/uploads/2023/08/home-ship.png
https://www.sflworldwide.com/blog/10-best-practices-for-shipping-health-beauty-products-to-canada,200,Shipping Health and Beauty Products to Canada from USA,54,148,https://www.sflworldwide.com/blog/10-best-practices-for-shipping-health-beauty-products-to-canada,True,"index, follow",en-US,0,10 Best Practices for Shipping Beauty Products to Canada,8,1206,,2,30,https://www.sflworldwide.com/assets/uploads/2023/08/home-ship.png
https://www.sflworldwide.com/blog/1kg-craft-items-courier-to-india-shipping-rates,200,1kg Craft Items Courier to India Shipping Rates Guide,53,141,https://www.sflworldwide.com/blog/1kg-craft-items-courier-to-india-shipping-rates,True,"index, follow",en-US,0,"Courier 1 kg Craft Items to India: Shipping Charges, Delivery Time & Tips",8,1607,,2,30,https://www.sflworldwide.com/assets/uploads/2023/08/home-ship.png
https://www.sflworldwide.com/blog/5-tips-for-shipping-gifts-overseas-this-holiday-season,200,Tips For Shipping Gifts Overseas This Holiday Season,52,134,https://www.sflworldwide.com/blog/5-tips-for-shipping-gifts-overseas-this-holiday-season,True,"index, follow",en-US,0,5 TIPS for shipping gifts overseas this holiday season,3,831,,3,30,https://www.sflworldwide.com/assets/uploads/2023/08/home-ship.png
https://www.sflworldwide.com/blog/8-simple-steps-to-ship-your-personal-belongings-to-uk,200,8 Simple Steps to Ship Your Personal Belongings to UK,53,139,https://www.sflworldwide.com/blog/8-simple-steps-to-ship-your-personal-belongings-to-uk,True,"index, follow",en-US,0,8 Simple Steps to Ship Your Personal Belongings to UK,8,1492,,2,30,https://www.sflworldwide.com/assets/uploads/2023/08/home-ship.png
https://www.sflworldwide.com/blog/a-beginners-guide-to-mailing-small-packages,200,A Beginner’s Guide to Mailing Small Packages - SFL Worldwide,60,139,https://www.sflworldwide.com/blog/a-beginners-guide-to-mailing-small-packages,True,"index, follow",en-US,0,A Beginner’s Guide to Mailing Small Packages,2,1507,,2,30,https://www.sflworldwide.com/assets/uploads/2023/08/home-ship.png
https://www.sflworldwide.com/blog/a-complete-guide-to-usps-ground-advantage,200,A Complete Guide to USPS Ground Advantage - SFL Worldwide,57,124,https://www.sflworldwide.com/blog/a-complete-guide-to-usps-ground-advantage,True,"index, follow",en-US,0,A Complete Guide to USPS Ground Advantage,2,1469,,2,30,https://www.sflworldwide.com/assets/uploads/2023/08/home-ship.png
https://www.sflworldwide.com/blog/a-comprehensive-guide-to-billing-address-vs-shipping-address,200,A Comprehensive Guide to Billing Address vs Shipping Address,60,141,https://www.sflworldwide.com/blog/a-comprehensive-guide-to-billing-address-vs-shipping-address,True,"index, follow",en-US,0,Billing Address vs Shipping Address: Key Differences & Why It Matters,6,1587,,2,30,https://www.sflworldwide.com/assets/uploads/2023/08/home-ship.png
https://www.sflworldwide.com/blog/a-comprehensive-guide-to-break-bulk-shipping,200,A Comprehensive Guide to Break Bulk Shipping,44,143,https://www.sflworldwide.com/blog/a-comprehensive-guide-to-break-bulk-shipping,True,"index, follow",en-US,0,A Comprehensive Guide to Break Bulk Shipping,9,1396,,2,30,https://www.sflworldwide.com/assets/uploads/2023/08/home-ship.png
https://www.sflworldwide.com/blog/a-comprehensive-guide-to-royal-mail-delivery-services,200,A Comprehensive Guide to Royal Mail Delivery Services,53,146,https://www.sflworldwide.com/blog/a-comprehensive-guide-to-royal-mail-delivery-services,True,"index, follow",en-US,0,A Comprehensive Guide to Royal Mail Delivery Services,2,1306,,2,30,https://www.sflworldwide.com/assets/uploads/2023/08/home-ship.png
https://www.sflworldwide.com/blog/all-about-ocean-containers-and-volume,200,All About Ocean Containers and its Volume - Specification,57,148,https://www.sflworldwide.com/blog/all-about-ocean-containers-and-volume,True,"index, follow",en-US,0,The A to Z of Ocean Containers: A Complete Shipping Guide,3,1476,,3,31,https://www.sflworldwide.com/assets/uploads/2023/08/home-ship.png
https://www.sflworldwide.com/blog/all-you-need-to-know-about-our-international-courier-charges,200,All you need to know about International Courier Charges,56,153,https://www.sflworldwide.com/blog/all-you-need-to-know-about-our-international-courier-charges,True,"index, follow",en-US,0,Everything you need to know about international courier charges,4,570,,2,30,https://www.sflworldwide.com/assets/uploads/2023/08/home-ship.png
https://www.sflworldwide.com/blog/all-you-need-to-know-about-picklists,200,All You Need to Know About Picklists,36,144,https://www.sflworldwide.com/blog/all-you-need-to-know-about-picklists,True,"index, follow",en-US,0,All About Picklists and Their Roles in Warehouses,2,1056,,2,30,https://www.sflworldwide.com/assets/uploads/2023/08/home-ship.png
https://www.sflworldwide.com/blog/all-you-need-to-know-digital-warehousing,200,All You Need to Know Digital Warehousing,40,152,https://www.sflworldwide.com/blog/all-you-need-to-know-digital-warehousing,True,"index, follow",en-US,0,All You Need to Know Digital Warehousing,10,1426,,2,30,https://www.sflworldwide.com/assets/uploads/2023/08/home-ship.png
https://www.sflworldwide.com/blog/an-overview-of-most-common-international-shipping-documents,200,An overview of Most common international shipping documents,59,134,https://www.sflworldwide.com/blog/an-overview-of-most-common-international-shipping-documents,True,"index, follow",en-US,0,Most Common International Shipping Documents Explained,2,1321,,5,30,https://www.sflworldwide.com/assets/uploads/2023/08/home-ship.png
https://www.sflworldwide.com/blog/an-ultimate-guide-to-making-overseas-moves-easy,200,An Ultimate Guide To Making Overseas Moves Easy,47,142,https://www.sflworldwide.com/blog/an-ultimate-guide-to-making-overseas-moves-easy,True,"index, follow",en-US,0,A Comprehensive Guide To Making Your Overseas Moves Easy,2,1526,,2,35,https://www.sflworldwide.com/assets/uploads/2023/08/home-ship.png
https://www.sflworldwide.com/blog/assortment-planning-retail-success-through-strategies,200,Assortment Planning: Retail Success through Strategies,54,148,https://www.sflworldwide.com/blog/assortment-planning-retail-success-through-strategies,True,"index, follow",en-US,0,Assortment Planning: Retail Success through Strategies,2,1729,,2,30,https://www.sflworldwide.com/assets/uploads/2023/08/home-ship.png
https://www.sflworldwide.com/blog/automated-export-system-aes-filing-a-step-by-step-guide,200,Automated Export System (AES) Filing Step-by-Step Guide,55,138,https://www.sflworldwide.com/blog/automated-export-system-aes-filing-a-step-by-step-guide,True,"index, follow",en-US,0,Automated Export System (AES) Filing: A Step-by-Step Guide,2,981,,2,30,https://www.sflworldwide.com/assets/uploads/2023/08/home-ship.png
https://www.sflworldwide.com/blog/automated-replenishment-how-it-can-help-your-business-never-run-out-of-stock-again,200,Automated Replenishment to Keep Your Business Stocked,53,143,https://www.sflworldwide.com/blog/automated-replenishment-how-it-can-help-your-business-never-run-out-of-stock-again,True,"index, follow",en-US,0,Automated Replenishment: How It Can Help Your Business Never Run Out of Stock Again,2,1480,,2,30,https://www.sflworldwide.com/assets/uploads/2023/08/home-ship.png
https://www.sflworldwide.com/blog/baggage-shipping-from-usa-to-india,200,Baggage Shipping from the USA to India: Cost and Guide 2026,59,137,https://www.sflworldwide.com/blog/baggage-shipping-from-usa-to-india,True,"index, follow",en-US,0,"Baggage Shipping from USA to India: Cost, Delivery Time & Door-to-Door Process (2026 Guide)",12,2032,,2,30,https://www.sflworldwide.com/assets/uploads/2023/08/home-ship.png
https://www.sflworldwide.com/blog/beginning-inventory-all-you-need-to-know,200,Beginning Inventory: All You Need to Know - SFL Worldwide,57,147,https://www.sflworldwide.com/blog/beginning-inventory-all-you-need-to-know,True,"index, follow",en-US,0,Beginning Inventory: All You Need to Know,2,1026,,4,30,https://www.sflworldwide.com/assets/uploads/2023/08/home-ship.png
https://www.sflworldwide.com/blog/best-practices-for-shipping-fragile-electronics-to-nigeria,200,Best Practices for Shipping Fragile Electronics to Nigeria,58,153,https://www.sflworldwide.com/blog/best-practices-for-shipping-fragile-electronics-to-nigeria,True,"index, follow",en-US,0,Best Practices for Shipping Fragile Electronics to Nigeria,11,1148,,2,30,https://www.sflworldwide.com/assets/uploads/2023/08/home-ship.png
https://www.sflworldwide.com/blog/best-shipping-options-for-from-usa-to-china-in-2023,200,Best Shipping Options For from the USA to China in 2023,55,136,https://www.sflworldwide.com/blog/best-shipping-options-for-from-usa-to-china-in-2023,True,"index, follow",en-US,0,Best Shipping Options For from USA to China in 2023,7,1917,,2,34,https://www.sflworldwide.com/assets/uploads/2023/08/home-ship.png
https://www.sflworldwide.com/blog/best-way-to-ship-clothes,200,Best Clothes Shipping Methods: SFL’s Expert Insights,52,149,https://www.sflworldwide.com/blog/best-way-to-ship-clothes,True,"index, follow",en-US,0,Shipping Methods You Need for the Best Way To Ship Clothes,2,2532,,3,30,https://www.sflworldwide.com/assets/uploads/2023/08/home-ship.png
https://www.sflworldwide.com/blog/best-ways-to-reduce-shipping-costs,200,Best Ways to Reduce Shipping Costs Effectively,46,155,https://www.sflworldwide.com/blog/best-ways-to-reduce-shipping-costs,True,"index, follow",en-US,0,Expert Tips and Guide on the Best Ways to Reduce Shipping Costs,2,1152,,5,34,https://www.sflworldwide.com/assets/uploads/2023/08/home-ship.png
https://www.sflworldwide.com/blog/bulk-shipping-a-beginners-guide,200,What is Bulk Shipping? A Beginner’s Guide,41,151,https://www.sflworldwide.com/blog/bulk-shipping-a-beginners-guide,True,"index, follow",en-US,0,Bulk Shipping: A Beginner's Guide,7,1784,,2,30,https://www.sflworldwide.com/assets/uploads/2023/08/home-ship.png
https://www.sflworldwide.com/blog/can-i-print-shipping-labels-on-regular-paper,200,Can I Print Shipping Labels on Regular Paper?,45,136,https://www.sflworldwide.com/blog/can-i-print-shipping-labels-on-regular-paper,True,"index, follow",en-US,0,Can I Print Shipping Labels on Regular Paper?,9,1141,,2,30,https://www.sflworldwide.com/assets/uploads/2023/08/home-ship.png
https://www.sflworldwide.com/blog/can-you-mail-wrapped-gifts-your-guide-to-sending-wrapped-presents,200,Can You Mail Wrapped Gifts? A Simple Shipping Guide,51,150,https://www.sflworldwide.com/blog/can-you-mail-wrapped-gifts-your-guide-to-sending-wrapped-presents,True,"index, follow",en-US,0,Can You Mail Wrapped Gifts? Your Guide to Sending Wrapped Presents,3,972,,2,30,https://www.sflworldwide.com/assets/uploads/2023/08/home-ship.png
https://www.sflworldwide.com/blog/canada-shipping-restrictions,200,Size and Weight Restrictions for Shipping to Canada,51,151,https://www.sflworldwide.com/blog/canada-shipping-restrictions,True,"index, follow",en-US,0,Are there Any Size or Weight Restrictions for Packages Shipped to Canada?,2,642,,2,30,https://www.sflworldwide.com/assets/uploads/2023/08/home-ship.png
https://www.sflworldwide.com/blog/car-part-shipping-the-ultimate-ecommerce-guide,200,Car Part Shipping: The Ultimate ecommerce Guide,47,144,https://www.sflworldwide.com/blog/car-part-shipping-the-ultimate-ecommerce-guide,True,"index, follow",en-US,0,Car Part Shipping: The Ultimate eCommerce Guide,2,2940,,2,30,https://www.sflworldwide.com/assets/uploads/2023/08/home-ship.png
https://www.sflworldwide.com/blog/car-shipping-from-usa-to-uk-cost-customs-guide-2026,200,Car Shipping from USA to UK: Cost and Customs Guide 2026,56,149,https://www.sflworldwide.com/blog/car-shipping-from-usa-to-uk-cost-customs-guide-2026,True,"index, follow",en-US,0,Car Shipping from USA to UK: Cost & Customs Guide 2026,11,1943,,2,30,https://www.sflworldwide.com/blog/Car%20shipping%20from%20USA%20to%20UK.png
https://www.sflworldwide.com/blog/certificate-of-origin-what-it-is-and-why-its-important-for-shipping,200,Certificate of Origin: What It Is and Why It Matters,52,135,https://www.sflworldwide.com/blog/certificate-of-origin-what-it-is-and-why-its-important-for-shipping,True,"index, follow",en-US,0,Certificate of Origin: What It Is and Why It’s Important for Shipping,2,1212,,2,30,https://www.sflworldwide.com/assets/uploads/2023/08/home-ship.png
https://www.sflworldwide.com/blog/cheapest-way-to-ship-furniture-out-of-state-a-guide,200,Cheapest Way to Ship Furniture Out of State: A Guide,52,147,https://www.sflworldwide.com/blog/cheapest-way-to-ship-furniture-out-of-state-a-guide,True,"index, follow",en-US,0,Cheapest Way to Ship Furniture Out of State: A Guide,2,1172,,2,30,https://www.sflworldwide.com/assets/uploads/2023/08/home-ship.png
https://www.sflworldwide.com/blog/choosing-the-right-eco-friendly-packaging-for-your-products,200,Choosing the Right Eco-Friendly Packaging for Products,54,150,https://www.sflworldwide.com/blog/choosing-the-right-eco-friendly-packaging-for-your-products,True,"index, follow",en-US,0,Choosing the Right Eco-Friendly Packaging for Your Products?,2,1750,,2,30,https://www.sflworldwide.com/assets/uploads/2023/08/home-ship.png
https://www.sflworldwide.com/blog/clamshell-packaging-what-you-need-to-know,200,Clamshell Packaging: What You Need to Know,42,153,https://www.sflworldwide.com/blog/clamshell-packaging-what-you-need-to-know,True,"index, follow",en-US,0,Clamshell Packaging: What You Need to Know,8,1694,,2,30,https://www.sflworldwide.com/assets/uploads/2023/08/home-ship.png
https://www.sflworldwide.com/blog/common-shipping-mistakes-to-avoid,200,How to These Avoid Common Shipping Mistakes,43,154,https://www.sflworldwide.com/blog/common-shipping-mistakes-to-avoid,True,"index, follow",en-US,0,In-Depth Look at the Top Common Shipping Mistakes To Avoid,2,1081,,2,30,https://www.sflworldwide.com/assets/uploads/2023/08/home-ship.png
https://www.sflworldwide.com/blog/comprehensive-guide-on-shipping-toys-to-china,200,Shipping Children’s Items and Toys to China from USA,52,150,https://www.sflworldwide.com/blog/comprehensive-guide-on-shipping-toys-to-china,True,"index, follow",en-US,0,The A to Z Guide of Shipping Children's Items to China,3,1611,,2,30,https://www.sflworldwide.com/assets/uploads/2023/08/home-ship.png
https://www.sflworldwide.com/blog/concept-of-cross-docking-everything-you-need-to-know,200,Concept of Cross-Docking: Everything You Need To Know,53,141,https://www.sflworldwide.com/blog/concept-of-cross-docking-everything-you-need-to-know,True,"index, follow",en-US,0,Concept of Cross-Docking: Everything You Need To Know,2,2302,,2,30,https://www.sflworldwide.com/assets/uploads/2023/08/home-ship.png
https://www.sflworldwide.com/blog/container-shipping-cost-canada-to-india,200,Container Shipping Cost from Canada to India in 2026,52,145,https://www.sflworldwide.com/blog/container-shipping-cost-canada-to-india,True,"index, follow",en-US,0,How Much Does It Cost to Ship a Container from Canada to India in 2026?,12,1864,,2,30,https://www.sflworldwide.com/assets/uploads/2023/08/home-ship.png
https://www.sflworldwide.com/blog/cost-to-move-to-switzerland,200,How Much Does It Cost to Move to Switzerland in 2026?,53,147,https://www.sflworldwide.com/blog/cost-to-move-to-switzerland,True,"index, follow",en-US,0,How Much Does It Cost to Move to Switzerland? Complete Moving Guide,13,1202,,2,30,https://www.sflworldwide.com/assets/uploads/2023/08/home-ship.png
https://www.sflworldwide.com/blog/courier-iphone-from-usa-to-india,200,Can I Courier an iPhone from the USA to India? Rules and Duty Guide,67,160,https://www.sflworldwide.com/blog/courier-iphone-from-usa-to-india,True,"index, follow",en-US,0,"Can I Courier an iPhone from USA to India? Rules, Customs Duty & Safe Shipping Guide",10,1797,,2,30,https://www.sflworldwide.com/assets/uploads/2023/08/home-ship.png
https://www.sflworldwide.com/blog/cross-country-furniture-shipping-a-guide,200,Cross Country Furniture Shipping: A Guide - SFL Worldwide,57,146,https://www.sflworldwide.com/blog/cross-country-furniture-shipping-a-guide,True,"index, follow",en-US,0,Cross Country Furniture Shipping: A Guide,2,1451,,2,30,https://www.sflworldwide.com/assets/uploads/2023/08/home-ship.png
https://www.sflworldwide.com/blog/custom-duty-explained,200,Understanding Custom Duty: A Complete Guide,43,136,https://www.sflworldwide.com/blog/custom-duty-explained,True,"index, follow",en-US,0,Everything You Need to Know About Customs Duty Explained,1,326,,5,30,https://www.sflworldwide.com/assets/uploads/2023/08/home-ship.png
https://www.sflworldwide.com/blog/custom-requirements,200,Customs Forms Requirements for Shipping to France,49,146,https://www.sflworldwide.com/blog/custom-requirements,True,"index, follow",en-US,0,Customs Forms Requirements for Shipping to France,4,1062,,2,30,https://www.sflworldwide.com/assets/uploads/2023/08/home-ship.png
https://www.sflworldwide.com/blog/ddu-and-ddp-whats-the-difference,200,DDU vs DDP: What are the Key Differences?,41,155,https://www.sflworldwide.com/blog/ddu-and-ddp-whats-the-difference,True,"index, follow",en-US,0,DDU and DDP: What’s the Difference?,8,1704,,2,30,https://www.sflworldwide.com/assets/uploads/2023/08/home-ship.png
https://www.sflworldwide.com/blog/declaring-an-accurate-shipment-customs-value,200,Declaring an Accurate Shipment Customs Value - SFL Worldwide,60,152,https://www.sflworldwide.com/blog/declaring-an-accurate-shipment-customs-value,True,"index, follow",en-US,0,Declaring an Accurate Shipment Customs Value,12,1460,,2,30,https://www.sflworldwide.com/assets/uploads/2023/08/home-ship.png
https://www.sflworldwide.com/blog/decoding-usps-awaiting-item-understanding-the-meaning-and-implications,200,USPS “Awaiting Item”: Meaning and Implications Explained,56,142,https://www.sflworldwide.com/blog/decoding-usps-awaiting-item-understanding-the-meaning-and-implications,True,"index, follow",en-US,0,"Decoding ""USPS Awaiting Item"" - Understanding the Meaning and Implications",2,642,,2,30,https://www.sflworldwide.com/assets/uploads/2023/08/home-ship.png
https://www.sflworldwide.com/blog/decoupling-inventory,200,Decoupling Inventory - SFL Worldwide,36,141,https://www.sflworldwide.com/blog/decoupling-inventory,True,"index, follow",en-US,0,Decoupling Inventory,7,1133,,2,30,https://www.sflworldwide.com/assets/uploads/2023/08/home-ship.png
https://www.sflworldwide.com/blog/delivery-exceptions-what-you-need-to-know,200,Delivery Exceptions: What You Need to Know - SFL Worldwide,58,134,https://www.sflworldwide.com/blog/delivery-exceptions-what-you-need-to-know,True,"index, follow",en-US,0,Delivery Exceptions: What You Need to Know,2,1585,,2,30,https://www.sflworldwide.com/assets/uploads/2023/08/home-ship.png
https://www.sflworldwide.com/blog/detailed-guide-on-how-to-pack-clothes-for-moving,200,Move Smart: Pack Clothes for Moving Step-by-Step Guide - SFL,60,135,https://www.sflworldwide.com/blog/detailed-guide-on-how-to-pack-clothes-for-moving,True,"index, follow",en-US,0,Step-by-Step Detailed Guide on How to Pack Clothes for Moving,2,1498,,3,30,https://www.sflworldwide.com/assets/uploads/2023/08/home-ship.png
https://www.sflworldwide.com/blog/dhl-ecommerce-vs-dhl-express-choosing-the-right-service-for-your-business,200,DHL ecommerce vs DHL Express: Choose the Right Service,54,155,https://www.sflworldwide.com/blog/dhl-ecommerce-vs-dhl-express-choosing-the-right-service-for-your-business,True,"index, follow",en-US,0,DHL eCommerce vs DHL Express: Choosing the Right Service for Your Business,2,1332,,1,31,https://www.sflworldwide.com/assets/uploads/2023/08/home-ship.png
https://www.sflworldwide.com/blog/difference-between-bulk-and-break-bulk-cargo,200,Difference Between Bulk and Break Bulk Cargo,44,154,https://www.sflworldwide.com/blog/difference-between-bulk-and-break-bulk-cargo,True,"index, follow",en-US,0,Difference Between Bulk and Break Bulk Cargo,7,1811,,2,30,https://www.sflworldwide.com/assets/uploads/2023/08/home-ship.png
https://www.sflworldwide.com/blog/difference-between-cardboard-and-corrugated-box,200,Difference Between Cardboard and Corrugated Box,47,145,https://www.sflworldwide.com/blog/difference-between-cardboard-and-corrugated-box,True,"index, follow",en-US,0,Difference Between Cardboard and Corrugated Box,6,1578,,2,30,https://www.sflworldwide.com/assets/uploads/2023/08/home-ship.png
https://www.sflworldwide.com/blog/difference-between-freight-cargo-shipping,200,Difference Between Freight and Cargo Shipping,45,152,https://www.sflworldwide.com/blog/difference-between-freight-cargo-shipping,True,"index, follow",en-US,0,Difference Between Freight & Cargo Shipping,10,1656,,3,30,https://www.sflworldwide.com/assets/uploads/2023/08/home-ship.png
https://www.sflworldwide.com/blog/difference-between-inner-dimensions-and-outer-dimensions,200,Difference Between Inner Dimensions and Outer Dimensions,56,150,https://www.sflworldwide.com/blog/difference-between-inner-dimensions-and-outer-dimensions,True,"index, follow",en-US,0,Difference Between Inner Dimensions and Outer Dimensions,2,1068,,3,31,https://www.sflworldwide.com/assets/uploads/2023/08/home-ship.png
https://www.sflworldwide.com/blog/difference-between-packaging-and-labeling,200,Difference Between Packaging and Labeling,41,141,https://www.sflworldwide.com/blog/difference-between-packaging-and-labeling,True,"index, follow",en-US,0,Difference Between Packaging and Labeling,6,1478,,2,30,https://www.sflworldwide.com/assets/uploads/2023/08/home-ship.png
https://www.sflworldwide.com/blog/differences-between-warehouse-and-fulfillment-center,200,Differences Between Warehouse and Fulfillment Center,52,155,https://www.sflworldwide.com/blog/differences-between-warehouse-and-fulfillment-center,True,"index, follow",en-US,0,Differences Between Warehouse and Fulfillment Center,8,1831,,2,30,https://www.sflworldwide.com/assets/uploads/2023/08/home-ship.png
https://www.sflworldwide.com/blog/do-shipping-labels-expire,200,Do Shipping Labels Expire? - SFL Worldwide,42,147,https://www.sflworldwide.com/blog/do-shipping-labels-expire,True,"index, follow",en-US,0,Do Shipping Labels Expire?,8,1257,,2,30,https://www.sflworldwide.com/assets/uploads/2023/08/home-ship.png
https://www.sflworldwide.com/blog/does-ups-ground-service-deliver-on-saturday,200,Does UPS Ground Service Deliver on Saturday? - SFL Worldwide,60,153,https://www.sflworldwide.com/blog/does-ups-ground-service-deliver-on-saturday,True,"index, follow",en-US,0,Does UPS Ground Service Deliver on Saturday?,7,770,,2,30,https://www.sflworldwide.com/assets/uploads/2023/08/home-ship.png
https://www.sflworldwide.com/blog/domestic-shipment-vs-domestic-order-shipping-key-differences-explained,200,Domestic Shipment vs Order Shipping: Key Differences,52,145,https://www.sflworldwide.com/blog/domestic-shipment-vs-domestic-order-shipping-key-differences-explained,True,"index, follow",en-US,0,Domestic Shipment vs. Domestic Order Shipping: Key Differences Explained,9,1031,,2,30,https://www.sflworldwide.com/assets/uploads/2023/08/home-ship.png
https://www.sflworldwide.com/blog/domestic-shipping-vs-international-shipping-key-differences-explained,200,Domestic vs International Shipping Key Differences,50,156,https://www.sflworldwide.com/blog/domestic-shipping-vs-international-shipping-key-differences-explained,True,"index, follow",en-US,0,Domestic Shipping vs. International Shipping: Key Differences Explained,9,1105,,2,30,https://www.sflworldwide.com/assets/uploads/2023/08/home-ship.png
https://www.sflworldwide.com/blog/dynamic-slotting-a-simple-guide-for-beginners,200,Dynamic Slotting: A Simple Guide for Beginners,46,140,https://www.sflworldwide.com/blog/dynamic-slotting-a-simple-guide-for-beginners,True,"index, follow",en-US,0,Dynamic Slotting: A Simple Guide for Beginners,11,1410,,2,30,https://www.sflworldwide.com/assets/uploads/2023/08/home-ship.png
https://www.sflworldwide.com/blog/e-commerce-supply-chain-management-essential-insights,200,E-commerce Supply Chain Management: Essential Insights,54,137,https://www.sflworldwide.com/blog/e-commerce-supply-chain-management-essential-insights,True,"index, follow",en-US,0,E-commerce Supply Chain Management: Essential Insights,8,2045,,7,30,https://www.sflworldwide.com/assets/uploads/2023/08/home-ship.png
https://www.sflworldwide.com/blog/eco-friendly-shipping-for-a-sustainable-maritime-industry,200,Eco-Friendly Shipping: For A Sustainable Maritime Industry,58,151,https://www.sflworldwide.com/blog/eco-friendly-shipping-for-a-sustainable-maritime-industry,True,"index, follow",en-US,0,Eco-Friendly Shipping: For A Sustainable Maritime Industry,2,1890,,2,30,https://www.sflworldwide.com/assets/uploads/2023/08/home-ship.png
https://www.sflworldwide.com/blog/enclosed-car-transport,200,Open Car Transport vs Enclosed Car Transport - Pros and Cons,60,150,https://www.sflworldwide.com/blog/enclosed-car-transport,True,"index, follow",en-US,0,Comparison of Open Car Transport vs Enclosed Car Transport,2,1454,,2,30,https://www.sflworldwide.com/assets/uploads/2023/08/home-ship.png
https://www.sflworldwide.com/blog/envelopes-selection,200,Selecting Envelopes for Shipping Documents to France,52,157,https://www.sflworldwide.com/blog/envelopes-selection,True,"index, follow",en-US,0,Selecting Right Envelopes for Shipping Documents to France,9,1447,,2,30,https://www.sflworldwide.com/assets/uploads/2023/08/home-ship.png
https://www.sflworldwide.com/blog/epacket-shipping-what-it-is-and-how-it-works,200,ePacket Shipping: What It Is and How It Works,45,154,https://www.sflworldwide.com/blog/epacket-shipping-what-it-is-and-how-it-works,True,"index, follow",en-US,0,ePacket Shipping: What It Is and How It Works,8,1168,,2,30,https://www.sflworldwide.com/assets/uploads/2023/08/home-ship.png
https://www.sflworldwide.com/blog/everything-you-need-to-know-about-blister-packaging,200,Everything You Need to Know About Blister Packaging,51,159,https://www.sflworldwide.com/blog/everything-you-need-to-know-about-blister-packaging,True,"index, follow",en-US,0,Everything You Need to Know About Blister Packaging,7,1266,,2,30,https://www.sflworldwide.com/assets/uploads/2023/08/home-ship.png
https://www.sflworldwide.com/blog/everything-you-need-to-know-about-ems-shipping,200,Everything You Need to Know About EMS Shipping,46,156,https://www.sflworldwide.com/blog/everything-you-need-to-know-about-ems-shipping,True,"index, follow",en-US,0,Everything You Need to Know About EMS Shipping,2,1514,,2,30,https://www.sflworldwide.com/assets/uploads/2023/08/home-ship.png
https://www.sflworldwide.com/blog/everything-you-need-to-know-when-shipping-medicine,200,Everything You Need to Know When Shipping Medicine,50,137,https://www.sflworldwide.com/blog/everything-you-need-to-know-when-shipping-medicine,True,"index, follow",en-US,0,All You Should Know | Shipping Medicine and Medical Supplies,2,946,,2,30,https://www.sflworldwide.com/assets/uploads/2023/08/home-ship.png
https://www.sflworldwide.com/blog/expedited-shipping-service-a-quick-delivery-option,200,Expedited Shipping Service: A Quick Delivery Option,51,146,https://www.sflworldwide.com/blog/expedited-shipping-service-a-quick-delivery-option,True,"index, follow",en-US,0,Expedited Shipping Service: A Quick Delivery Option,7,978,,3,30,https://www.sflworldwide.com/assets/uploads/2023/08/home-ship.png
https://www.sflworldwide.com/blog/fastest-way-send-letter-from-usa-to-india,200,Fastest Way to Send a Letter to India from USA - 2026,53,141,https://www.sflworldwide.com/blog/fastest-way-send-letter-from-usa-to-india,True,"index, follow",en-US,0,Fastest Way to Send a Letter to India from the USA: Courier vs Postal Options,11,1527,,3,30,https://www.sflworldwide.com/assets/uploads/2023/08/home-ship.png
https://www.sflworldwide.com/blog/fedex-kyc-documentation-process,200,FedEx KYC Documentation Process - SFL Worldwide,47,144,https://www.sflworldwide.com/blog/fedex-kyc-documentation-process,True,"index, follow",en-US,0,Step-by-step Guide of the FedEx KYC Documentation Process,6,870,,3,34,https://www.sflworldwide.com/assets/uploads/2023/08/home-ship.png
https://www.sflworldwide.com/blog/fedex-overnight-a-comprehensive-guide,200,FedEx Overnight: A Comprehensive Guide - SFL Worldwide,54,155,https://www.sflworldwide.com/blog/fedex-overnight-a-comprehensive-guide,True,"index, follow",en-US,0,FedEx Overnight: A Comprehensive Guide,6,1223,,2,30,https://www.sflworldwide.com/assets/uploads/2023/08/home-ship.png
https://www.sflworldwide.com/blog/fedex-vs-usps-vs-ups-vs-dhl-which-one-should-you-go-for,200,FedEx vs USPS vs UPS vs DHL - Which one should you go For?,58,150,https://www.sflworldwide.com/blog/fedex-vs-usps-vs-ups-vs-dhl-which-one-should-you-go-for,True,"index, follow",en-US,0,FedEx vs USPS vs UPS vs DHL - Which one should you go For?,8,950,,2,30,https://www.sflworldwide.com/assets/uploads/2023/08/home-ship.png
https://www.sflworldwide.com/blog/first-class-package-international-service-costs-delivery-times-small-packet-options,200,First-Class Package International Costs and Delivery,52,153,https://www.sflworldwide.com/blog/first-class-package-international-service-costs-delivery-times-small-packet-options,True,"index, follow",en-US,0,"First-Class Package International Service: Costs, Delivery Times & Small Packet Options",13,1817,,2,30,https://www.sflworldwide.com/assets/uploads/2023/08/home-ship.png
https://www.sflworldwide.com/blog/first-in-first-out-fifo-a-simple-guide,200,"First In, First Out (FIFO): A Simple Guide",42,147,https://www.sflworldwide.com/blog/first-in-first-out-fifo-a-simple-guide,True,"index, follow",en-US,0,"First In, First Out (FIFO): A Simple Guide",6,1251,,2,30,https://www.sflworldwide.com/assets/uploads/2023/08/home-ship.png
https://www.sflworldwide.com/blog/flat-rate-shipping-what-are-usps-flat-rate-boxes,200,Flat Rate Shipping: What Are USPS Flat Rate Boxes?,50,147,https://www.sflworldwide.com/blog/flat-rate-shipping-what-are-usps-flat-rate-boxes,True,"index, follow",en-US,0,What is Flat Rate Shipping? What Are USPS Flat Rate Boxes?,2,1965,,4,30,https://www.sflworldwide.com/assets/uploads/2023/08/home-ship.png
https://www.sflworldwide.com/blog/flat-rate-vs-dimensional-weight-how-to-save-money-on-shipping-to-australia,200,Shipping to Australia: Flat Rate vs Dimensional Weight,54,151,https://www.sflworldwide.com/blog/flat-rate-vs-dimensional-weight-how-to-save-money-on-shipping-to-australia,True,"index, follow",en-US,0,Flat Rate vs. Dimensional Weight: How to Save Money on Shipping to Australia,6,1248,,2,30,https://www.sflworldwide.com/assets/uploads/2023/08/home-ship.png
https://www.sflworldwide.com/blog/floor-loading-vs-palletizing-a-comprehensive-comparison,200,Floor Loading vs. Palletizing: A Comprehensive Comparison,57,143,https://www.sflworldwide.com/blog/floor-loading-vs-palletizing-a-comprehensive-comparison,True,"index, follow",en-US,0,Floor Loading vs. Palletizing: A Comprehensive Comparison,2,2038,,2,30,https://www.sflworldwide.com/assets/uploads/2023/08/home-ship.png
https://www.sflworldwide.com/blog/general-cargo-shipping-everything-you-need-to-know,200,General Cargo Shipping: Everything You Need to Know,51,154,https://www.sflworldwide.com/blog/general-cargo-shipping-everything-you-need-to-know,True,"index, follow",en-US,0,General Cargo Shipping: Everything You Need to Know,6,2072,,2,30,https://www.sflworldwide.com/assets/uploads/2023/08/home-ship.png
https://www.sflworldwide.com/blog/general-packaging-guidelines-for-international-courier,200,General Packaging Guidelines for International Courier,54,147,https://www.sflworldwide.com/blog/general-packaging-guidelines-for-international-courier,True,"index, follow",en-US,0,The General Packaging Guidelines for International Courier,2,995,,59,30,https://www.sflworldwide.com/assets/uploads/2023/08/home-ship.png
https://www.sflworldwide.com/blog/ground-shipping-vs-standard-shipping-understanding-the-differences,200,Ground vs Standard Shipping: Key Differences Explained,54,155,https://www.sflworldwide.com/blog/ground-shipping-vs-standard-shipping-understanding-the-differences,True,"index, follow",en-US,0,Ground Shipping vs. Standard Shipping: Understanding the Differences,8,1537,,2,30,https://www.sflworldwide.com/assets/uploads/2023/08/home-ship.png
https://www.sflworldwide.com/blog/guidelines-for-importing-household-goods-into-usa,200,Guidelines for Importing Household Goods into USA,49,153,https://www.sflworldwide.com/blog/guidelines-for-importing-household-goods-into-usa,True,"index, follow",en-US,0,Guidelines For Importing Household Goods Into USA,7,3208,,2,30,https://www.sflworldwide.com/assets/uploads/2023/08/home-ship.png
https://www.sflworldwide.com/blog/how-automated-order-processing-can-help-to-grow-business,200,How Automated Order Processing Helps Grow Your Business,55,145,https://www.sflworldwide.com/blog/how-automated-order-processing-can-help-to-grow-business,True,"index, follow",en-US,0,How Automated Order Processing Can Help to Grow Business,2,1040,,2,30,https://www.sflworldwide.com/assets/uploads/2023/08/home-ship.png
https://www.sflworldwide.com/blog/how-does-overnight-shipping-work,200,Overnight Shipping Explained: How It Works - SFL Worldwide,58,142,https://www.sflworldwide.com/blog/how-does-overnight-shipping-work,True,"index, follow",en-US,0,A Comparative Overview - How does Overnight Shipping Work?,2,1425,,6,33,https://www.sflworldwide.com/assets/uploads/2023/08/home-ship.png
https://www.sflworldwide.com/blog/how-long-does-international-shipping-take,200,How Long Does International Shipping take? - SFL Worldwide,58,139,https://www.sflworldwide.com/blog/how-long-does-international-shipping-take,True,"index, follow",en-US,0,How Long Does International Shipping take to deliver an item?,1,561,,6,30,https://www.sflworldwide.com/assets/uploads/2023/08/home-ship.png
https://www.sflworldwide.com/blog/how-long-does-it-take-to-ship-from-the-usa-to-india,200,How Long Does It Take to Ship from the USA to India?,52,158,https://www.sflworldwide.com/blog/how-long-does-it-take-to-ship-from-the-usa-to-india,True,"index, follow",en-US,0,How Long Does It Take to Ship from the USA to India?,7,1657,,2,30,https://www.sflworldwide.com/assets/uploads/2023/08/home-ship.png
https://www.sflworldwide.com/blog/how-long-does-sea-freight-take-from-the-usa-to-the-uk-2025-guide,200,How Long Sea Freight Takes USA to UK: 2025 Guide,48,154,https://www.sflworldwide.com/blog/how-long-does-sea-freight-take-from-the-usa-to-the-uk-2025-guide,True,"index, follow",en-US,0,How Long Does Sea Freight Take from the USA to the UK? (2025 Guide),9,1294,,2,30,https://www.sflworldwide.com/assets/uploads/2023/08/home-ship.png
https://www.sflworldwide.com/blog/how-much-does-international-relocation-cost,200,How Much Does International Relocation Cost Explained,53,153,https://www.sflworldwide.com/blog/how-much-does-international-relocation-cost,True,"index, follow",en-US,0,Top steps to consider in an International Relocation Process,8,1526,,7,30,https://www.sflworldwide.com/assets/uploads/2023/08/home-ship.png
https://www.sflworldwide.com/blog/how-much-does-it-cost-to-ship-from-the-us-to-canada-a-complete-breakdown,200,How Much Does It Cost to Ship from the US to Canada?,52,133,https://www.sflworldwide.com/blog/how-much-does-it-cost-to-ship-from-the-us-to-canada-a-complete-breakdown,True,"index, follow",en-US,0,How Much Does It Cost to Ship from the US to Canada? A Complete Breakdown,9,1001,,2,30,https://www.sflworldwide.com/assets/uploads/2023/08/home-ship.png
https://www.sflworldwide.com/blog/how-much-is-it-to-move-to-ireland-from-us,200,How Much Is It to Move to Ireland from the US: 2026 Guide,57,147,https://www.sflworldwide.com/blog/how-much-is-it-to-move-to-ireland-from-us,True,"index, follow",en-US,0,Cost to Move from the US to Ireland: Complete Breakdown of Shipping & Moving Expenses,10,1620,,2,30,https://www.sflworldwide.com/assets/uploads/2023/08/home-ship.png
https://www.sflworldwide.com/blog/how-much-is-the-uk-import-tax,200,Understanding UK Import Tax: Rates and Tips,43,143,https://www.sflworldwide.com/blog/how-much-is-the-uk-import-tax,True,"index, follow",en-US,0,How Much Is the UK Import Tax?,3,1276,,2,30,https://www.sflworldwide.com/assets/uploads/2023/08/home-ship.png
https://www.sflworldwide.com/blog/how-much-time-does-it-take-to-ship-to-nepal,200,"Shipping to Nepal – Time, cost, custom duty in Nepal",52,149,https://www.sflworldwide.com/blog/how-much-time-does-it-take-to-ship-to-nepal,True,"index, follow",en-US,0,"Guide on Shipping to Nepal - Time, Cost, Customs Duty in Nepal",3,898,,2,30,https://www.sflworldwide.com/assets/uploads/2023/08/home-ship.png
https://www.sflworldwide.com/blog/how-much-to-ship-a-car-from-usa-to-china,200,How Much to Ship a Car from USA to China? Cost Guide 2026,57,156,https://www.sflworldwide.com/blog/how-much-to-ship-a-car-from-usa-to-china,True,"index, follow",en-US,0,How Much to Ship a Car from USA to China? Cost Guide 2026,11,1941,,2,30,https://www.sflworldwide.com/blog/How%20Much%20to%20Ship%20a%20Car%20from%20USA%20to%20China.png
https://www.sflworldwide.com/blog/how-to-address-mail-to-australia-a-simple-guide,200,How to Address Mail to Australia: A Simple Guide,48,150,https://www.sflworldwide.com/blog/how-to-address-mail-to-australia-a-simple-guide,True,"index, follow",en-US,0,How to Address Mail to Australia: Step-by-Step Guide with Examples,17,1483,,2,30,https://www.sflworldwide.com/assets/uploads/2023/08/home-ship.png
https://www.sflworldwide.com/blog/how-to-address-mail-to-the-uk,200,How to Address Mail to the UK - SFL Worldwide,45,155,https://www.sflworldwide.com/blog/how-to-address-mail-to-the-uk,True,"index, follow",en-US,0,How to Address Mail to the UK,8,1309,,2,30,https://www.sflworldwide.com/assets/uploads/2023/08/home-ship.png
https://www.sflworldwide.com/blog/how-to-attach-customs-documents-for-international-shipping,200,How to Attach Customs Documents for International Shipping,58,155,https://www.sflworldwide.com/blog/how-to-attach-customs-documents-for-international-shipping,True,"index, follow",en-US,0,How to Attach Customs Documents for International Shipping,10,1326,,3,30,https://www.sflworldwide.com/assets/uploads/2023/08/home-ship.png
https://www.sflworldwide.com/blog/how-to-calculate-chargeable-weight,200,How to Calculate Chargeable Weight - SFL Worldwide,50,147,https://www.sflworldwide.com/blog/how-to-calculate-chargeable-weight,True,"index, follow",en-US,0,How to Calculate Chargeable Weight,11,1598,,2,30,https://www.sflworldwide.com/assets/uploads/2023/08/home-ship.png
https://www.sflworldwide.com/blog/how-to-calculate-freight-delivery-costs,200,How to Calculate Freight Delivery Costs? - SFL Worldwide,56,143,https://www.sflworldwide.com/blog/how-to-calculate-freight-delivery-costs,True,"index, follow",en-US,0,How to Calculate Freight Delivery Costs?,2,1589,,2,30,https://www.sflworldwide.com/assets/uploads/2023/08/home-ship.png
https://www.sflworldwide.com/blog/how-to-calculate-your-package-dimensions-for-shipping,200,How to Calculate Your Package Dimensions for Shipping,53,157,https://www.sflworldwide.com/blog/how-to-calculate-your-package-dimensions-for-shipping,True,"index, follow",en-US,0,How to Calculate Your Package Dimensions for Shipping,11,1473,,2,30,https://www.sflworldwide.com/assets/uploads/2023/08/home-ship.png
https://www.sflworldwide.com/blog/how-to-choose-the-best-international-shipping-company,200,How to Choose the Best International Shipping Company?,54,131,https://www.sflworldwide.com/blog/how-to-choose-the-best-international-shipping-company,True,"index, follow",en-US,0,Learn How to Choose the Best International Shipping Company,2,1135,,4,30,https://www.sflworldwide.com/assets/uploads/2023/08/home-ship.png
https://www.sflworldwide.com/blog/how-to-choose-the-right-shipping-method-for-your-business,200,How to choose the right shipping method for your business,57,144,https://www.sflworldwide.com/blog/how-to-choose-the-right-shipping-method-for-your-business,True,"index, follow",en-US,0,How to Choose the Right Shipping Method for Your Business,2,1498,,7,33,https://www.sflworldwide.com/assets/uploads/2023/08/home-ship.png
https://www.sflworldwide.com/blog/how-to-deal-with-shipping-delays,200,Effective Strategies to Handle Shipping Delays,46,158,https://www.sflworldwide.com/blog/how-to-deal-with-shipping-delays,True,"index, follow",en-US,0,What to Do and How to Deal with Shipping Delays,2,1428,,5,30,https://www.sflworldwide.com/assets/uploads/2023/08/home-ship.png
https://www.sflworldwide.com/blog/how-to-fill-out-a-customs-form-for-international-shipping,200,How to Fill Out a Customs Form for International Shipping,57,151,https://www.sflworldwide.com/blog/how-to-fill-out-a-customs-form-for-international-shipping,True,"index, follow",en-US,0,How to Fill Out a Customs Form for International Shipping,8,1397,,2,30,https://www.sflworldwide.com/assets/uploads/2023/08/home-ship.png
https://www.sflworldwide.com/blog/how-to-pack-fragile-items-for-shipping,200,Expert Tips on How to Pack Fragile Items Safely,47,153,https://www.sflworldwide.com/blog/how-to-pack-fragile-items-for-shipping,True,"index, follow",en-US,0,Complete Guide on How to Pack Fragile Items for Shipping,2,1067,,6,30,https://www.sflworldwide.com/assets/uploads/2023/08/home-ship.png
https://www.sflworldwide.com/blog/how-to-pack-fragile-items-in-a-suitcase,200,How to Pack Fragile Items in Suitcase For Safe Moving,53,154,https://www.sflworldwide.com/blog/how-to-pack-fragile-items-in-a-suitcase,True,"index, follow",en-US,0,How to Pack Fragile Items in a Suitcase for Safe Domestic Moving,9,1648,,2,30,https://www.sflworldwide.com/assets/uploads/2023/08/home-ship.png
https://www.sflworldwide.com/blog/how-to-prepare-your-car-for-shipping,200,How to Ship a Car: Pre-Transport Prep Checklist & Tips,54,152,https://www.sflworldwide.com/blog/how-to-prepare-your-car-for-shipping,True,"index, follow",en-US,0,How to Prepare Your Car for International Shipping: Pre-Transport Checklist,15,1819,,3,30,https://www.sflworldwide.com/blog/How%20to%20prepare%20your%20car%20for%20shipping.png
https://www.sflworldwide.com/blog/how-to-relocate-from-the-usa-to-another-country,200,How to Relocate from the USA to Another Country?,48,138,https://www.sflworldwide.com/blog/how-to-relocate-from-the-usa-to-another-country,True,"index, follow",en-US,0,Full Guide on How to Relocate from the USA to Another Country,2,1753,,2,32,https://www.sflworldwide.com/assets/uploads/2023/08/home-ship.png
https://www.sflworldwide.com/blog/how-to-send-a-package-to-india-from-canada,200,How to Send Gifts and Parcels to India from Canada?,51,134,https://www.sflworldwide.com/blog/how-to-send-a-package-to-india-from-canada,True,"index, follow",en-US,0,Guide on How to Send Gifts & Parcels to India from Canada,6,1220,,2,30,https://www.sflworldwide.com/assets/uploads/2023/08/home-ship.png
https://www.sflworldwide.com/blog/how-to-send-documents-internationally-affordable-and-reliable-courier-services-from-the-usa-to-india,200,How to Send Documents Internationally,37,156,https://www.sflworldwide.com/blog/how-to-send-documents-internationally-affordable-and-reliable-courier-services-from-the-usa-to-india,True,"index, follow",en-US,0,How to Send Documents Internationally: Affordable and Reliable Courier Services from the USA to India,10,1414,,2,30,https://www.sflworldwide.com/assets/uploads/2023/08/home-ship.png
https://www.sflworldwide.com/blog/how-to-send-medicines-from-india-to-usa,200,How to Send Medicines from India to USA: Step-by-Step Process,61,143,https://www.sflworldwide.com/blog/how-to-send-medicines-from-india-to-usa,True,"index, follow",en-US,0,"How to Send Medicines from India to the USA: Requirements, Rules & Process",9,2021,,2,30,https://www.sflworldwide.com/assets/uploads/2023/08/home-ship.png
https://www.sflworldwide.com/blog/how-to-ship-a-guitar-a-guide-to-shipping-musical-instruments,200,How to Ship a Guitar: Musical Instrument Shipping Guide,55,147,https://www.sflworldwide.com/blog/how-to-ship-a-guitar-a-guide-to-shipping-musical-instruments,True,"index, follow",en-US,0,How to Ship a Guitar : A Guide to Shipping Musical Instruments,2,1336,,2,31,https://www.sflworldwide.com/assets/uploads/2023/08/home-ship.png
https://www.sflworldwide.com/blog/how-to-ship-a-tv-from-usa-to-india-a-complete-guide,200,How to Ship a TV from the USA to India: A Complete Guide,56,142,https://www.sflworldwide.com/blog/how-to-ship-a-tv-from-usa-to-india-a-complete-guide,True,"index, follow",en-US,0,How to Ship a TV from USA to India: A Complete Guide,8,1312,,2,30,https://www.sflworldwide.com/assets/uploads/2023/08/home-ship.png
https://www.sflworldwide.com/blog/how-to-ship-fishing-rods-internationally,200,How to Ship Fishing Rods Internationally - SFL Worldwide,56,138,https://www.sflworldwide.com/blog/how-to-ship-fishing-rods-internationally,True,"index, follow",en-US,0,How to Ship Fishing Rods Internationally,13,1912,,2,30,https://www.sflworldwide.com/assets/uploads/2023/08/home-ship.png
https://www.sflworldwide.com/blog/how-to-ship-home-decor-and-furniture-to-canada-from-usa,200,How to Ship Home Decor and Furniture to Canada from USA,55,150,https://www.sflworldwide.com/blog/how-to-ship-home-decor-and-furniture-to-canada-from-usa,True,"index, follow",en-US,0,How to Ship Home Decor and Furniture to Canada from USA,7,1852,,2,30,https://www.sflworldwide.com/assets/uploads/2023/08/home-ship.png
https://www.sflworldwide.com/blog/how-to-ship-large-items,200,Mastering Large Package Shipping: A Comprehensive Guide,55,142,https://www.sflworldwide.com/blog/how-to-ship-large-items,True,"index, follow",en-US,0,Everything You Need to Know on How to Ship Large Packages,2,1396,,2,30,https://www.sflworldwide.com/assets/uploads/2023/08/home-ship.png
https://www.sflworldwide.com/blog/how-to-ship-packages-as-a-small-business,200,How To Ship Packages As A Small Business,40,159,https://www.sflworldwide.com/blog/how-to-ship-packages-as-a-small-business,True,"index, follow",en-US,0,How To Ship Packages As A Small Business,2,1294,,3,30,https://www.sflworldwide.com/assets/uploads/2023/08/home-ship.png
https://www.sflworldwide.com/blog/how-to-ship-perishable-goods-a-step-by-step-guide,200,How to Ship Perishable Goods: A Step-by-Step Guide,50,153,https://www.sflworldwide.com/blog/how-to-ship-perishable-goods-a-step-by-step-guide,True,"index, follow",en-US,0,How to Ship Perishable Goods: A Step-by-Step Guide,2,1490,,2,30,https://www.sflworldwide.com/assets/uploads/2023/08/home-ship.png
https://www.sflworldwide.com/blog/inbound-and-outbound-logistics-whats-the-difference,200,Inbound and Outbound Logistics: What’s The Difference?,54,153,https://www.sflworldwide.com/blog/inbound-and-outbound-logistics-whats-the-difference,True,"index, follow",en-US,0,Inbound and Outbound Logistics: What’s The Difference?,2,1525,,2,30,https://www.sflworldwide.com/assets/uploads/2023/08/home-ship.png
https://www.sflworldwide.com/blog/incoterms-everything-you-need-to-know,200,Incoterms: Essential Knowledge for Global Trade,47,153,https://www.sflworldwide.com/blog/incoterms-everything-you-need-to-know,True,"index, follow",en-US,0,All You Need to Know About Incoterms - Definition & More,13,1578,,3,37,https://www.sflworldwide.com/assets/uploads/2023/08/home-ship.png
https://www.sflworldwide.com/blog/international-shipping-of-vinyl-records,200,How to Ship Vinyl Records Internationally,41,157,https://www.sflworldwide.com/blog/international-shipping-of-vinyl-records,True,"index, follow",en-US,0,International Shipping of Vinyl Records,2,1804,,2,30,https://www.sflworldwide.com/assets/uploads/2023/08/home-ship.png
https://www.sflworldwide.com/blog/international-shipping-to-india-what-you-can-and-cannot-send,200,International Shipping to India: Allowed and Banned Items,57,135,https://www.sflworldwide.com/blog/international-shipping-to-india-what-you-can-and-cannot-send,True,"index, follow",en-US,0,International Shipping to India: What You Can and Cannot Send,8,1146,,2,30,https://www.sflworldwide.com/assets/uploads/2023/08/home-ship.png
https://www.sflworldwide.com/blog/international-vitamins-shipping-guide-2023,200,Shipping Vitamins: Safe International Shipping Guide (2023),59,138,https://www.sflworldwide.com/blog/international-vitamins-shipping-guide-2023,True,"index, follow",en-US,0,Shipping Vitamins: Safe International Shipping Guide (2023),7,1739,,2,30,https://www.sflworldwide.com/assets/uploads/2023/08/home-ship.png
https://www.sflworldwide.com/blog/is-it-worth-moving-to-usa-from-india,200,Is It Worth Moving to the USA from India in 2026?,49,156,https://www.sflworldwide.com/blog/is-it-worth-moving-to-usa-from-india,True,"index, follow",en-US,0,Is It Worth Moving to the USA from India in 2026? A Practical Moving Guide,11,1950,,5,30,https://www.sflworldwide.com/assets/uploads/2023/08/home-ship.png
https://www.sflworldwide.com/blog/key-differences-between-backlog-and-backorder,200,Key Differences Between Backlog and Backorder,45,144,https://www.sflworldwide.com/blog/key-differences-between-backlog-and-backorder,True,"index, follow",en-US,0,Key Differences Between Backlog and Backorder,4,1246,,2,30,https://www.sflworldwide.com/assets/uploads/2023/08/home-ship.png
https://www.sflworldwide.com/blog/logistics-industry-trends-for-2023,200,Logistics Industry Trends 2023 - SFL Worldwide,46,150,https://www.sflworldwide.com/blog/logistics-industry-trends-for-2023,True,"index, follow",en-US,0,Complete Guide on the Logistics Industry Trends for 2023,2,1622,,2,32,https://www.sflworldwide.com/assets/uploads/2023/08/home-ship.png
https://www.sflworldwide.com/blog/ltl-shipping-and-its-benefits,200,LTL Shipping Benefits: What You Need to Know,44,148,https://www.sflworldwide.com/blog/ltl-shipping-and-its-benefits,True,"index, follow",en-US,0,LTL Shipping and its benefits,2,1040,,2,30,https://www.sflworldwide.com/assets/uploads/2023/08/home-ship.png
https://www.sflworldwide.com/blog/methods-and-techniques-for-shipping-furniture-to-the-uae,200,Furniture Shipping to the UAE: Materials and Methods,52,144,https://www.sflworldwide.com/blog/methods-and-techniques-for-shipping-furniture-to-the-uae,True,"index, follow",en-US,0,Furniture Shipping to the UAE: Materials and Methods,7,1254,,3,30,https://www.sflworldwide.com/assets/uploads/2023/08/home-ship.png
https://www.sflworldwide.com/blog/misshipments-what-are-they-happen-and-how-do-they-impact-your-business,200,Misshipments: What They Are and How They Impact Business,56,149,https://www.sflworldwide.com/blog/misshipments-what-are-they-happen-and-how-do-they-impact-your-business,True,"index, follow",en-US,0,Misshipments: What Are They Happen and How Do They Impact Your Business?,2,1415,,1,30,https://www.sflworldwide.com/assets/uploads/2023/08/home-ship.png
https://www.sflworldwide.com/blog/moving-from-california-to-texas-checklist,200,California to Texas Moving Checklist: A Complete Guide,54,158,https://www.sflworldwide.com/blog/moving-from-california-to-texas-checklist,True,"index, follow",en-US,0,"How to Plan an Interstate Move from California to Texas: Timeline, Costs & Tips",15,1913,,3,30,https://www.sflworldwide.com/blog/how%20to%20move%20from%20california%20to%20texas.png
https://www.sflworldwide.com/blog/moving-from-new-york-to-texas-cost-and-tips-guide,200,Moving from New York to Texas: Cost & Tips,42,152,https://www.sflworldwide.com/blog/moving-from-new-york-to-texas-cost-and-tips-guide,True,"index, follow",en-US,0,"Moving from New York to Texas: Cost, Tips & Everything You Need to Know (2026)",10,1758,,3,30,
https://www.sflworldwide.com/blog/moving-guide-to-lubbock-texas,200,Moving Guide to Lubbock Texas: Costs and Neighborhoods,54,145,https://www.sflworldwide.com/blog/moving-guide-to-lubbock-texas,True,"index, follow",en-US,0,"Moving to Lubbock, Texas: Cost, Neighborhoods & Professional Moving Services Guide",12,1971,,2,30,https://www.sflworldwide.com/assets/uploads/2023/08/home-ship.png
https://www.sflworldwide.com/blog/moving-to-germany-from-usa-with-family,200,Moving to Germany from the USA with Family: Moving Tips,55,137,https://www.sflworldwide.com/blog/moving-to-germany-from-usa-with-family,True,"index, follow",en-US,0,Moving to Germany from the USA With Family: Practical Moving Tips,12,1790,,2,30,https://www.sflworldwide.com/assets/uploads/2023/08/home-ship.png
https://www.sflworldwide.com/blog/moving-to-india-from-the-usa-a-complete-relocation-guide,200,Moving to India from the USA: A Complete Relocation Guide,57,131,https://www.sflworldwide.com/blog/moving-to-india-from-the-usa-a-complete-relocation-guide,True,"index, follow",en-US,0,Moving to India from the USA: A Complete Relocation Guide,13,1259,,6,30,https://www.sflworldwide.com/assets/uploads/2023/08/home-ship.png
https://www.sflworldwide.com/blog/moving-to-ireland-from-us-pros-and-cons,200,Moving to Ireland from the US: Pros and Cons Explained,54,153,https://www.sflworldwide.com/blog/moving-to-ireland-from-us-pros-and-cons,True,"index, follow",en-US,0,Moving to Ireland from the USA: Pros and Cons from a Moving & Relocation Perspective,15,1874,,2,30,https://www.sflworldwide.com/assets/uploads/2023/08/home-ship.png
https://www.sflworldwide.com/blog/moving-to-texas-guide,200,"Moving to Texas Guide: Costs, Tips and Key Benefits",51,126,https://www.sflworldwide.com/blog/moving-to-texas-guide,True,"index, follow",en-US,0,Moving to Texas: A Practical Moving Guide & Key Benefits,11,1813,,3,30,https://www.sflworldwide.com/assets/uploads/2023/08/home-ship.png
https://www.sflworldwide.com/blog/multi-carrier-shipping-and-its-benefits,200,What are the the Benefits of Multi-Carrier Shipping?,52,151,https://www.sflworldwide.com/blog/multi-carrier-shipping-and-its-benefits,True,"index, follow",en-US,0,Complete Guide on Multi-Carrier Shipping and its Benefits,2,1028,,2,30,https://www.sflworldwide.com/assets/uploads/2023/08/home-ship.png
https://www.sflworldwide.com/blog/national-car-transport-vector-connecting-you-coast-to-coast,200,National Car Transport Vector: Connecting You Coast-to-Coast,60,149,https://www.sflworldwide.com/blog/national-car-transport-vector-connecting-you-coast-to-coast,True,"index, follow",en-US,0,National Car Transport Vector: Connecting You Coast-to-Coast,8,1190,,2,30,https://www.sflworldwide.com/assets/uploads/2023/08/home-ship.png
https://www.sflworldwide.com/blog,200,SFL Worldwide Blog Articles and Shipping Insights,49,150,https://www.sflworldwide.com/blog,True,"index, follow",en-US,4,Blogs,10,380,,385,31,https://www.sflworldwide.com/assets/uploads/2023/08/home-ship.png
https://www.sflworldwide.com/blog/paying-for-excess-baggage-vs-shipping-your-cargo,200,Pay for Excess Baggage Or Cargo Shipping - Which is Cheaper?,60,157,https://www.sflworldwide.com/blog/paying-for-excess-baggage-vs-shipping-your-cargo,True,"index, follow",en-US,0,Pay for Excess Baggage Or Cargo Shipping - Which is Cheaper?,2,1318,,2,30,https://www.sflworldwide.com/assets/uploads/2023/08/home-ship.png
https://www.sflworldwide.com/blog/periodic-inventory-systems-a-comprehensive-guide,200,Periodic Inventory Systems: A Comprehensive Guide,49,151,https://www.sflworldwide.com/blog/periodic-inventory-systems-a-comprehensive-guide,True,"index, follow",en-US,0,Periodic Inventory Systems: A Comprehensive Guide,12,1692,,3,30,https://www.sflworldwide.com/assets/uploads/2023/08/home-ship.png
https://www.sflworldwide.com/blog/physical-inventory-counting-methods-a-detailed-guide,200,Physical Inventory Counting Methods: A Detailed Guide,53,141,https://www.sflworldwide.com/blog/physical-inventory-counting-methods-a-detailed-guide,True,"index, follow",en-US,0,Physical Inventory Counting Methods: A Detailed Guide,6,1440,,2,30,https://www.sflworldwide.com/assets/uploads/2023/08/home-ship.png
https://www.sflworldwide.com/blog/prohibited-and-restricted-items-for-shipping-to-nigeria,200,Prohibited and Restricted Items For Shipping to Nigeria,55,153,https://www.sflworldwide.com/blog/prohibited-and-restricted-items-for-shipping-to-nigeria,True,"index, follow",en-US,0,Prohibited and Restricted Items For Shipping to Nigeria,3,921,,2,30,https://www.sflworldwide.com/assets/uploads/2023/08/home-ship.png
https://www.sflworldwide.com/blog/pros-and-cons-of-moving-to-houston-texas,200,"Pros and Cons of Moving to Houston, Texas: 2026 Guide",53,140,https://www.sflworldwide.com/blog/pros-and-cons-of-moving-to-houston-texas,True,"index, follow",en-US,0,"Pros and Cons of Moving to Houston, Texas: Complete Moving Guide",7,1427,,3,30,https://www.sflworldwide.com/assets/uploads/2023/08/home-ship.png
https://www.sflworldwide.com/blog/remote-area-surcharge-what-it-is-and-why-it-matters,200,Remote Area Surcharge: What It Is and Why It Matters,52,140,https://www.sflworldwide.com/blog/remote-area-surcharge-what-it-is-and-why-it-matters,True,"index, follow",en-US,0,Remote Area Surcharge: What It Is and Why It Matters,2,1782,,2,30,https://www.sflworldwide.com/assets/uploads/2023/08/home-ship.png
https://www.sflworldwide.com/blog/send-boxes,200,How to Select the Right Box Size for Your UAE Shipment,54,148,https://www.sflworldwide.com/blog/send-boxes,True,"index, follow",en-US,0,How to Select the Right Box Size for Your UAE Shipment,11,1293,,2,30,https://www.sflworldwide.com/assets/uploads/2023/08/home-ship.png
https://www.sflworldwide.com/blog/send-laptop-from-usa-to-india-costs-process-tips,200,How to Send a Laptop from USA to India – Costs and Process,58,127,https://www.sflworldwide.com/blog/send-laptop-from-usa-to-india-costs-process-tips,True,"index, follow",en-US,0,"Best Way to Send a Laptop from USA to India: Costs, Process & Tips",10,2349,,4,30,https://www.sflworldwide.com/assets/uploads/2023/08/home-ship.png
https://www.sflworldwide.com/blog/sending-electronics-to-france-a-guide-with-packing-tips,200,Sending Electronics to France: A Guide with Packing Tips,56,152,https://www.sflworldwide.com/blog/sending-electronics-to-france-a-guide-with-packing-tips,True,"index, follow",en-US,0,Sending Electronics to France: A Guide with Packing Tips,9,1287,,2,30,https://www.sflworldwide.com/assets/uploads/2023/08/home-ship.png
https://www.sflworldwide.com/blog/sfl-worldwides-remarkable-journey-from-local-store-to-inc-5000,200,SFL Worldwide’s Remarkable Journey: From Local Store to Inc. 5000,65,139,https://www.sflworldwide.com/blog/sfl-worldwides-remarkable-journey-from-local-store-to-inc-5000,True,"index, follow",en-US,0,SFL Worldwide's Remarkable Journey: From Local Store to Inc. 5000,2,762,,2,30,https://www.sflworldwide.com/assets/uploads/2023/08/home-ship.png
https://www.sflworldwide.com/blog/sharing-a-container-lcl-explained,200,LCL vs FCL Container Shipping - Pros and Cons,45,154,https://www.sflworldwide.com/blog/sharing-a-container-lcl-explained,True,"index, follow",en-US,0,What is LCL (Less than Container Load)? A quick guide to LCL,2,1697,,4,30,https://www.sflworldwide.com/assets/uploads/2023/08/home-ship.png
https://www.sflworldwide.com/blog/ship-car-to-ireland-from-usa-cost,200,How Much to Ship a Car to Ireland From USA (2026 Guide),55,150,https://www.sflworldwide.com/blog/ship-car-to-ireland-from-usa-cost,True,"index, follow",en-US,0,"How Much to Ship a Car to Ireland: Fees, Methods & Timeline Explained",9,1488,,2,30,https://www.sflworldwide.com/assets/uploads/2023/08/home-ship.png
https://www.sflworldwide.com/blog/ship-internationally,200,What Is the Cheap Way to Ship Internationally?,46,139,https://www.sflworldwide.com/blog/ship-internationally,True,"index, follow",en-US,0,Is there a reliable and cheap way to ship internationally?,5,929,,6,30,https://www.sflworldwide.com/assets/uploads/2023/08/home-ship.png
https://www.sflworldwide.com/blog/shipping-a-car-from-canada-to-the-us-what-you-need-to-know,200,Shipping a Car from Canada to the US: What to Know,50,138,https://www.sflworldwide.com/blog/shipping-a-car-from-canada-to-the-us-what-you-need-to-know,True,"index, follow",en-US,0,Shipping a Car from Canada to the US: What You Need to Know,2,1273,,2,30,https://www.sflworldwide.com/assets/uploads/2023/08/home-ship.png
https://www.sflworldwide.com/blog/shipping-a-car-from-usa-to-germany,200,Ship a Car from USA to Germany: Cost and Process Guide,54,141,https://www.sflworldwide.com/blog/shipping-a-car-from-usa-to-germany,True,"index, follow",en-US,0,Ship a Car from USA to Germany: Cost & Process Guide,11,1796,,2,30,https://www.sflworldwide.com/assets/uploads/2023/08/home-ship.png
https://www.sflworldwide.com/blog/shipping-a-car-to-new-zealand-from-usa,200,Shipping a Car to New Zealand: Cost & Process Guide,51,151,https://www.sflworldwide.com/blog/shipping-a-car-to-new-zealand-from-usa,True,"index, follow",en-US,0,"Shipping a Car to New Zealand: Costs, Process & What to Expect",9,1698,,3,30,https://www.sflworldwide.com/blog/shipping%20car%20to%20new%20zealand.png
https://www.sflworldwide.com/blog/shipping-books-to-india-from-usa,200,Shipping Books to India from USA: Cost and Guide 2026,53,122,https://www.sflworldwide.com/blog/shipping-books-to-india-from-usa,True,"index, follow",en-US,0,"Shipping Books to India from USA: Cost, Delivery Time & Customs Guide (2026)",9,1789,,2,30,https://www.sflworldwide.com/assets/uploads/2023/08/home-ship.png
https://www.sflworldwide.com/blog/shipping-car-to-ghana-from-usa-cost-and-process,200,Shipping a Car to Ghana from USA : Step-by-Step Guide,53,154,https://www.sflworldwide.com/blog/shipping-car-to-ghana-from-usa-cost-and-process,True,"index, follow",en-US,0,Shipping a Car to Ghana from USA : Step-by-Step Guide,10,1737,,3,30,https://www.sflworldwide.com/blog/Car%20shipping%20from%20USA%20to%20Ghana.png
https://www.sflworldwide.com/blog/shipping-cargo-from-usa-to-india-cost-process-delivery-time,200,"Shipping Cargo from USA to India: Cost, Process and Times",57,159,https://www.sflworldwide.com/blog/shipping-cargo-from-usa-to-india-cost-process-delivery-time,True,"index, follow",en-US,0,"Shipping Cargo from USA to India: Cost, Process & Times",10,1959,,2,30,https://www.sflworldwide.com/blog/cargo-shipping.png
https://www.sflworldwide.com/blog/shipping-container-from-india-to-usa-cost-time,200,Shipping Container from India to USA: Cost & Time Guide,55,133,https://www.sflworldwide.com/blog/shipping-container-from-india-to-usa-cost-time,True,"index, follow",en-US,0,"Shipping Container from India to USA: Rates, Time & Process Explained",12,1932,,3,30,https://www.sflworldwide.com/blog/Shipping%20Container%20from%20India%20to%20USA.png
https://www.sflworldwide.com/blog/shipping-container-from-usa-to-australia,200,Shipping Container from USA to Australia Guide 2026,51,152,https://www.sflworldwide.com/blog/shipping-container-from-usa-to-australia,True,"index, follow",en-US,0,Shipping Container from USA to Australia Guide 2026,12,2018,,2,30,https://www.sflworldwide.com/blog/aug1.png
https://www.sflworldwide.com/blog/shipping-cosmetics-to-australia-guide,200,Shipping Cosmetics to Australia: Rules and Cost Guide,53,125,https://www.sflworldwide.com/blog/shipping-cosmetics-to-australia-guide,True,"index, follow",en-US,0,Sending Cosmetics to Australia: International Courier Guide (2026),13,2023,,2,30,https://www.sflworldwide.com/assets/uploads/2023/08/home-ship.png
https://www.sflworldwide.com/blog/shipping-electronics-from-usa-to-india,200,How to Ship Electronics from USA to India Safely,48,155,https://www.sflworldwide.com/blog/shipping-electronics-from-usa-to-india,True,"index, follow",en-US,0,"Shipping Electronics from USA to India: Customs Duty, Costs & How to Ship Safely (2026)",10,1816,,3,30,
https://www.sflworldwide.com/blog/shipping-electronics-tips-for-packaging,200,Shipping electronics: Tips for Packaging,40,147,https://www.sflworldwide.com/blog/shipping-electronics-tips-for-packaging,True,"index, follow",en-US,0,Most Useful Tips for Packaging and Shipping Electronics,2,815,,3,30,https://www.sflworldwide.com/assets/uploads/2023/08/home-ship.png
https://www.sflworldwide.com/blog/shipping-food-items-from-india-to-usa,200,India to USA Food Shipping: What You Can & Cannot Send,54,156,https://www.sflworldwide.com/blog/shipping-food-items-from-india-to-usa,True,"index, follow",en-US,0,Shipping Food Items from India to USA: Allowed & Prohibited Food List (Complete Guide),13,1857,,3,30,https://www.sflworldwide.com/blog/shipping-food-items-india-to-usa.png
https://www.sflworldwide.com/blog/shipping-from-the-us-to-australia-bridging-the-pacific-with-sfl-worldwide,200,Shipping from the US to Australia: Bridging the Pacific,55,151,https://www.sflworldwide.com/blog/shipping-from-the-us-to-australia-bridging-the-pacific-with-sfl-worldwide,True,"index, follow",en-US,0,Ship from the USA to Australia Easily,2,1380,,2,30,https://www.sflworldwide.com/assets/uploads/2023/08/home-ship.png
https://www.sflworldwide.com/blog/shipping-from-usa-to-sweden-price-guide,200,Shipping From the USA to Sweden Price: Complete Cost Guide,58,122,https://www.sflworldwide.com/blog/shipping-from-usa-to-sweden-price-guide,True,"index, follow",en-US,0,"Shipping From USA to Sweden Price: Cost, Delivery Time & Cheapest Options",10,1668,,2,30,https://www.sflworldwide.com/assets/uploads/2023/08/home-ship.png
https://www.sflworldwide.com/blog/shipping-furniture-from-india-to-usa-step-by-step-guide,200,Shipping Furniture from India to USA: Step-by-Step Guide,56,129,https://www.sflworldwide.com/blog/shipping-furniture-from-india-to-usa-step-by-step-guide,True,"index, follow",en-US,0,How to Ship Furniture from India to the USA: Step-by-Step Guide,8,1328,,2,30,https://www.sflworldwide.com/assets/uploads/2023/08/home-ship.png
https://www.sflworldwide.com/blog/shipping-furniture-to-australia-cost-process-guide,200,Shipping Furniture to Australia: Cost and Customs 2026,54,145,https://www.sflworldwide.com/blog/shipping-furniture-to-australia-cost-process-guide,True,"index, follow",en-US,0,"Shipping Furniture to Australia from USA: Cost, Process & Customs Guide (2026)",11,1868,,2,30,https://www.sflworldwide.com/assets/uploads/2023/08/home-ship.png
https://www.sflworldwide.com/blog/shipping-golf-clubs-a-comprehensive-guide,200,Shipping Golf Clubs: A Comprehensive Guide,42,139,https://www.sflworldwide.com/blog/shipping-golf-clubs-a-comprehensive-guide,True,"index, follow",en-US,0,Shipping Golf Clubs: A Comprehensive Guide,2,2002,,2,30,https://www.sflworldwide.com/assets/uploads/2023/08/home-ship.png
https://www.sflworldwide.com/blog/shipping-goods-usa-to-australia-cost-time,200,Shipping Goods from USA to Australia: Cost Guide,48,140,https://www.sflworldwide.com/blog/shipping-goods-usa-to-australia-cost-time,True,"index, follow",en-US,0,"Shipping Goods from USA to Australia: Cost, Process & Best Options (2026)",12,1996,,2,30,https://www.sflworldwide.com/blog/Shipping%20Household%20Goods%20to%20Australia.png
https://www.sflworldwide.com/blog/shipping-household-goods-from-usa-to-india-guide,200,Shipping Goods to India: Cost and Customs Guide 2026,52,130,https://www.sflworldwide.com/blog/shipping-household-goods-from-usa-to-india-guide,True,"index, follow",en-US,0,"Shipping Household Goods from USA to India: Cost, Process & Customs Guide (2026)",11,1906,,2,30,https://www.sflworldwide.com/assets/uploads/2023/08/home-ship.png
https://www.sflworldwide.com/blog/shipping-household-goods-to-germany,200,How to Ship Furniture & Household Goods from USA to Germany,59,153,https://www.sflworldwide.com/blog/shipping-household-goods-to-germany,True,"index, follow",en-US,0,How to Ship Furniture and Household Goods from the USA to Germany: Complete Guide,13,1928,,3,30,https://www.sflworldwide.com/blog/shipping%20household%20goods%20to%20germany.png
https://www.sflworldwide.com/blog/shipping-luggage-internationally,200,Guide to Shipping Luggage Internationally,41,147,https://www.sflworldwide.com/blog/shipping-luggage-internationally,True,"index, follow",en-US,0,Shipping Luggage Internationally,11,1430,,2,30,https://www.sflworldwide.com/assets/uploads/2023/08/home-ship.png
https://www.sflworldwide.com/blog/shipping-luggage-to-india-from-usa,200,Shipping Luggage to India from USA Costs and Guide 2026,55,152,https://www.sflworldwide.com/blog/shipping-luggage-to-india-from-usa,True,"index, follow",en-US,0,Shipping Luggage to India from USA Costs & Guide 2026,12,1939,,2,30,https://www.sflworldwide.com/blog/aug2.png
https://www.sflworldwide.com/blog/shipping-machinery-overseas,200,How to Ship Heavy Machinery Overseas: Step by Step Process,58,149,https://www.sflworldwide.com/blog/shipping-machinery-overseas,True,"index, follow",en-US,0,Shipping Machinery Overseas: Step-by-Step Process for Moving Heavy Equipment,9,1978,,2,30,https://www.sflworldwide.com/assets/uploads/2023/08/home-ship.png
https://www.sflworldwide.com/blog/shipping-makeup-tips-and-tricks-for-packaging-and-delivery,200,Shipping Makeup: Tips for Safe Packaging and Delivery,53,132,https://www.sflworldwide.com/blog/shipping-makeup-tips-and-tricks-for-packaging-and-delivery,True,"index, follow",en-US,0,Shipping Makeup: Tips and Tricks for Packaging and Delivery,2,1094,,2,30,https://www.sflworldwide.com/assets/uploads/2023/08/home-ship.png
https://www.sflworldwide.com/blog/shipping-oxygen-concentrator-from-usa-to-india,200,Shipping Oxygen Concentrator From the USA to India,50,143,https://www.sflworldwide.com/blog/shipping-oxygen-concentrator-from-usa-to-india,True,"index, follow",en-US,0,Guide on Shipping Oxygen Concentrator From USA to India,2,827,,2,33,https://www.sflworldwide.com/assets/uploads/2023/08/home-ship.png
https://www.sflworldwide.com/blog/shipping-products-to-india-from-usa-checklist,200,Checklist for Exporters Shipping to India from USA,50,138,https://www.sflworldwide.com/blog/shipping-products-to-india-from-usa-checklist,True,"index, follow",en-US,0,A Step-by-Step Checklist for First-Time Exporters Shipping Products to India from the USA,12,1556,,2,30,https://www.sflworldwide.com/assets/uploads/2023/08/home-ship.png
https://www.sflworldwide.com/blog/shipping-tape-types-uses-and-best-practices,200,"Shipping Tape: Types, Uses, and Best Practices",46,153,https://www.sflworldwide.com/blog/shipping-tape-types-uses-and-best-practices,True,"index, follow",en-US,0,"Shipping Tape: Types, Uses, and Best Practices",11,1521,,2,30,https://www.sflworldwide.com/assets/uploads/2023/08/home-ship.png
https://www.sflworldwide.com/blog/shipping-your-motorcycle-from-the-usa-to-india-a-complete-guide,200,A Guide to Shipping Your Motorcycle from the USA to India,57,151,https://www.sflworldwide.com/blog/shipping-your-motorcycle-from-the-usa-to-india-a-complete-guide,True,"index, follow",en-US,0,Shipping Your Motorcycle from the USA to India: A Complete Guide,10,1103,,2,30,https://www.sflworldwide.com/assets/uploads/2023/08/home-ship.png
https://www.sflworldwide.com/blog/simple-way-to-ship-books-internationally,200,Simple Way to Ship Books Internationally,40,136,https://www.sflworldwide.com/blog/simple-way-to-ship-books-internationally,True,"index, follow",en-US,0,Simple Way to Ship Books Internationally without any hassle,2,1280,,4,30,https://www.sflworldwide.com/assets/uploads/2023/08/home-ship.png
https://www.sflworldwide.com/blog/stockout-costs-understanding-impact-and-prevention,200,"Stockout Costs: Understanding, Impact, and Prevention",53,154,https://www.sflworldwide.com/blog/stockout-costs-understanding-impact-and-prevention,True,"index, follow",en-US,0,"Stockout Costs: Understanding, Impact, and Prevention",8,1700,,2,30,https://www.sflworldwide.com/assets/uploads/2023/08/home-ship.png
https://www.sflworldwide.com/blog/the-benefits-of-door-to-door-nationwide-car-transport-services,200,Benefits of Door-to-Door Nationwide Car Transport Services,58,128,https://www.sflworldwide.com/blog/the-benefits-of-door-to-door-nationwide-car-transport-services,True,"index, follow",en-US,0,The Benefits of Door-to-Door Nationwide Car Transport Services,8,1273,,2,30,https://www.sflworldwide.com/assets/uploads/2023/08/home-ship.png
https://www.sflworldwide.com/blog/the-best-method-for-shipping-furniture-to-nigeria,200,The Best Method for Shipping Furniture to Nigeria,49,134,https://www.sflworldwide.com/blog/the-best-method-for-shipping-furniture-to-nigeria,True,"index, follow",en-US,0,The Best Method for Shipping Furniture to Nigeria,14,1710,,2,30,https://www.sflworldwide.com/assets/uploads/2023/08/home-ship.png
https://www.sflworldwide.com/blog/the-concept-of-drayage-services-what-you-need-to-know,200,The Concept of Drayage Services: What You Need to Know,54,143,https://www.sflworldwide.com/blog/the-concept-of-drayage-services-what-you-need-to-know,True,"index, follow",en-US,0,The Concept of Drayage Services: What You Need to Know,2,2124,,2,30,https://www.sflworldwide.com/assets/uploads/2023/08/home-ship.png
https://www.sflworldwide.com/blog/the-influence-of-chinese-logistics-operators-in-u-s-warehousing,200,How Chinese Logistics Operators Influence U.S. Warehousin,57,155,https://www.sflworldwide.com/blog/the-influence-of-chinese-logistics-operators-in-u-s-warehousing,True,"index, follow",en-US,0,The Influence of Chinese Logistics Operators in U.S. Warehousing,2,1306,,2,30,https://www.sflworldwide.com/assets/uploads/2023/08/home-ship.png
https://www.sflworldwide.com/blog/the-ultimate-checklist-for-moving-to-new-york-dont-forget-these-essentials,200,Moving to New York Checklist: Essential Things to Remember,58,135,https://www.sflworldwide.com/blog/the-ultimate-checklist-for-moving-to-new-york-dont-forget-these-essentials,True,"index, follow",en-US,0,The Ultimate Checklist for Moving to New York: Don't Forget These Essentials,2,1280,,2,30,https://www.sflworldwide.com/assets/uploads/2023/08/home-ship.png
https://www.sflworldwide.com/blog/the-ultimate-guide-to-army-air-post-office-apo-shipping,200,Ultimate Guide to APO Army Air Post Office Shipping,51,149,https://www.sflworldwide.com/blog/the-ultimate-guide-to-army-air-post-office-apo-shipping,True,"index, follow",en-US,0,The Ultimate Guide to Army/Air Post Office (APO) Shipping,12,1633,,2,30,https://www.sflworldwide.com/assets/uploads/2023/08/home-ship.png
https://www.sflworldwide.com/blog/the-ultimate-guide-to-shipping-perfume-safely-and-securely,200,Ultimate Guide to Shipping Perfume Safely and Securely,54,151,https://www.sflworldwide.com/blog/the-ultimate-guide-to-shipping-perfume-safely-and-securely,True,"index, follow",en-US,0,The Ultimate Guide to Shipping Perfume Safely and Securely,2,1346,,2,30,https://www.sflworldwide.com/assets/uploads/2023/08/home-ship.png
https://www.sflworldwide.com/blog/the-ultimate-guide-to-shipping-your-car,200,Shipping A Car? Here’s How To Do It Right,41,134,https://www.sflworldwide.com/blog/the-ultimate-guide-to-shipping-your-car,True,"index, follow",en-US,0,A Complete Guide to Shipping A Car - Process and Methods,2,1053,,2,30,https://www.sflworldwide.com/assets/uploads/2023/08/home-ship.png
https://www.sflworldwide.com/blog/tips-for-shipping-electronics-to-singapore-from-usa,200,Things to Know Before You Ship Electronics to Singapore,55,144,https://www.sflworldwide.com/blog/tips-for-shipping-electronics-to-singapore-from-usa,True,"index, follow",en-US,0,5 Things to Know Before You Ship Electronics to Singapore from the USA,9,1123,,2,30,https://www.sflworldwide.com/assets/uploads/2023/08/home-ship.png
https://www.sflworldwide.com/blog/top-10-most-shipped-items-to-uk-from-us,200,Top 10 Most Common Items Shipped from the USA to the UK,55,137,https://www.sflworldwide.com/blog/top-10-most-shipped-items-to-uk-from-us,True,"index, follow",en-US,0,Top 10 Most Common Items Shipped from the USA to the UK,14,1763,,2,30,https://www.sflworldwide.com/assets/uploads/2023/08/home-ship.png
https://www.sflworldwide.com/blog/top-5-things-to-know-before-shipping-to-mexico-from-the-us,200,Top 5 Things to Know Before Shipping to Mexico from the US,58,122,https://www.sflworldwide.com/blog/top-5-things-to-know-before-shipping-to-mexico-from-the-us,True,"index, follow",en-US,0,Top 5 Things to Know Before Shipping to Mexico from the US,9,1222,,2,30,https://www.sflworldwide.com/assets/uploads/2023/08/home-ship.png
https://www.sflworldwide.com/blog/types-of-packaging-materials-importance-a-comprehensive-guide,200,Types of Packaging Materials and Why They Matter,48,152,https://www.sflworldwide.com/blog/types-of-packaging-materials-importance-a-comprehensive-guide,True,"index, follow",en-US,0,Types of Packaging Materials & Importance: A Comprehensive Guide,2,1361,,2,30,https://www.sflworldwide.com/assets/uploads/2023/08/home-ship.png
https://www.sflworldwide.com/blog/ultimate-guide-to-shipping-furniture-safely-and-stress-free,200,Guide to Shipping Furniture Safely and Stress-Free,50,138,https://www.sflworldwide.com/blog/ultimate-guide-to-shipping-furniture-safely-and-stress-free,True,"index, follow",en-US,0,Ultimate Guide to Shipping Furniture Safely and Stress-Free,2,2046,,2,30,https://www.sflworldwide.com/assets/uploads/2023/08/home-ship.png
https://www.sflworldwide.com/blog/understanding-eori-numbers-a-detailed-guide,200,Understanding EORI Numbers: A Detailed Guide,44,141,https://www.sflworldwide.com/blog/understanding-eori-numbers-a-detailed-guide,True,"index, follow",en-US,0,Understanding EORI Numbers: A Detailed Guide,12,1493,,2,30,https://www.sflworldwide.com/assets/uploads/2023/08/home-ship.png
https://www.sflworldwide.com/blog/understanding-freight-shipping-classes,200,Freight Shipping Classes Explained Simply,41,146,https://www.sflworldwide.com/blog/understanding-freight-shipping-classes,True,"index, follow",en-US,0,Understanding Freight Shipping Classes: A Complete Guide,11,1769,,2,30,https://www.sflworldwide.com/assets/uploads/2023/08/home-ship.png
https://www.sflworldwide.com/blog/understanding-the-difference-between-value-chain-vs-supply-chain,200,The Difference between Value Chain vs Supply Chain,50,149,https://www.sflworldwide.com/blog/understanding-the-difference-between-value-chain-vs-supply-chain,True,"index, follow",en-US,0,Value Chain vs. Supply Chain: Difference Explained,9,1828,,3,30,https://www.sflworldwide.com/assets/uploads/2023/08/home-ship.png
https://www.sflworldwide.com/blog/ups-next-day-air-early-the-ultimate-guide,200,UPS Next Day Air Early: The Ultimate Guide,42,155,https://www.sflworldwide.com/blog/ups-next-day-air-early-the-ultimate-guide,True,"index, follow",en-US,0,UPS Next Day Air Early: The Ultimate Guide,10,1337,,2,30,https://www.sflworldwide.com/assets/uploads/2023/08/home-ship.png
https://www.sflworldwide.com/blog/ups-vs-usps,200,UPS vs USPS: Key Shipping Differences Explained,47,152,https://www.sflworldwide.com/blog/ups-vs-usps,True,"index, follow",en-US,0,USPS vs UPS – Which is better for shipping? | Services & Rates,9,1652,,5,30,https://www.sflworldwide.com/assets/uploads/2023/08/home-ship.png
https://www.sflworldwide.com/blog/us-custom-declaration-form-all-you-need-to-know,200,US Custom Declaration Form: All You Need To Know,48,139,https://www.sflworldwide.com/blog/us-custom-declaration-form-all-you-need-to-know,True,"index, follow",en-US,0,US Custom Declaration Form: All You Need To Know,11,1860,,2,30,https://www.sflworldwide.com/assets/uploads/2023/08/home-ship.png
https://www.sflworldwide.com/blog/usa-courier-services,200,Find the best international USA Courier Service Companies,57,146,https://www.sflworldwide.com/blog/usa-courier-services,True,"index, follow",en-US,0,Best Courier Companies in the USA for International Shipments,2,641,,5,30,https://www.sflworldwide.com/assets/uploads/2023/08/home-ship.png
https://www.sflworldwide.com/blog/usa-to-india-container-shipping-cost,200,USA to India Container Shipping Cost: Rates and Sizes,53,147,https://www.sflworldwide.com/blog/usa-to-india-container-shipping-cost,True,"index, follow",en-US,0,"USA to India Container Shipping Cost: Rates, Sizes & What Impacts Pricing",12,1803,,2,30,https://www.sflworldwide.com/assets/uploads/2023/08/home-ship.png
https://www.sflworldwide.com/blog/usa-to-india-shipping-cost-per-kg,200,Courier Charges from USA to India per kg – Shipping Cost,56,137,https://www.sflworldwide.com/blog/usa-to-india-shipping-cost-per-kg,True,"index, follow",en-US,0,USA to India Shipping Cost per kg: What to Expect & How to Save,11,1782,,2,30,https://www.sflworldwide.com/assets/uploads/2023/08/home-ship.png
https://www.sflworldwide.com/blog/vat-tax-and-gst-tax-what-is-it,200,VAT Tax and GST Tax: What Is It? - SFL Worldwide,48,141,https://www.sflworldwide.com/blog/vat-tax-and-gst-tax-what-is-it,True,"index, follow",en-US,0,VAT Tax and GST Tax: What Is It?,2,1950,,2,30,https://www.sflworldwide.com/assets/uploads/2023/08/home-ship.png
https://www.sflworldwide.com/blog/what-are-corrugated-boxes-the-different-uses-and-types-of-corrugated-packaging,200,Corrugated Boxes: Types and Common Packaging Uses,49,136,https://www.sflworldwide.com/blog/what-are-corrugated-boxes-the-different-uses-and-types-of-corrugated-packaging,True,"index, follow",en-US,0,What are Corrugated Boxes? The Different Uses and Types of Corrugated Packaging,10,1731,,2,30,https://www.sflworldwide.com/assets/uploads/2023/08/home-ship.png
https://www.sflworldwide.com/blog/what-are-inventory-buffers,200,What Inventory Buffers Are and Why They Matter,46,149,https://www.sflworldwide.com/blog/what-are-inventory-buffers,True,"index, follow",en-US,0,What Are Inventory Buffers?,3,1055,,3,30,https://www.sflworldwide.com/assets/uploads/2023/08/home-ship.png
https://www.sflworldwide.com/blog/what-are-inventory-levels,200,What Inventory Levels Are and How They’re Managed,49,144,https://www.sflworldwide.com/blog/what-are-inventory-levels,True,"index, follow",en-US,0,What are Inventory Levels?,12,1496,,5,30,https://www.sflworldwide.com/assets/uploads/2023/08/home-ship.png
https://www.sflworldwide.com/blog/what-are-the-different-modes-of-shipping,200,What are the Different Modes of Shipping?,41,157,https://www.sflworldwide.com/blog/what-are-the-different-modes-of-shipping,True,"index, follow",en-US,0,What are the Different Modes of Shipping?,8,1496,,2,30,https://www.sflworldwide.com/assets/uploads/2023/08/home-ship.png
https://www.sflworldwide.com/blog/what-are-the-weight-and-size-limits-for-ups-shipping,200,What are the Weight and Size Limits for UPS Shipping?,53,150,https://www.sflworldwide.com/blog/what-are-the-weight-and-size-limits-for-ups-shipping,True,"index, follow",en-US,0,What are the Weight and Size Limits for UPS Shipping?,8,949,,2,30,https://www.sflworldwide.com/assets/uploads/2023/08/home-ship.png
https://www.sflworldwide.com/blog/what-does-pre-shipment-mean,200,What Pre-Shipment Means in the Shipping Process,47,153,https://www.sflworldwide.com/blog/what-does-pre-shipment-mean,True,"index, follow",en-US,0,What Does Pre-Shipment Mean?,10,1556,,2,30,https://www.sflworldwide.com/assets/uploads/2023/08/home-ship.png
https://www.sflworldwide.com/blog/what-does-shipment-exception-mean,200,What Does Shipment Exception Mean? - SFL Worldwide,50,145,https://www.sflworldwide.com/blog/what-does-shipment-exception-mean,True,"index, follow",en-US,0,What Does Shipment Exception Mean?,2,1572,,2,30,https://www.sflworldwide.com/assets/uploads/2023/08/home-ship.png
https://www.sflworldwide.com/blog/what-happens-if-you-refuse-to-pay-customs-duty-in-india,200,What Happens If You Refuse to Pay Customs Duty in India?,56,140,https://www.sflworldwide.com/blog/what-happens-if-you-refuse-to-pay-customs-duty-in-india,True,"index, follow",en-US,0,What Happens If You Refuse to Pay Customs Duty in India?,10,1120,,2,30,https://www.sflworldwide.com/assets/uploads/2023/08/home-ship.png
https://www.sflworldwide.com/blog/what-is-a-bonded-carrier-and-its-benefit-for-your-business,200,What is a Bonded Carrier and Its Benefit For Your Business,58,151,https://www.sflworldwide.com/blog/what-is-a-bonded-carrier-and-its-benefit-for-your-business,True,"index, follow",en-US,0,What is a Bonded Carrier and Its Benefit For Your Business,9,1112,,2,30,https://www.sflworldwide.com/assets/uploads/2023/08/home-ship.png
https://www.sflworldwide.com/blog/what-is-a-courier-service-everything-you-need-to-know,200,What is a Courier Service? Everything You Need to Know,54,147,https://www.sflworldwide.com/blog/what-is-a-courier-service-everything-you-need-to-know,True,"index, follow",en-US,0,What is a Courier Service? Everything You Need to Know,13,2339,,2,30,https://www.sflworldwide.com/assets/uploads/2023/08/home-ship.png
https://www.sflworldwide.com/blog/what-is-a-customs-bond-and-why-is-it-needed,200,"What is a Customs Bond, and Why is it Needed?",45,149,https://www.sflworldwide.com/blog/what-is-a-customs-bond-and-why-is-it-needed,True,"index, follow",en-US,0,What is a Customs Bond and Why is it Needed?,11,1525,,2,30,https://www.sflworldwide.com/assets/uploads/2023/08/home-ship.png
https://www.sflworldwide.com/blog/what-is-a-dark-store-model,200,What is a Dark Store Model? - SFL Worldwide,43,150,https://www.sflworldwide.com/blog/what-is-a-dark-store-model,True,"index, follow",en-US,0,What is a Dark Store Model?,2,1551,,2,30,https://www.sflworldwide.com/assets/uploads/2023/08/home-ship.png
https://www.sflworldwide.com/blog/what-is-a-freight-charge,200,What a Freight Charge Is and How It’s Calculated,48,145,https://www.sflworldwide.com/blog/what-is-a-freight-charge,True,"index, follow",en-US,0,What Is A Freight Charge?,11,1499,,2,30,https://www.sflworldwide.com/assets/uploads/2023/08/home-ship.png
https://www.sflworldwide.com/blog/what-is-a-house-airway-bill,200,What is a House Airway Bill? - SFL Worldwide,44,156,https://www.sflworldwide.com/blog/what-is-a-house-airway-bill,True,"index, follow",en-US,0,What is a House Airway Bill?,11,1509,,2,30,https://www.sflworldwide.com/assets/uploads/2023/08/home-ship.png
https://www.sflworldwide.com/blog/what-is-a-hybrid-courier-all-you-need-to-know,200,What is a Hybrid Courier? All You Need to Know,46,133,https://www.sflworldwide.com/blog/what-is-a-hybrid-courier-all-you-need-to-know,True,"index, follow",en-US,0,What is a Hybrid Courier? All You Need to Know,7,1472,,2,30,https://www.sflworldwide.com/assets/uploads/2023/08/home-ship.png
https://www.sflworldwide.com/blog/what-is-an-hs-code-everything-you-need-to-know,200,What is an HS Code? Everything You Need To Know,47,145,https://www.sflworldwide.com/blog/what-is-an-hs-code-everything-you-need-to-know,True,"index, follow",en-US,0,What is an HS Code? Everything You Need To Know,9,1489,,2,30,https://www.sflworldwide.com/assets/uploads/2023/08/home-ship.png
https://www.sflworldwide.com/blog/what-is-batch-picking,200,What is Batch Picking? - SFL Worldwide,38,142,https://www.sflworldwide.com/blog/what-is-batch-picking,True,"index, follow",en-US,0,What is Batch Picking?,2,1942,,2,30,https://www.sflworldwide.com/assets/uploads/2023/08/home-ship.png
https://www.sflworldwide.com/blog/what-is-blind-shipping-and-how-do-businesses-use-it,200,"What is Blind Shipping, and How Do Businesses Use It?",53,155,https://www.sflworldwide.com/blog/what-is-blind-shipping-and-how-do-businesses-use-it,True,"index, follow",en-US,0,What is Blind Shipping and How Do Businesses Use It?,2,1628,,2,30,https://www.sflworldwide.com/assets/uploads/2023/08/home-ship.png
https://www.sflworldwide.com/blog/what-is-bonded-warehousing,200,What is Bonded Warehousing? - SFL Worldwide,43,134,https://www.sflworldwide.com/blog/what-is-bonded-warehousing,True,"index, follow",en-US,0,What is Bonded Warehousing?,10,1618,,2,30,https://www.sflworldwide.com/assets/uploads/2023/08/home-ship.png
https://www.sflworldwide.com/blog/what-is-devanning-and-why-you-need-devanning-services,200,What is Devanning and Why You Need Devanning Services ?,55,145,https://www.sflworldwide.com/blog/what-is-devanning-and-why-you-need-devanning-services,True,"index, follow",en-US,0,What is Devanning and Why You Need Devanning Services ?,10,1519,,2,30,https://www.sflworldwide.com/assets/uploads/2023/08/home-ship.png
https://www.sflworldwide.com/blog/what-is-digital-logistics-and-how-does-it-help-your-business,200,What Digital Logistics Is and How It Helps Businesses,53,142,https://www.sflworldwide.com/blog/what-is-digital-logistics-and-how-does-it-help-your-business,True,"index, follow",en-US,0,What is Digital Logistics and How Does It Help Your Business?,10,1147,,2,30,https://www.sflworldwide.com/assets/uploads/2023/08/home-ship.png
https://www.sflworldwide.com/blog/what-is-dispatch-management-all-you-need-to-know,200,What is Dispatch Management? All You Need to Know,49,138,https://www.sflworldwide.com/blog/what-is-dispatch-management-all-you-need-to-know,True,"index, follow",en-US,0,What is Dispatch Management? All You Need to Know,7,1434,,2,30,https://www.sflworldwide.com/assets/uploads/2023/08/home-ship.png
https://www.sflworldwide.com/blog/what-is-domestic-shipment,200,What Domestic Shipment Means in Shipping Terms,46,155,https://www.sflworldwide.com/blog/what-is-domestic-shipment,True,"index, follow",en-US,0,What is Domestic Shipment?,8,1564,,2,30,https://www.sflworldwide.com/assets/uploads/2023/08/home-ship.png
https://www.sflworldwide.com/blog/what-is-dunnage-in-shipping,200,What Dunnage Is and Why It’s Important in Shipping,50,153,https://www.sflworldwide.com/blog/what-is-dunnage-in-shipping,True,"index, follow",en-US,0,What is Dunnage in Shipping?,8,1780,,2,30,https://www.sflworldwide.com/assets/uploads/2023/08/home-ship.png
https://www.sflworldwide.com/blog/what-is-economy-shipping,200,Economy Shipping: Benefits and Limitations - SFL Worldwide,58,152,https://www.sflworldwide.com/blog/what-is-economy-shipping,True,"index, follow",en-US,0,Key Points on Economy Shipping - Benefits and Limitations,13,1237,,3,30,https://www.sflworldwide.com/assets/uploads/2023/08/home-ship.png
https://www.sflworldwide.com/blog/what-is-obsolete-inventory-and-how-to-prevent-it,200,What Is Obsolete Inventory and How to Prevent It?,49,153,https://www.sflworldwide.com/blog/what-is-obsolete-inventory-and-how-to-prevent-it,True,"index, follow",en-US,0,What Is Obsolete Inventory and How to Prevent It?,8,1345,,2,30,https://www.sflworldwide.com/assets/uploads/2023/08/home-ship.png
https://www.sflworldwide.com/blog/what-is-palletization,200,What Is Palletization? All You Need to Know,43,154,https://www.sflworldwide.com/blog/what-is-palletization,True,"index, follow",en-US,0,What is Palletization and Some of its Benefits in Shipping?,1,401,,2,31,https://www.sflworldwide.com/assets/uploads/2023/08/home-ship.png
https://www.sflworldwide.com/blog/what-is-sea-freight-and-when-it-is-used-in-shipping,200,What is Sea Freight and When It is Used in Shipping?,52,134,https://www.sflworldwide.com/blog/what-is-sea-freight-and-when-it-is-used-in-shipping,True,"index, follow",en-US,0,What is Sea Freight and When It is Used in Shipping?,8,1387,,2,30,https://www.sflworldwide.com/assets/uploads/2023/08/home-ship.png
https://www.sflworldwide.com/blog/what-is-shipping-insurance-and-why-is-it-necessary,200,"What is Shipping Insurance, and why is it necessary?",52,154,https://www.sflworldwide.com/blog/what-is-shipping-insurance-and-why-is-it-necessary,True,"index, follow",en-US,0,"What is Shipping Insurance, and why is it necessary to ship?",2,1542,,13,30,https://www.sflworldwide.com/assets/uploads/2023/08/home-ship.png
https://www.sflworldwide.com/blog/what-is-standard-shipping-and-how-long-is-standard-shipping,200,What is Standard Shipping ? Delivery time explained.,52,147,https://www.sflworldwide.com/blog/what-is-standard-shipping-and-how-long-is-standard-shipping,True,"index, follow",en-US,0,What is Standard Shipping ? Delivery time explained.,9,967,,7,34,https://www.sflworldwide.com/assets/uploads/2023/08/home-ship.png
https://www.sflworldwide.com/blog/what-is-the-cheapest-overnight-shipping-options,200,Unlocking Overnight Shipping: Low-Cost Methods with SFL,55,147,https://www.sflworldwide.com/blog/what-is-the-cheapest-overnight-shipping-options,True,"index, follow",en-US,0,Cheapest Options for Overnight Shipping and Cost Comparison,2,1796,,3,33,https://www.sflworldwide.com/assets/uploads/2023/08/home-ship.png
https://www.sflworldwide.com/blog/what-items-are-not-allowed-to-ship-to-india-from-the-usa,200,What Items Are Not Allowed to Ship to India from the USA?,57,147,https://www.sflworldwide.com/blog/what-items-are-not-allowed-to-ship-to-india-from-the-usa,True,"index, follow",en-US,0,What Items Are Not Allowed to Ship to India from the USA?,7,1101,,3,30,https://www.sflworldwide.com/assets/uploads/2023/08/home-ship.png
https://www.sflworldwide.com/blog/whats-a-scac-code-a-complete-guide-for-shippers-and-businesses,200,SCAC Code Explained: Guide for Shippers and Businesses,54,152,https://www.sflworldwide.com/blog/whats-a-scac-code-a-complete-guide-for-shippers-and-businesses,True,"index, follow",en-US,0,What’s a SCAC Code? A Complete Guide for Shippers and Businesses,12,1394,,2,30,https://www.sflworldwide.com/assets/uploads/2023/08/home-ship.png
https://www.sflworldwide.com/blog/whats-the-cheapest-next-day-shipping-service,200,What’s the Cheapest Next-Day Shipping Service?,46,154,https://www.sflworldwide.com/blog/whats-the-cheapest-next-day-shipping-service,True,"index, follow",en-US,0,What’s the Cheapest Next-Day Shipping Service?,2,1234,,2,30,https://www.sflworldwide.com/assets/uploads/2023/08/home-ship.png
https://www.sflworldwide.com/blog/whats-the-cheapest-shipping-company-to-use-this-holiday,200,What’s The Cheapest Shipping Company to Use This Holiday?,57,142,https://www.sflworldwide.com/blog/whats-the-cheapest-shipping-company-to-use-this-holiday,True,"index, follow",en-US,0,What's The Cheapest Shipping Company to Use This Holiday?,2,2068,,2,37,https://www.sflworldwide.com/assets/uploads/2023/08/home-ship.png
https://www.sflworldwide.com/blog/whats-the-difference-between-express-and-economy-shipping-to-india,200,Express vs Economy Shipping to India: Key Guide,47,153,https://www.sflworldwide.com/blog/whats-the-difference-between-express-and-economy-shipping-to-india,True,"index, follow",en-US,0,What’s the Difference Between Express and Economy Shipping to India?,12,1128,,3,30,https://www.sflworldwide.com/assets/uploads/2023/08/home-ship.png
https://www.sflworldwide.com/blog/whats-the-process-for-sending-personal-items-vs-business-shipments,200,Process for Sending Personal vs Business Shipments,50,143,https://www.sflworldwide.com/blog/whats-the-process-for-sending-personal-items-vs-business-shipments,True,"index, follow",en-US,0,What’s the Process for Sending Personal Items vs. Business Shipments?,13,1253,,2,30,https://www.sflworldwide.com/assets/uploads/2023/08/home-ship.png
https://www.sflworldwide.com/blog/which-is-better-fedex-or-ups-a-comparison,200,"Which is Better, FedEx or UPS? A Comparison",43,136,https://www.sflworldwide.com/blog/which-is-better-fedex-or-ups-a-comparison,True,"index, follow",en-US,0,"Which is Better, FedEx or UPS? A Comparison",13,1351,,2,30,https://www.sflworldwide.com/assets/uploads/2023/08/home-ship.png
https://www.sflworldwide.com/blog/which-states-liquor-be-shipped,200,Which States Liquor be Shipped? - SFL Worldwide,47,134,https://www.sflworldwide.com/blog/which-states-liquor-be-shipped,True,"index, follow",en-US,0,Which States Liquor be Shipped?,8,1130,,2,30,https://www.sflworldwide.com/assets/uploads/2023/08/home-ship.png
https://www.sflworldwide.com/blog/why-carbon-neutral-shipping-is-the-future-of-logistics,200,Why Carbon Neutral Shipping is the Future of Logistics,54,144,https://www.sflworldwide.com/blog/why-carbon-neutral-shipping-is-the-future-of-logistics,True,"index, follow",en-US,0,Why Carbon Neutral Shipping is the Future of Logistics,2,1888,,2,30,https://www.sflworldwide.com/assets/uploads/2023/08/home-ship.png
https://www.sflworldwide.com/carriers,200,Carriers and Global Shipping Partners | SFL Worldwide,53,132,https://www.sflworldwide.com/carriers,True,"index, follow",en-US,0,Find your courier,5,10,BreadcrumbList,383,26,https://www.sflworldwide.com/assets/uploads/2023/08/home-ship.png
https://www.sflworldwide.com/carriers/shipping-with-dhl,200,Ship with DHL: Reliable Global Delivery Services,48,150,https://www.sflworldwide.com,False,"index, follow",en-US,4,Shipping with DHL,13,1429,BreadcrumbList;FAQPage,63,112,https://www.sflworldwide.com/assets/uploads/2023/08/home-ship.png
https://www.sflworldwide.com/carriers/shipping-with-fedex,200,FedEx International Shipping | SFL Worldwide,44,144,https://www.sflworldwide.com,False,"index, follow",en-US,4,Shipping with FedEx,10,1521,BreadcrumbList;FAQPage,67,37,https://www.sflworldwide.com/assets/uploads/2023/08/home-ship.png
https://www.sflworldwide.com/carriers/shipping-with-ups,200,Shipping Solutions with UPS: Reliable and Fast,46,154,https://www.sflworldwide.com,False,"index, follow",en-US,4,Shipping with UPS,14,1564,BreadcrumbList;FAQPage,64,113,https://www.sflworldwide.com/assets/uploads/2023/08/home-ship.png
https://www.sflworldwide.com/carriers/shipping-with-usps,200,Reliable Shipping With USPS Services | SFL Worldwide,52,150,https://www.sflworldwide.com,False,"index, follow",en-US,4,Shipping with USPS,13,1255,BreadcrumbList;FAQPage;VideoObject,59,112,https://www.sflworldwide.com/assets/uploads/2023/08/home-ship.png
https://www.sflworldwide.com/contact-us/contact-support,200,Customer Support for Shipping - SFL Worldwide,45,152,https://www.sflworldwide.com/contact-us/contact-support,True,"index, follow",en-US,4,Contact Support,2,392,BreadcrumbList,383,59,https://www.sflworldwide.com/assets/uploads/2023/08/home-ship.png
https://www.sflworldwide.com/contact-us/locations,200,Explore Our Office Locations - SFL Worldwide,44,143,https://www.sflworldwide.com/contact-us/locations,True,"index, follow",en-US,4,Our Locations,7,54,BreadcrumbList,383,60,https://www.sflworldwide.com/assets/uploads/2023/08/home-ship.png
https://www.sflworldwide.com/contact-us,200,Contact Us for Shipping and Moving Services - SFL Worldwide,59,141,https://www.sflworldwide.com/contact-us,True,"index, follow",en-US,4,Contact SFL Worldwide,2,103,BreadcrumbList;Organization,3,61,https://www.sflworldwide.com/assets/uploads/2023/08/home-ship.png
https://www.sflworldwide.com/cookie-policy,200,Cookie Policy - SFL Worldwide,29,141,https://www.sflworldwide.com/cookie-policy,True,"index, follow",en-US,0,Cookie Policy,13,466,BreadcrumbList,454,105,https://www.sflworldwide.com/assets/uploads/2023/08/home-ship.png
https://www.sflworldwide.com/en-ca/about-us/accreditations,200,Canada Shipping Accreditations and Certifications,49,129,https://www.sflworldwide.com/en-ca/about-us/accreditations,True,"index, follow",en-CA,4,SFL Worldwide Accreditations,2,589,BreadcrumbList,3,72,https://www.sflworldwide.com/assets/uploads/2023/08/home-ship.png
https://www.sflworldwide.com/en-ca/about-us,200,Simplifying Shipping and Moving Since 2005,42,153,https://www.sflworldwide.com/en-ca/about-us,True,"index, follow",en-CA,4,About SFL Worldwide,8,399,BreadcrumbList;Organization,29,39,https://www.sflworldwide.com/assets/uploads/2023/08/home-ship.png
https://www.sflworldwide.com/en-ca/about-us/trusted-reviews,200,Customer Reviews of SFL Worldwide Canada,40,130,https://www.sflworldwide.com/en-ca/about-us/trusted-reviews,True,"index, follow",en-CA,4,What Our Customers Say About Our Services,3,500,BreadcrumbList,3,111,https://www.sflworldwide.com/assets/uploads/2023/08/home-ship.png
https://www.sflworldwide.com/en-ca/blog/17-essential-packaging-tips-to-protect-your-items-during-shipping,200,Essential Packaging Tips to Protect Items During Shipping,57,157,https://www.sflworldwide.com/en-ca/blog/17-essential-packaging-tips-to-protect-your-items-during-shipping,True,"index, follow",en-CA,0,17 Essential Packaging Tips to Protect Your Items During Shipping,1,1473,,3,30,https://www.sflworldwide.com/assets/uploads/2023/08/home-ship.png
https://www.sflworldwide.com/en-ca/blog/how-to-handle-lost-or-damaged-shipments-step-by-step-process,200,How to Handle Lost or Damaged Shipments Step-by-Step,52,150,https://www.sflworldwide.com/en-ca/blog/how-to-handle-lost-or-damaged-shipments-step-by-step-process,True,"index, follow",en-CA,0,How to Handle Lost or Damaged Shipments: Step-by-Step Process,1,1514,,3,30,https://www.sflworldwide.com/assets/uploads/2023/08/home-ship.png
https://www.sflworldwide.com/en-ca/blog,200,Canada Blog with Shipping Articles and Guides,45,151,https://www.sflworldwide.com/en-ca/blog,True,"index, follow",en-CA,4,Blogs,3,84,,29,24,https://www.sflworldwide.com/assets/uploads/2023/08/home-ship.png
https://www.sflworldwide.com/en-ca/contact-us/contact-support,200,Get Shipping Help – SFL Worldwide Canada Support,48,149,https://www.sflworldwide.com/en-ca/contact-us/contact-support,True,"index, follow",en-CA,4,Contact Support,2,475,BreadcrumbList,29,65,https://www.sflworldwide.com/assets/uploads/2023/08/home-ship.png
https://www.sflworldwide.com/en-ca/contact-us/locations,200,Canada Contact Locations and Support | SFL Worldwide,52,106,https://www.sflworldwide.com/en-ca/contact-us/locations,True,"index, follow",en-CA,4,Our Locations,5,48,BreadcrumbList,29,66,https://www.sflworldwide.com/assets/uploads/2023/08/home-ship.png
https://www.sflworldwide.com/en-ca/contact-us,200,Contact SFL Worldwide Canada for Support,40,130,https://www.sflworldwide.com/en-ca/contact-us,True,"index, follow",en-CA,4,Get in Touch With Us,2,103,BreadcrumbList;Organization,29,67,https://www.sflworldwide.com/assets/uploads/2023/08/home-ship.png
https://www.sflworldwide.com/en-ca/contact-us/request-a-call-back,200,Request a Call Back - SFL Worldwide,35,134,https://www.sflworldwide.com/en-ca/contact-us/request-a-call-back,True,"index, follow",en-CA,0,REQUEST A CALL BACK,3,444,BreadcrumbList,1,76,https://www.sflworldwide.com/assets/uploads/2023/08/home-ship.png
https://www.sflworldwide.com/en-ca/privacy-policy,200,Secure Privacy Policy for SFL Worldwide Canada,46,112,https://www.sflworldwide.com/en-ca/privacy-policy,True,"index, follow",en-CA,4,Privacy Policy,7,509,BreadcrumbList,29,22,https://www.sflworldwide.com/assets/uploads/2023/08/home-ship.png
https://www.sflworldwide.com/en-ca/resources/cft-calculator,200,CFT Calculator | SFL Worldwide,30,153,https://www.sflworldwide.com/en-ca/resources/cft-calculator,True,"index, follow",en-CA,0,CFT Calculator,3,539,,2,75,https://www.sflworldwide.com/assets/uploads/2023/08/home-ship.png
https://www.sflworldwide.com/en-ca/resources,200,Canada Shipping Resources and Tools | SFL Worldwide,51,133,https://www.sflworldwide.com/en-ca/resources,True,"index, follow",en-CA,4,Guide To Shipping,3,485,BreadcrumbList,29,79,https://www.sflworldwide.com/assets/uploads/2023/08/home-ship.png
https://www.sflworldwide.com/en-ca/resources/prohibited-shipping-items,200,Restricted Items for Canada Shipping,36,124,https://www.sflworldwide.com/en-ca/resources/prohibited-shipping-items,True,"index, follow",en-CA,4,Prohibited Shipping Items,3,940,BreadcrumbList,2,75,https://www.sflworldwide.com/assets/uploads/2023/08/home-ship.png
https://www.sflworldwide.com/en-ca/resources/relocation-process,200,Step-by-Step Moving Process in Canada,37,131,https://www.sflworldwide.com/en-ca/resources/relocation-process,True,"index, follow",en-CA,4,Complete Door-to-Door Relocation Process,4,947,BreadcrumbList,2,85,https://www.sflworldwide.com/assets/uploads/2023/08/home-ship.png
https://www.sflworldwide.com/en-ca/resources/volumetric-weight,200,Learn Volumetric Weight for Shipping,36,149,https://www.sflworldwide.com/en-ca/resources/volumetric-weight,True,"index, follow",en-CA,4,Dimensional Weight Explained,4,1458,BreadcrumbList;FAQPage,2,79,https://www.sflworldwide.com/assets/uploads/2023/08/home-ship.png
https://www.sflworldwide.com/en-ca/security,200,Security Policy – SFL Worldwide Canada Shipping,47,122,https://www.sflworldwide.com/en-ca/security,True,"index, follow",en-CA,4,Security,3,99,BreadcrumbList,29,81,https://www.sflworldwide.com/assets/uploads/2023/08/home-ship.png
https://www.sflworldwide.com/en-ca/services/cheapest-domestic-relocation-services,200,Cheapest Domestic Relocation Services in Canada,47,154,https://www.sflworldwide.com/en-ca/services/cheapest-domestic-relocation-services,True,"index, follow",en-CA,4,Cheapest Domestic Relocation Services,9,737,BreadcrumbList,29,93,https://www.sflworldwide.com/assets/uploads/2023/08/home-ship.png
https://www.sflworldwide.com/en-ca/services/cheapest-domestic-shipping-across-canada,200,Cheapest Domestic Shipping Across Canada,40,146,https://www.sflworldwide.com/en-ca/services/cheapest-domestic-shipping-across-canada,True,"index, follow",en-CA,0,Affordable and Reliable Shipping Across Canada,10,1276,BreadcrumbList;FAQPage,29,98,https://www.sflworldwide.com/assets/uploads/2023/08/home-ship.png
https://www.sflworldwide.com/en-ca/services/international-shipping-from-canada,200,International Shipping from Canada,34,152,https://www.sflworldwide.com/en-ca/services/international-shipping-from-canada,True,"index, follow",en-CA,0,International Shipping from Canada,5,1620,BreadcrumbList;FAQPage,29,92,https://www.sflworldwide.com/assets/uploads/2023/08/home-ship.png
https://www.sflworldwide.com/en-ca/services,200,Canada Shipping Services and Solutions | SFL Worldwide,54,145,https://www.sflworldwide.com/en-ca/services,True,"index, follow",en-CA,4,Easy Shipping and Moving Services,6,712,BreadcrumbList,29,85,https://www.sflworldwide.com/assets/uploads/2023/08/home-ship.png
https://www.sflworldwide.com/en-ca/services/reliable-international-relocation-services,200,Trusted Global Relocation Services in Canada,44,139,https://www.sflworldwide.com/en-ca/services/reliable-international-relocation-services,True,"index, follow",en-CA,4,Reliable International Relocation Services,11,1248,BreadcrumbList,29,84,https://www.sflworldwide.com/assets/uploads/2023/08/home-ship.png
https://www.sflworldwide.com/en-ca/sitemap,200,Sitemap - SFL Worldwide,23,150,https://www.sflworldwide.com/en-ca/sitemap,True,"index, follow",en-CA,0,Sitemap,1,62,BreadcrumbList,29,22,https://www.sflworldwide.com/assets/uploads/2023/08/home-ship.png
https://www.sflworldwide.com/en-ca/terms-and-conditions,200,Terms and Conditions – SFL Worldwide Canada,43,131,https://www.sflworldwide.com/en-ca/terms-and-conditions,True,"index, follow",en-CA,4,Terms & Conditions,3,12152,BreadcrumbList,29,81,https://www.sflworldwide.com/assets/uploads/2023/08/home-ship.png
https://www.sflworldwide.com/en-ca/worldwide-destinations,200,Worldwide Destinations - SFL Canada,35,119,https://www.sflworldwide.com/en-ca/worldwide-destinations,True,"index, follow",en-CA,4,Worldwide Destinations,5,477,BreadcrumbList,29,82,https://www.sflworldwide.com/assets/uploads/2023/08/home-ship.png
https://www.sflworldwide.com/en-ca/worldwide-destinations/shipping-to-india-from-canada,200,Cheapest Shipping from Canada to India | SFL Worldwide,54,155,https://www.sflworldwide.com/en-ca/worldwide-destinations/shipping-to-india-from-canada,True,"index, follow",en-CA,0,Cheapest Shipping to India from Canada Fast & Reliable,17,2619,BreadcrumbList;FAQPage,3,122,https://www.sflworldwide.com/assets/uploads/2023/08/home-ship.png
https://www.sflworldwide.com/en-ca/worldwide-moving/moving-to-india-from-canada,200,Reliable Moving to India from Canada | SFL Worldwide,52,149,https://www.sflworldwide.com/en-ca/worldwide-moving/moving-to-india-from-canada,True,"index, follow",en-CA,0,Affordable Moving Services to India from Canada,13,2770,BreadcrumbList;FAQPage,3,99,https://www.sflworldwide.com/assets/uploads/2023/08/home-ship.png
https://www.sflworldwide.com/en-ca/worldwide-moving,200,Worldwide Moving Services,25,151,https://www.sflworldwide.com/en-ca/worldwide-moving,True,"index, follow",en-CA,0,Worldwide Moving,4,507,BreadcrumbList,2,82,https://www.sflworldwide.com/assets/uploads/2023/08/home-ship.png
https://www.sflworldwide.com/en-in/about-us/accreditations,200,Global Shipping Accreditations and Certifications,49,139,https://www.sflworldwide.com/en-in/about-us/accreditations,True,"index, follow",en-IN,4,SFL Worldwide Accreditations,3,556,BreadcrumbList,3,91,https://www.sflworldwide.com/assets/uploads/2023/08/home-ship.png
https://www.sflworldwide.com/en-in/about-us,200,About Us - Best Shipping and Moving Services across India,57,155,https://www.sflworldwide.com/en-in/about-us,True,"index, follow",en-IN,4,About SFL Worldwide,11,788,BreadcrumbList;Organization,42,118,https://www.sflworldwide.com/assets/uploads/2023/08/home-ship.png
https://www.sflworldwide.com/en-in/about-us/trusted-reviews,200,Trusted Reviews – SFL Worldwide India Services,46,127,https://www.sflworldwide.com/en-in/about-us/trusted-reviews,True,"index, follow",en-IN,4,What Our Customers Say About Our Services,4,467,BreadcrumbList,3,130,https://www.sflworldwide.com/assets/uploads/2023/08/home-ship.png
https://www.sflworldwide.com/en-in/blog,200,Blog - Best Shipping and Moving Services across India,53,155,https://www.sflworldwide.com/en-in/blog,True,"index, follow",en-IN,4,Blogs,2,14,,42,22,https://www.sflworldwide.com/assets/uploads/2023/08/home-ship.png
https://www.sflworldwide.com/en-in/contact-us/contact-support,200,Customer Support Contact – SFL Worldwide India,46,152,https://www.sflworldwide.com/en-in/contact-us/contact-support,True,"index, follow",en-IN,4,Contact Support,2,438,BreadcrumbList,42,59,https://www.sflworldwide.com/assets/uploads/2023/08/home-ship.png
https://www.sflworldwide.com/en-in/contact-us/locations,200,Locations - Best Shipping and Moving Services across India,58,151,https://www.sflworldwide.com/en-in/contact-us/locations,True,"index, follow",en-IN,4,Our Locations,5,51,BreadcrumbList,42,60,https://www.sflworldwide.com/assets/uploads/2023/08/home-ship.png
https://www.sflworldwide.com/en-in/contact-us,200,Contact Us - Best Shipping and Moving Services across India,59,155,https://www.sflworldwide.com/en-in/contact-us,True,"index, follow",en-IN,4,Get in Touch With Us,2,103,BreadcrumbList;Organization,42,61,https://www.sflworldwide.com/assets/uploads/2023/08/home-ship.png
https://www.sflworldwide.com/en-in/contact-us/request-a-call-back,200,Request a Call Back - SFL Worldwide,35,134,https://www.sflworldwide.com/en-in/contact-us/request-a-call-back,True,"index, follow",en-IN,0,REQUEST A CALL BACK,4,448,BreadcrumbList,1,101,https://www.sflworldwide.com/assets/uploads/2023/08/home-ship.png
https://www.sflworldwide.com/en-in/cookie-policy,200,Cookie Policy - Best Shipping and Moving Services across India,62,137,https://www.sflworldwide.com/en-in/cookie-policy,True,"index, follow",en-IN,0,Cookie Policy,13,466,BreadcrumbList,1,100,https://www.sflworldwide.com/assets/uploads/2023/08/home-ship.png
https://www.sflworldwide.com/en-in/faq/can-you-mail-alcohol-how-to-ship-alcohol-sfl-worldwide,200,Can You Mail Alcohol? Shipping Rules Explained,46,145,https://www.sflworldwide.com/en-in/faq/can-you-mail-alcohol-how-to-ship-alcohol-sfl-worldwide,True,"index, follow",en-IN,0,Can You Mail Alcohol? | How to Ship Alcohol?,14,1521,BreadcrumbList;FAQPage,1,105,https://www.sflworldwide.com/assets/uploads/2023/08/home-ship.png
https://www.sflworldwide.com/en-in/faq/faqs-about-food-courier-service-from-india-to-usa,200,Send Food to USA from India – Courier FAQs,42,131,https://www.sflworldwide.com/en-in/faq/faqs-about-food-courier-service-from-india-to-usa,True,"index, follow",en-IN,0,FAQs about food courier service from India to USA,5,1244,BreadcrumbList,2,102,https://www.sflworldwide.com/assets/uploads/2023/08/home-ship.png
https://www.sflworldwide.com/en-in/faq/frequently-asked-questions-on-shipping-insurance,200,FAQs on Shipping Insurance in India,35,132,https://www.sflworldwide.com/en-in/faq/frequently-asked-questions-on-shipping-insurance,True,"index, follow",en-IN,0,Frequently asked questions on Shipping Insurance,5,888,BreadcrumbList,1,100,https://www.sflworldwide.com/assets/uploads/2023/08/home-ship.png
https://www.sflworldwide.com/en-in/faq/frequently-asked-questions-to-get-shipping-discounts,200,Get the Best Shipping Discounts – India,39,124,https://www.sflworldwide.com/en-in/faq/frequently-asked-questions-to-get-shipping-discounts,True,"index, follow",en-IN,0,Frequently Asked Questions To Get Shipping Discounts,5,967,BreadcrumbList,2,100,https://www.sflworldwide.com/assets/uploads/2023/08/home-ship.png
https://www.sflworldwide.com/en-in/faq,200,FAQ - Best Shipping andamp; Moving Services across India,56,137,https://www.sflworldwide.com/en-in/faq,True,"index, follow",en-IN,3,Frequently asked questions,4,371,BreadcrumbList,42,100,https://www.sflworldwide.com/assets/uploads/2023/08/home-ship.png
https://www.sflworldwide.com/en-in/faq/the-cheapest-international-courier-services,200,Low-Cost International Courier Services India,45,124,https://www.sflworldwide.com/en-in/faq/the-cheapest-international-courier-services,True,"index, follow",en-IN,0,What is the cheapest international courier services ?,4,980,,1,102,https://www.sflworldwide.com/assets/uploads/2023/08/home-ship.png
https://www.sflworldwide.com/en-in/faq/usa-courier-service,200,Reliable Courier Shipping India to USA,38,132,https://www.sflworldwide.com/en-in/faq/usa-courier-service,True,"index, follow",en-IN,0,What are various courier services in the USA ?,4,875,,1,105,https://www.sflworldwide.com/assets/uploads/2023/08/home-ship.png
https://www.sflworldwide.com/en-in/privacy-policy,200,Privacy Policy – SFL Worldwide India Shipping,45,111,https://www.sflworldwide.com/en-in/privacy-policy,True,"index, follow",en-IN,4,Privacy Policy,7,509,BreadcrumbList,42,22,https://www.sflworldwide.com/assets/uploads/2023/08/home-ship.png
https://www.sflworldwide.com/en-in/resources/cft-calculator,200,CFT Calculator for Accurate Shipping Measurements,49,144,https://www.sflworldwide.com/en-in/resources/cft-calculator,True,"index, follow",en-IN,3,CFT Calculator,4,486,BreadcrumbList,2,100,https://www.sflworldwide.com/assets/uploads/2023/08/home-ship.png
https://www.sflworldwide.com/en-in/resources/guide-to-custom-duty-calculator,200,Guide to Customs Duty Calculator India – SFL,44,143,https://www.sflworldwide.com/en-in/resources/guide-to-custom-duty-calculator,True,"index, follow",en-IN,3,Guide To Customs Duty,5,814,BreadcrumbList;FAQPage,2,100,https://www.sflworldwide.com/assets/uploads/2023/08/home-ship.png
https://www.sflworldwide.com/en-in/resources,200,Resources - Best Shipping and Moving Services across India,58,154,https://www.sflworldwide.com/en-in/resources,True,"index, follow",en-IN,4,Guide To Shipping,4,504,BreadcrumbList,42,105,https://www.sflworldwide.com/assets/uploads/2023/08/home-ship.png
https://www.sflworldwide.com/en-in/resources/prohibited-shipping-items,200,Prohibited Shipping Items in India,34,135,https://www.sflworldwide.com/en-in/resources/prohibited-shipping-items,True,"index, follow",en-IN,4,Prohibited Shipping Items,4,944,BreadcrumbList,4,100,https://www.sflworldwide.com/assets/uploads/2023/08/home-ship.png
https://www.sflworldwide.com/en-in/resources/relocation-process,200,Relocation Process in India – SFL Worldwide Guide,49,139,https://www.sflworldwide.com/en-in/resources/relocation-process,True,"index, follow",en-IN,4,Complete Door-to-Door Relocation Process,5,997,BreadcrumbList;VideoObject,2,110,https://www.sflworldwide.com/assets/uploads/2023/08/home-ship.png
https://www.sflworldwide.com/en-in/resources/volumetric-weight,200,India Shipping Guide to Volumetric Weight,41,140,https://www.sflworldwide.com/en-in/resources/volumetric-weight,True,"index, follow",en-IN,4,Dimensional Weight Explained,5,1299,BreadcrumbList;FAQPage,2,110,https://www.sflworldwide.com/assets/uploads/2023/08/home-ship.png
https://www.sflworldwide.com/en-in/security,200,India Shipping Security Policy - SFL Worldwide,46,123,https://www.sflworldwide.com/en-in/security,True,"index, follow",en-IN,4,Security,4,99,BreadcrumbList,42,100,https://www.sflworldwide.com/assets/uploads/2023/08/home-ship.png
https://www.sflworldwide.com/en-in/services/cheapest-domestic-relocation-services,200,Cheapest Domestic Relocation Services in India,46,152,https://www.sflworldwide.com/en-in/services/cheapest-domestic-relocation-services,True,"index, follow",en-IN,4,Cheapest Domestic Relocation Services,10,780,BreadcrumbList;VideoObject,42,111,https://www.sflworldwide.com/assets/uploads/2023/08/home-ship.png
https://www.sflworldwide.com/en-in/services/cheapest-domestic-shipping-across-india,200,Cheapest Domestic Shipping Across India,39,157,https://www.sflworldwide.com/en-in/services/cheapest-domestic-shipping-across-india,True,"index, follow",en-IN,0,Cost-Effective Domestic Shipping Services in India,11,1315,BreadcrumbList;FAQPage,42,116,https://www.sflworldwide.com/assets/uploads/2023/08/home-ship.png
https://www.sflworldwide.com/en-in/services/freight-forwarding-services-in-india,200,Freight Forwarding Services in India,36,153,https://www.sflworldwide.com/en-in/services/freight-forwarding-services-in-india,True,"index, follow",en-IN,0,Freight Forwarding Services in India,10,1003,BreadcrumbList;FAQPage,42,105,https://www.sflworldwide.com/assets/uploads/2023/08/home-ship.png
https://www.sflworldwide.com/en-in/services/international-shipping-from-india,200,International Shipping from India,33,150,https://www.sflworldwide.com/en-in/services/international-shipping-from-india,True,"index, follow",en-IN,0,International Shipping from India: A Complete Guide,7,1648,BreadcrumbList;FAQPage,42,109,https://www.sflworldwide.com/assets/uploads/2023/08/home-ship.png
https://www.sflworldwide.com/en-in/services,200,Services - Best Shipping and Moving Services across India,57,148,https://www.sflworldwide.com/en-in/services,True,"index, follow",en-IN,4,Easy Shipping and Moving Services,7,826,BreadcrumbList,42,106,https://www.sflworldwide.com/assets/uploads/2023/08/home-ship.png
https://www.sflworldwide.com/en-in/services/reliable-international-relocation-services,200,Affordable International Moving Services India,46,154,https://www.sflworldwide.com/en-in/services/reliable-international-relocation-services,True,"index, follow",en-IN,4,Reliable International Relocation Services,12,1306,BreadcrumbList,42,103,https://www.sflworldwide.com/assets/uploads/2023/08/home-ship.png
https://www.sflworldwide.com/en-in/services/shipping-for-business,200,Global Shipping for Business Services | SFL Worldwide,53,142,https://www.sflworldwide.com/en-in/services/shipping-for-business,True,"index, follow",en-IN,0,Shipping for Business,10,1094,BreadcrumbList;FAQPage,42,105,https://www.sflworldwide.com/assets/uploads/2023/08/home-ship.png
https://www.sflworldwide.com/en-in/sitemap,200,Sitemap - SFL Worldwide,23,150,https://www.sflworldwide.com/en-in/sitemap,True,"index, follow",en-IN,0,Sitemap,1,92,BreadcrumbList,42,22,https://www.sflworldwide.com/assets/uploads/2023/08/home-ship.png
https://www.sflworldwide.com/en-in/terms-and-conditions,200,Terms and Conditions – SFL Worldwide India,42,121,https://www.sflworldwide.com/en-in/terms-and-conditions,True,"index, follow",en-IN,4,Terms & Conditions,4,12152,BreadcrumbList,42,100,https://www.sflworldwide.com/assets/uploads/2023/08/home-ship.png
https://www.sflworldwide.com/en-in/worldwide-destinations,200,Global Worldwide Destinations Services | SFL Worldwide,54,121,https://www.sflworldwide.com/en-in/worldwide-destinations,True,"index, follow",en-IN,4,Worldwide Destinations,4,95,BreadcrumbList,42,62,https://www.sflworldwide.com/assets/uploads/2023/08/home-ship.png
https://www.sflworldwide.com/en-in/worldwide-destinations/shipping-to-canada-from-india,200,Shipping to Canada from India,29,159,https://www.sflworldwide.com/en-in/worldwide-destinations/shipping-to-canada-from-india,True,"index, follow",en-IN,0,Cheapest Shipping to Canada from India Fast & Reliable,13,1949,BreadcrumbList;FAQPage,42,103,https://www.sflworldwide.com/assets/uploads/2023/08/home-ship.png
https://www.sflworldwide.com/en-in/worldwide-destinations/shipping-to-china-from-india,200,Shipping to China from India,28,134,https://www.sflworldwide.com/en-in/worldwide-destinations/shipping-to-china-from-india,True,"index, follow",en-IN,0,Cheapest Shipping to China from India Fast & Reliable,13,1940,BreadcrumbList;FAQPage,42,101,https://www.sflworldwide.com/assets/uploads/2023/08/home-ship.png
https://www.sflworldwide.com/en-in/worldwide-destinations/shipping-to-uae-from-india,200,Shipping to the UAE from India,30,154,https://www.sflworldwide.com/en-in/worldwide-destinations/shipping-to-uae-from-india,True,"index, follow",en-IN,0,Cheapest Shipping to the UAE from India Fast & Reliable,14,1961,BreadcrumbList;FAQPage,42,103,https://www.sflworldwide.com/assets/uploads/2023/08/home-ship.png
https://www.sflworldwide.com/en-in/worldwide-destinations/shipping-to-uk-from-india,200,Shipping to UK from India,25,154,https://www.sflworldwide.com/en-in/worldwide-destinations/shipping-to-uk-from-india,True,"index, follow",en-IN,0,Cheapest Shipping to UK from India Fast & Reliable,14,1875,BreadcrumbList;FAQPage,42,99,https://www.sflworldwide.com/assets/uploads/2023/08/home-ship.png
https://www.sflworldwide.com/en-in/worldwide-destinations/shipping-to-usa-from-india,200,Shipping to the USA from India,30,145,https://www.sflworldwide.com/en-in/worldwide-destinations/shipping-to-usa-from-india,True,"index, follow",en-IN,0,Affordable Courier & Parcel Shipping from India to USA,27,3709,BreadcrumbList;FAQPage,49,116,https://www.sflworldwide.com/assets/uploads/2023/08/home-ship.png
https://www.sflworldwide.com/en-in/worldwide-moving/moving-to-usa-from-india,200,Cheapest Moving to USA from India | SFL Worldwide,49,151,https://www.sflworldwide.com/en-in/worldwide-moving/moving-to-usa-from-india,True,"index, follow",en-IN,0,Reliable Moving Services to USA from India,11,2339,BreadcrumbList;FAQPage,3,41,https://www.sflworldwide.com/assets/uploads/2023/08/home-ship.png
https://www.sflworldwide.com/en-in/worldwide-moving,200,Worldwide Moving | SFL Worldwide,32,150,https://www.sflworldwide.com/en-in/worldwide-moving,True,"index, follow",en-IN,0,Worldwide Moving,4,471,BreadcrumbList,2,76,https://www.sflworldwide.com/assets/uploads/2023/08/home-ship.png
https://www.sflworldwide.com/en-in/your-trusted-partner-in-employee-relocation,200,India Employee Relocation Services,34,163,https://www.sflworldwide.com/en-in/your-trusted-partner-in-employee-relocation,True,"index, follow",en-IN,0,Your Trusted Partner in Employee Relocation,5,759,BreadcrumbList,1,122,https://www.sflworldwide.com/assets/uploads/2023/08/home-ship.png
https://www.sflworldwide.com/faq/faqs-about-food-courier-service-from-india-to-usa,200,Food Courier Guide India to USA,31,143,https://www.sflworldwide.com/faq/faqs-about-food-courier-service-from-india-to-usa,True,"index, follow",en-US,0,FAQs about food courier service from India to USA,10,1250,BreadcrumbList,1,107,https://www.sflworldwide.com/assets/uploads/2023/08/home-ship.png
https://www.sflworldwide.com/faq/frequently-asked-questions-on-shipping-insurance,200,Learn About Shipping Insurance,30,138,https://www.sflworldwide.com/faq/frequently-asked-questions-on-shipping-insurance,True,"index, follow",en-US,0,Frequently asked questions on Shipping Insurance,11,844,BreadcrumbList,2,105,https://www.sflworldwide.com/assets/uploads/2023/08/home-ship.png
https://www.sflworldwide.com/faq/frequently-asked-questions-to-get-shipping-discounts,200,FAQs on Shipping Discounts – Save with SFL,42,131,https://www.sflworldwide.com/faq/frequently-asked-questions-to-get-shipping-discounts,True,"index, follow",en-US,0,Frequently Asked Questions to Get Shipping Discounts,5,928,BreadcrumbList,2,107,https://www.sflworldwide.com/assets/uploads/2023/08/home-ship.png
https://www.sflworldwide.com/faq/how-to-ship-a-wedding-dress,200,How to Ship a Wedding Dress - SFL Worldwide,43,146,https://www.sflworldwide.com/faq/how-to-ship-a-wedding-dress,True,"index, follow",en-US,0,Frequently Asked Questions to How to Ship a Wedding Dress,5,1761,BreadcrumbList,1,105,https://www.sflworldwide.com/assets/uploads/2023/08/home-ship.png
https://www.sflworldwide.com/faq,200,FAQ and Help Center for Shipping Queries | SFL Worldwide,56,127,https://www.sflworldwide.com/faq,True,"index, follow",en-US,3,Frequently asked questions,4,364,BreadcrumbList,385,105,https://www.sflworldwide.com/assets/uploads/2023/08/home-ship.png
https://www.sflworldwide.com/faq/prohibited-items-for-shipping-to-australia,200,What Items are Prohibited from Shipping to Australia?,53,152,https://www.sflworldwide.com/faq/prohibited-items-for-shipping-to-australia,True,"index, follow",en-US,0,What Items are Prohibited from Shipping to Australia?,5,747,BreadcrumbList;VideoObject,4,105,https://www.sflworldwide.com/assets/uploads/2023/08/home-ship.png
https://www.sflworldwide.com/faq/what-is-difference-between-commercial-and-personal-shipment,200,Shipping Process: Commercial vs. Personal Shipments,51,149,https://www.sflworldwide.com/faq/what-is-difference-between-commercial-and-personal-shipment,True,"index, follow",en-US,0,How Shipping Differ for Commercial vs. Personal Shipments?,5,790,BreadcrumbList,2,105,https://www.sflworldwide.com/assets/uploads/2023/08/home-ship.png
https://www.sflworldwide.com/faq/what-is-the-cost-of-international-shipping,200,Figure out your shipping cost - SFL Worldwide,45,151,https://www.sflworldwide.com/faq/what-is-the-cost-of-international-shipping,True,"index, follow",en-US,0,What Is the Cost of International Shipping?,4,1356,BreadcrumbList,1,114,https://www.sflworldwide.com/assets/uploads/2023/08/home-ship.png
https://www.sflworldwide.com/is-sfl-worldwide-legit,200,Is SFL Worldwide legit?,23,152,https://www.sflworldwide.com/is-sfl-worldwide-legit,True,"index, follow",en-US,0,Is SFL Worldwide legit?,10,1179,BreadcrumbList;VideoObject,1,157,https://www.sflworldwide.com/assets/uploads/2023/08/home-ship.png
https://www.sflworldwide.com/privacy-policy,200,Privacy Policy – SFL Worldwide Global Shipping,46,114,https://www.sflworldwide.com/privacy-policy,True,"index, follow",en-US,4,Privacy Policy,8,769,BreadcrumbList,384,22,https://www.sflworldwide.com/assets/uploads/2023/08/home-ship.png
https://www.sflworldwide.com/resources/cft-calculator,200,CFT Calculator | Cubic Feet Calculator - SFL Worldwide,54,152,https://www.sflworldwide.com/resources/cft-calculator,True,"index, follow",en-US,3,CFT Calculator,4,543,BreadcrumbList;VideoObject,53,105,https://www.sflworldwide.com/assets/uploads/2023/08/home-ship.png
https://www.sflworldwide.com/resources/docs,200,Shipping Documents and Resource Center | SFL Worldwide,54,156,https://www.sflworldwide.com/resources/docs,True,"index, follow",en-US,0,Documents for shipping by Air / Sea,2,34,BreadcrumbList,1,22,https://www.sflworldwide.com/assets/uploads/2023/08/home-ship.png
https://www.sflworldwide.com/resources/guide-to-custom-duty-calculator,200,Customs Duty Calculator Guide for Shippers,42,132,https://www.sflworldwide.com/resources/guide-to-custom-duty-calculator,True,"index, follow",en-US,3,Guide to Custom Duty Calculator,5,2082,BreadcrumbList;FAQPage,10,112,https://www.sflworldwide.com/assets/uploads/2023/08/home-ship.png
https://www.sflworldwide.com/resources,200,Resources - Shipping Guides and Process | SFL Worldwide,55,143,https://www.sflworldwide.com/resources,True,"index, follow",en-US,4,Guide To Shipping,4,518,BreadcrumbList,390,111,https://www.sflworldwide.com/assets/uploads/2023/08/home-ship.png
https://www.sflworldwide.com/resources/prohibited-shipping-items,200,What You Cannot Ship – Prohibited Items List,44,134,https://www.sflworldwide.com/resources/prohibited-shipping-items,True,"index, follow",en-US,4,Prohibited Shipping Items,4,944,BreadcrumbList;VideoObject,61,105,https://www.sflworldwide.com/assets/uploads/2023/08/home-ship.png
https://www.sflworldwide.com/resources/relocation-process,200,Relocation Process Guide – SFL Worldwide Services,49,142,https://www.sflworldwide.com/resources/relocation-process,True,"index, follow",en-US,4,Complete Door-to-Door Relocation Process,5,951,BreadcrumbList,4,115,https://www.sflworldwide.com/assets/uploads/2023/08/home-ship.png
https://www.sflworldwide.com/resources/volumetric-weight,200,The Basics of Volumetric Weight That You Should Know,52,148,https://www.sflworldwide.com/resources/volumetric-weight,True,"index, follow",en-US,4,Dimensional Weight Explained,11,1456,BreadcrumbList;FAQPage;VideoObject,9,115,https://www.sflworldwide.com/assets/uploads/2023/08/home-ship.png
https://www.sflworldwide.com/security,200,Global Shipping Security Policy - SFL Worldwide,47,138,https://www.sflworldwide.com/security,True,"index, follow",en-US,4,Security,4,99,BreadcrumbList,384,105,https://www.sflworldwide.com/assets/uploads/2023/08/home-ship.png
https://www.sflworldwide.com/services/auto-transport,200,Cheapest Auto Transport Services in the USA | SFL Worldwide,59,157,https://www.sflworldwide.com/services/auto-transport,True,"index, follow",en-US,0,Trusted Auto Transport Services in USA,16,2928,BreadcrumbList;FAQPage;VideoObject,383,137,https://www.sflworldwide.com/assets/uploads/2023/08/home-ship.png
https://www.sflworldwide.com/services/cheapest-domestic-relocation-services,200,Are you moving? Domestic Relocation Services - SFL Worldwide,60,143,https://www.sflworldwide.com/services/cheapest-domestic-relocation-services,True,"index, follow",en-US,4,Domestic Relocation Services,8,956,BreadcrumbList;VideoObject,383,116,https://www.sflworldwide.com/assets/uploads/2023/08/home-ship.png
https://www.sflworldwide.com/services/domestic-shipping,200,Professional Domestic Shipping Services USA | SFL Worldwide,59,154,https://www.sflworldwide.com,False,"index, follow",en-US,4,Express & Affordable Domestic Shipping Services,15,2629,BreadcrumbList;FAQPage;VideoObject,385,141,https://www.sflworldwide.com/assets/uploads/2023/08/home-ship.png
https://www.sflworldwide.com/services/domestic-trucking,200,Domestic Trucking and transportation Services - SFL Worldwide,61,153,https://www.sflworldwide.com/services/domestic-trucking,True,"index, follow",en-US,0,Safe and Secure Domestic Trucking Services,9,1041,BreadcrumbList;VideoObject,2,130,https://www.sflworldwide.com/assets/uploads/2023/08/home-ship.png
https://www.sflworldwide.com/services/international-organization-relocations,200,International Organization Relocation | SFL Worldwide,53,160,https://www.sflworldwide.com/services/international-organization-relocations,True,"index, follow",en-US,0,"Relocations for Diplomats, NGOs, & Embassy",10,1146,BreadcrumbList;VideoObject,3,112,https://www.sflworldwide.com/assets/uploads/2023/08/home-ship.png
https://www.sflworldwide.com/services/origin-destination-services,200,Origin and Destination Moving Services | SFL Worldwide,54,149,https://www.sflworldwide.com/services/origin-destination-services,True,"index, follow",en-US,0,Dependable origin & destination services,7,893,BreadcrumbList,383,118,https://www.sflworldwide.com/assets/uploads/2023/08/home-ship.png
https://www.sflworldwide.com/services,200,Domestic and Worldwide Logistics Services - SFL Worldwide,57,159,https://www.sflworldwide.com/services,True,"index, follow",en-US,4,Domestic & Worldwide Logistics Services,5,946,BreadcrumbList;VideoObject,385,116,https://www.sflworldwide.com/assets/uploads/2023/08/home-ship.png
https://www.sflworldwide.com/services/reliable-international-relocation-services,200,Best International Relocation Services - SFL Worldwide,54,141,https://www.sflworldwide.com/services/reliable-international-relocation-services,True,"index, follow",en-US,4,Reliable International Relocation Services,12,1417,BreadcrumbList,385,122,https://www.sflworldwide.com/assets/uploads/2023/08/home-ship.png
https://www.sflworldwide.com/services/worldwide-shipping,200,Worldwide Express Shipping Services - SFL Worldwide,51,146,https://www.sflworldwide.com/services/worldwide-shipping,True,"index, follow",en-US,0,Best Worldwide Shipping Company from the USA,15,1648,BreadcrumbList,385,127,https://www.sflworldwide.com/assets/uploads/2023/08/home-ship.png
https://www.sflworldwide.com/services/worldwide-shipping/shipping-documents-internationally,200,Shipping Documents Internationally Services | SFL Worldwide,59,137,https://www.sflworldwide.com/services/worldwide-shipping/shipping-documents-internationally,True,"index, follow",en-US,0,Shipping Documents Worldwide,8,1537,BreadcrumbList;FAQPage,4,80,https://www.sflworldwide.com/assets/uploads/2023/08/home-ship.png
https://www.sflworldwide.com/shipping-for-small-business,200,Shipping for Small Business Made Smart - Ship Smart Program,59,139,https://www.sflworldwide.com/shipping-for-small-business,True,"index, follow",en-US,0,Fast and Reliable Shipping Solutions for Small Businesses,12,1510,BreadcrumbList,383,137,https://www.sflworldwide.com/assets/uploads/2023/08/home-ship.png
https://www.sflworldwide.com/shipping-moving-to-india-from-the-usa,200,Shipping and Moving to India from USA,37,142,https://www.sflworldwide.com/shipping-moving-to-india-from-the-usa,True,"noindex, nofollow",en-US,0,Reliable Shipping and Moving to India from USA,8,614,,0,69,https://www.sflworldwide.com/assets/uploads/2023/08/home-ship.png
https://www.sflworldwide.com/shop-us-stores-ship-worldwide,200,"Global Shopper Program: Shop USA Online, Ship Anywhere!",55,139,https://www.sflworldwide.com/shop-us-stores-ship-worldwide,True,"index, follow",en-US,0,"Shop from any US Store, Ship to your Door",11,712,BreadcrumbList;VideoObject,383,157,https://www.sflworldwide.com/assets/uploads/2023/08/home-ship.png
https://www.sflworldwide.com/sitemap,200,Sitemap - SFL Worldwide,23,150,https://www.sflworldwide.com/sitemap,True,"index, follow",en-US,0,Sitemap,1,338,BreadcrumbList,383,22,https://www.sflworldwide.com/assets/uploads/2023/08/home-ship.png
https://www.sflworldwide.com/terms-and-conditions,200,Global Terms and Conditions - SFL Worldwide,43,118,https://www.sflworldwide.com/terms-and-conditions,True,"index, follow",en-US,4,Terms & Conditions,4,12152,BreadcrumbList,384,105,https://www.sflworldwide.com/assets/uploads/2023/08/home-ship.png
https://www.sflworldwide.com/worldwide-destinations/moving-companies-in-california,200,Long-Distance Moving Company in California | SFL Worldwide,58,155,https://www.sflworldwide.com/worldwide-destinations/moving-companies-in-california,True,"index, follow",en-US,0,Cheapest & Reliable Moving Company in California,11,1994,BreadcrumbList;FAQPage,1,45,https://www.sflworldwide.com/assets/uploads/2023/08/home-ship.png
https://www.sflworldwide.com/worldwide-destinations/moving-companies-in-texas,200,Texas Moving Company and Interstate Movers | SFL Worldwide,58,154,https://www.sflworldwide.com/worldwide-destinations/moving-companies-in-texas,True,"index, follow",en-US,0,"Moving Company in Texas Fast, Secure & Affordable",10,1919,BreadcrumbList;FAQPage,4,40,https://www.sflworldwide.com/assets/uploads/2023/08/home-ship.png
https://www.sflworldwide.com/worldwide-destinations,200,Worldwide Destinations - SFL Worldwide,38,119,https://www.sflworldwide.com/worldwide-destinations,True,"index, follow",en-US,4,Worldwide Destinations,4,769,BreadcrumbList,384,126,https://www.sflworldwide.com/assets/uploads/2023/08/home-ship.png
https://www.sflworldwide.com/worldwide-destinations/shipping-to-australia/customs-requirements,200,Customs Requirements for USA to Australia Shipping,50,130,https://www.sflworldwide.com/worldwide-destinations/shipping-to-australia/customs-requirements,True,"index, follow",en-US,0,Customs Requirements for Shipping to Australia,12,1115,BreadcrumbList,5,83,https://www.sflworldwide.com/assets/uploads/2023/08/home-ship.png
https://www.sflworldwide.com/worldwide-destinations/shipping-to-australia/foods,200,Shipping Food Items to Australia – Explained,44,136,https://www.sflworldwide.com/worldwide-destinations/shipping-to-australia/foods,True,"index, follow",en-US,0,Shipping Food Items from the USA to Australia,8,1684,BreadcrumbList;FAQPage,3,84,https://www.sflworldwide.com/assets/uploads/2023/08/home-ship.png
https://www.sflworldwide.com/worldwide-destinations/shipping-to-australia/items-that-can-be-shipped,200,Items You Can Ship from USA to Australia,40,140,https://www.sflworldwide.com/worldwide-destinations/shipping-to-australia/items-that-can-be-shipped,True,"index, follow",en-US,0,What Items Can be Shipped to Australia from USA ?,9,2051,BreadcrumbList;FAQPage,2,87,https://www.sflworldwide.com/assets/uploads/2023/08/home-ship.png
https://www.sflworldwide.com/worldwide-destinations/shipping-to-australia,200,Cheapest Shipping to Australia from USA | SFL Worldwide,55,155,https://www.sflworldwide.com/worldwide-destinations/shipping-to-australia,True,"index, follow",en-US,0,Cheapest Shipping to Australia from USA . Fast & Secure,25,3914,BreadcrumbList;FAQPage;Service,383,130,https://www.sflworldwide.com/assets/uploads/2023/08/home-ship.png
https://www.sflworldwide.com/worldwide-destinations/shipping-to-australia/restricted-items,200,What Cannot Be Sent from USA to Australia,41,138,https://www.sflworldwide.com/worldwide-destinations/shipping-to-australia/restricted-items,True,"index, follow",en-US,0,A Guide to What Cannot Be Sent from the USA to Australia,9,1872,BreadcrumbList;FAQPage,0,84,https://www.sflworldwide.com/assets/uploads/2023/08/home-ship.png
https://www.sflworldwide.com/worldwide-destinations/shipping-to-australia/send-vehicles,200,Ship Vehicles from USA to Australia - Guide,43,134,https://www.sflworldwide.com/worldwide-destinations/shipping-to-australia/send-vehicles,True,"index, follow",en-US,0,Guide to Shipping Vehicles from the USA to Australia,13,2205,BreadcrumbList;FAQPage,1,86,https://www.sflworldwide.com/assets/uploads/2023/08/home-ship.png
https://www.sflworldwide.com/worldwide-destinations/shipping-to-belgium,200,Cheapest Shipping to Belgium from USA,37,154,https://www.sflworldwide.com/worldwide-destinations/shipping-to-belgium,True,"index, follow",en-US,0,Cheapest Shipping to Belgium from the USA . Fast & Secure,19,2859,BreadcrumbList;FAQPage,2,128,https://www.sflworldwide.com/assets/uploads/2023/08/home-ship.png
https://www.sflworldwide.com/worldwide-destinations/shipping-to-brazil,200,Cheapest Shipping to Brazil from USA,36,141,https://www.sflworldwide.com/worldwide-destinations/shipping-to-brazil,True,"index, follow",en-US,0,Shipping to Brazil from USA Fast and Cost-Effective,18,2824,BreadcrumbList;FAQPage,2,130,https://www.sflworldwide.com/assets/uploads/2023/08/home-ship.png
https://www.sflworldwide.com/worldwide-destinations/shipping-to-canada/customs-regulations,200,Canadian Customs Requirements for Import Shipping,49,153,https://www.sflworldwide.com/worldwide-destinations/shipping-to-canada/customs-regulations,True,"index, follow",en-US,0,Customs Requirements for Shipping to Canada,10,1254,BreadcrumbList;FAQPage,1,81,https://www.sflworldwide.com/assets/uploads/2023/08/home-ship.png
https://www.sflworldwide.com/worldwide-destinations/shipping-to-canada,200,Cheapest Shipping to Canada from USA - Fast and Affordable,58,150,https://www.sflworldwide.com/worldwide-destinations/shipping-to-canada,True,"index, follow",en-US,0,Reliable Shipping to Canada from the USA . Fast & Secure,19,2501,BreadcrumbList;FAQPage,383,124,https://www.sflworldwide.com/assets/uploads/2023/08/home-ship.png
https://www.sflworldwide.com/worldwide-destinations/shipping-to-chile,200,Shipping to Chile from USA - Door-to-Door Delivery,50,139,https://www.sflworldwide.com/worldwide-destinations/shipping-to-chile,True,"index, follow",en-US,0,Shipping to Chile from USA Quick and Reliable Services,18,2793,BreadcrumbList;FAQPage,2,129,https://www.sflworldwide.com/assets/uploads/2023/08/home-ship.png
https://www.sflworldwide.com/worldwide-destinations/shipping-to-china/customs-requirements,200,Customs Forms Needed for Shipping to China,42,137,https://www.sflworldwide.com/worldwide-destinations/shipping-to-china/customs-requirements,True,"index, follow",en-US,0,Customs Requirements for Shipping to China,13,1545,BreadcrumbList;FAQPage,3,90,https://www.sflworldwide.com/assets/uploads/2023/08/home-ship.png
https://www.sflworldwide.com/worldwide-destinations/shipping-to-china,200,Cheapest Shipping Services to China from USA | SFL Worldwide,60,157,https://www.sflworldwide.com/worldwide-destinations/shipping-to-china,True,"index, follow",en-US,0,Shipping to China from the USA Professional & Reliable,25,4109,BreadcrumbList;FAQPage;Service,383,127,https://www.sflworldwide.com/assets/uploads/2023/08/home-ship.png
https://www.sflworldwide.com/worldwide-destinations/shipping-to-china/restricted-prohibited-items,200,Prohibited Products in USA to China Shipping,44,141,https://www.sflworldwide.com/worldwide-destinations/shipping-to-china/restricted-prohibited-items,True,"index, follow",en-US,0,Prohibited & Restricted Items for China Shipping,11,1529,BreadcrumbList;FAQPage,1,88,https://www.sflworldwide.com/assets/uploads/2023/08/home-ship.png
https://www.sflworldwide.com/worldwide-destinations/shipping-to-china/sending-documents,200,Ship Documents from USA to China – Guide,40,131,https://www.sflworldwide.com/worldwide-destinations/shipping-to-china/sending-documents,True,"index, follow",en-US,0,Guide to Shipping Documents to China from USA,10,1805,BreadcrumbList;FAQPage,0,88,https://www.sflworldwide.com/assets/uploads/2023/08/home-ship.png
https://www.sflworldwide.com/worldwide-destinations/shipping-to-colombia,200,Shipping to Colombia from USA | Cheaper and Faster,50,160,https://www.sflworldwide.com/worldwide-destinations/shipping-to-colombia,True,"index, follow",en-US,0,Shipping to Colombia from the USA Affordable and Secure,18,2691,BreadcrumbList;FAQPage,2,129,https://www.sflworldwide.com/assets/uploads/2023/08/home-ship.png
https://www.sflworldwide.com/worldwide-destinations/shipping-to-denmark,200,Shipping to Denmark from USA | Affordable and Fast,50,158,https://www.sflworldwide.com/worldwide-destinations/shipping-to-denmark,True,"index, follow",en-US,0,Shipping to Denmark from the USA Fast and Reliable,19,2861,BreadcrumbList;FAQPage,2,128,https://www.sflworldwide.com/assets/uploads/2023/08/home-ship.png
https://www.sflworldwide.com/worldwide-destinations/shipping-to-dominican-republic,200,Cheapest Shipping to the Dominican Republic from USA,52,136,https://www.sflworldwide.com/worldwide-destinations/shipping-to-dominican-republic,True,"index, follow",en-US,0,Shipping to the Dominican Republic from USA Fast & Cheapest,19,2977,BreadcrumbList;FAQPage,2,127,https://www.sflworldwide.com/assets/uploads/2023/08/home-ship.png
https://www.sflworldwide.com/worldwide-destinations/shipping-to-finland,200,Shipping to Finland from USA | Fast and Cheap Options,53,152,https://www.sflworldwide.com/worldwide-destinations/shipping-to-finland,True,"index, follow",en-US,0,Cheapest Shipping to Finland from the USA Fast & Secure,19,2921,BreadcrumbList;FAQPage,1,128,https://www.sflworldwide.com/assets/uploads/2023/08/home-ship.png
https://www.sflworldwide.com/worldwide-destinations/shipping-to-france/detailed-shipping-guide,200,Shipping to France from the USA: The Ultimate Guide,51,145,https://www.sflworldwide.com/worldwide-destinations/shipping-to-france/detailed-shipping-guide,True,"index, follow",en-US,0,Shipping to France from the USA . The Ultimate Guide,15,3286,BreadcrumbList;FAQPage,0,86,https://www.sflworldwide.com/assets/uploads/2023/08/home-ship.png
https://www.sflworldwide.com/worldwide-destinations/shipping-to-france,200,Cheapest Shipping to France from USA,36,130,https://www.sflworldwide.com/worldwide-destinations/shipping-to-france,True,"index, follow",en-US,0,Cheapest Shipping to France from the USA Fast & Secure,20,3320,BreadcrumbList;FAQPage,7,130,https://www.sflworldwide.com/assets/uploads/2023/08/home-ship.png
https://www.sflworldwide.com/worldwide-destinations/shipping-to-france/restricted-prohibited-items,200,Items Restricted and Prohibited from Shipping to France,55,155,https://www.sflworldwide.com/worldwide-destinations/shipping-to-france/restricted-prohibited-items,True,"index, follow",en-US,0,Restricted & Prohibited Items for Shipping to France,9,1640,BreadcrumbList;FAQPage,0,84,https://www.sflworldwide.com/assets/uploads/2023/08/home-ship.png
https://www.sflworldwide.com/worldwide-destinations/shipping-to-germany,200,Cheapest Shipping to Germany from USA | SFL Worldwide,53,153,https://www.sflworldwide.com/worldwide-destinations/shipping-to-germany,True,"index, follow",en-US,0,Professional Shipping Services to Germany from the USA,25,4319,BreadcrumbList;FAQPage;Service,383,131,https://www.sflworldwide.com/assets/uploads/2023/08/home-ship.png
https://www.sflworldwide.com/worldwide-destinations/shipping-to-ghana,200,Cheapest Shipping to Ghana – Fast and Reliable,46,148,https://www.sflworldwide.com/worldwide-destinations/shipping-to-ghana,True,"index, follow",en-US,0,Cheapest Shipping to Ghana from the USA Fast and Safe,20,3156,BreadcrumbList;FAQPage,3,128,https://www.sflworldwide.com/assets/uploads/2023/08/home-ship.png
https://www.sflworldwide.com/worldwide-destinations/shipping-to-greece,200,Shipping to Greece from USA | Fastest Delivery Options,54,146,https://www.sflworldwide.com/worldwide-destinations/shipping-to-greece,True,"index, follow",en-US,0,Cheapest Shipping to Greece from the USA Fast & Secure,19,2853,BreadcrumbList;FAQPage,2,128,https://www.sflworldwide.com/assets/uploads/2023/08/home-ship.png
https://www.sflworldwide.com/worldwide-destinations/shipping-to-haiti,200,Cheapest Shipping to Haiti from USA - Fast and Secure,53,151,https://www.sflworldwide.com/worldwide-destinations/shipping-to-haiti,True,"index, follow",en-US,0,Cheapest Shipping to Haiti from the USA Cheapest & Fastest,19,2855,BreadcrumbList;FAQPage,2,129,https://www.sflworldwide.com/assets/uploads/2023/08/home-ship.png
https://www.sflworldwide.com/worldwide-destinations/shipping-to-india/a-guide-to-understanding-indian-customs-rules,200,A Guide to Understanding Indian Customs Rules,45,139,https://www.sflworldwide.com/worldwide-destinations/shipping-to-india/a-guide-to-understanding-indian-customs-rules,True,"index, follow",en-US,0,A Guide to Understanding Indian Customs Rules,10,1527,BreadcrumbList,3,77,https://www.sflworldwide.com/assets/uploads/2023/08/home-ship.png
https://www.sflworldwide.com/worldwide-destinations/shipping-to-india/guide-to-indian-customs,200,How to Avoid Customs Duty in India?,35,148,https://www.sflworldwide.com/worldwide-destinations/shipping-to-india/guide-to-indian-customs,True,"index, follow",en-US,0,Everything You Need to Know About Indian Customs,11,1395,BreadcrumbList,5,89,https://www.sflworldwide.com/assets/uploads/2023/08/home-ship.png
https://www.sflworldwide.com/worldwide-destinations/shipping-to-india,200,"Shipping to India from US - Door-to-Door, Cheapest and Fastest",62,157,https://www.sflworldwide.com/worldwide-destinations/shipping-to-india,True,"index, follow",en-US,0,Reliable International Shipping to India from USA Fast & Secure,26,4851,BreadcrumbList;FAQPage;HowTo;Service;VideoObject,383,137,https://www.sflworldwide.com/assets/uploads/2023/08/home-ship.png
https://www.sflworldwide.com/worldwide-destinations/shipping-to-india/shipping-boxes-to-india,200,Shipping Boxes to India from USA,32,149,https://www.sflworldwide.com/worldwide-destinations/shipping-to-india/shipping-boxes-to-india,True,"index, follow",en-US,0,Get the Best Rates on Box Shipping to India,9,1256,BreadcrumbList;FAQPage,5,101,https://www.sflworldwide.com/assets/uploads/2023/08/home-ship.png
https://www.sflworldwide.com/worldwide-destinations/shipping-to-india/shipping-documents-to-india,200,Shipping Documents to India As Low as $35 per document,54,138,https://www.sflworldwide.com/worldwide-destinations/shipping-to-india/shipping-documents-to-india,True,"index, follow",en-US,0,Fast and Reliable Document Shipping to India from the USA,8,1170,BreadcrumbList;FAQPage,4,96,https://www.sflworldwide.com/assets/uploads/2023/08/home-ship.png
https://www.sflworldwide.com/worldwide-destinations/shipping-to-india/shipping-tv-to-india,200,Shipping a TV to India From USA | SFL Worldwide,47,152,https://www.sflworldwide.com/worldwide-destinations/shipping-to-india/shipping-tv-to-india,True,"index, follow",en-US,0,Economical TV Shipping to India from the USA,11,1737,BreadcrumbList;FAQPage,7,102,https://www.sflworldwide.com/assets/uploads/2023/08/home-ship.png
https://www.sflworldwide.com/worldwide-destinations/shipping-to-indonesia,200,Cheapest Shipping to Indonesia from USA,39,145,https://www.sflworldwide.com/worldwide-destinations/shipping-to-indonesia,True,"index, follow",en-US,0,Shipping to Indonesia from the USA Fast & Cheap,20,3037,BreadcrumbList;FAQPage,2,129,https://www.sflworldwide.com/assets/uploads/2023/08/home-ship.png
https://www.sflworldwide.com/worldwide-destinations/shipping-to-ireland,200,Shipping to Ireland from USA - Cheapest and Secure,50,152,https://www.sflworldwide.com/worldwide-destinations/shipping-to-ireland,True,"index, follow",en-US,0,Cheapest Shipping to Ireland from the USA . Fast and Affordable,19,2856,BreadcrumbList;FAQPage,2,128,https://www.sflworldwide.com/assets/uploads/2023/08/home-ship.png
https://www.sflworldwide.com/worldwide-destinations/shipping-to-israel,200,Shipping to Israel from USA - Door-to-Door Delivery,51,150,https://www.sflworldwide.com/worldwide-destinations/shipping-to-israel,True,"index, follow",en-US,0,Cheapest Shipping to Israel from the USA Quick and Secure,18,2844,BreadcrumbList;FAQPage,2,131,https://www.sflworldwide.com/assets/uploads/2023/08/home-ship.png
https://www.sflworldwide.com/worldwide-destinations/shipping-to-italy,200,Cheapest Shipping to Italy from USA - Door-to-Door Delivery,59,148,https://www.sflworldwide.com/worldwide-destinations/shipping-to-italy,True,"index, follow",en-US,0,Cheapest Shipping to Italy from the USA Fast & Reliable,20,3158,BreadcrumbList;FAQPage,2,131,https://www.sflworldwide.com/assets/uploads/2023/08/home-ship.png
https://www.sflworldwide.com/worldwide-destinations/shipping-to-jamaica,200,Cheapest Shipping to Jamaica from USA - Secure and Affordable,61,152,https://www.sflworldwide.com/worldwide-destinations/shipping-to-jamaica,True,"index, follow",en-US,0,Cheapest Shipping to Jamaica from the USA Fast & Reliable,19,2837,BreadcrumbList;FAQPage,2,128,https://www.sflworldwide.com/assets/uploads/2023/08/home-ship.png
https://www.sflworldwide.com/worldwide-destinations/shipping-to-japan,200,Cheapest Shipping to Japan from USA,35,144,https://www.sflworldwide.com/worldwide-destinations/shipping-to-japan,True,"index, follow",en-US,0,Cheapest Shipping to Japan from the USA Fast & Reliable,20,2999,BreadcrumbList;FAQPage,2,128,https://www.sflworldwide.com/assets/uploads/2023/08/home-ship.png
https://www.sflworldwide.com/worldwide-destinations/shipping-to-kenya,200,Cheapest Shipping to Kenya from USA - Door-to-Door Delivery,59,145,https://www.sflworldwide.com/worldwide-destinations/shipping-to-kenya,True,"index, follow",en-US,0,Cheapest Shipping to Kenya from the USA Fast & Reliable,20,2942,BreadcrumbList;FAQPage,2,128,https://www.sflworldwide.com/assets/uploads/2023/08/home-ship.png
https://www.sflworldwide.com/worldwide-destinations/shipping-to-kuwait,200,Cheapest Shipping to Kuwait from USA,36,160,https://www.sflworldwide.com/worldwide-destinations/shipping-to-kuwait,True,"index, follow",en-US,0,Cheapest Shipping to Kuwait from the USA Fast & Reliable,18,2799,BreadcrumbList;FAQPage,2,130,https://www.sflworldwide.com/assets/uploads/2023/08/home-ship.png
https://www.sflworldwide.com/worldwide-destinations/shipping-to-lebanon,200,Cheapest Shipping to Lebanon from USA | SFL Worldwide,53,149,https://www.sflworldwide.com/worldwide-destinations/shipping-to-lebanon,True,"index, follow",en-US,0,Cheapest Shipping to Lebanon from the USA Fast & Reliable,18,2856,BreadcrumbList;FAQPage,2,131,https://www.sflworldwide.com/assets/uploads/2023/08/home-ship.png
https://www.sflworldwide.com/worldwide-destinations/shipping-to-malaysia,200,Cheapest Shipping to Malaysia from USA,38,141,https://www.sflworldwide.com/worldwide-destinations/shipping-to-malaysia,True,"index, follow",en-US,0,Cheapest Shipping to Malaysia from the USA Fast & Reliable,19,2800,BreadcrumbList;FAQPage,2,128,https://www.sflworldwide.com/assets/uploads/2023/08/home-ship.png
https://www.sflworldwide.com/worldwide-destinations/shipping-to-mexico,200,Cheapest Shipping to Mexico from USA,36,141,https://www.sflworldwide.com/worldwide-destinations/shipping-to-mexico,True,"index, follow",en-US,0,Cheapest Shipping to Mexico from the USA Fast & Reliable,19,2467,BreadcrumbList;FAQPage,66,122,https://www.sflworldwide.com/assets/uploads/2023/08/home-ship.png
https://www.sflworldwide.com/worldwide-destinations/shipping-to-nepal,200,Cheapest Shipping to Nepal from USA,35,125,https://www.sflworldwide.com/worldwide-destinations/shipping-to-nepal,True,"index, follow",en-US,0,Cheapest Shipping to Nepal from the USA Fast & Reliable,20,3049,BreadcrumbList;FAQPage,3,128,https://www.sflworldwide.com/assets/uploads/2023/08/home-ship.png
https://www.sflworldwide.com/worldwide-destinations/shipping-to-netherlands,200,Shipping to Netherlands from USA - Cheapest and Fast,52,153,https://www.sflworldwide.com/worldwide-destinations/shipping-to-netherlands,True,"index, follow",en-US,0,Cheapest Shipping to Netherlands from the USA,19,2897,BreadcrumbList;FAQPage,2,128,https://www.sflworldwide.com/assets/uploads/2023/08/home-ship.png
https://www.sflworldwide.com/worldwide-destinations/shipping-to-new-zealand,200,Cheapest Shipping to New Zealand from USA,41,142,https://www.sflworldwide.com/worldwide-destinations/shipping-to-new-zealand,True,"index, follow",en-US,0,Cheapest Shipping to New Zealand from the USA,19,2820,BreadcrumbList;FAQPage,383,131,https://www.sflworldwide.com/assets/uploads/2023/08/home-ship.png
https://www.sflworldwide.com/worldwide-destinations/shipping-to-nigeria,200,Cheapest Shipping to Nigeria from USA,37,160,https://www.sflworldwide.com/worldwide-destinations/shipping-to-nigeria,True,"index, follow",en-US,0,Cheapest Shipping to Nigeria from the USA Fast & Reliable,20,3171,BreadcrumbList;FAQPage,6,128,https://www.sflworldwide.com/assets/uploads/2023/08/home-ship.png
https://www.sflworldwide.com/worldwide-destinations/shipping-to-nigeria/prohibited-and-restricted-items-for-shipping-to-nigeria,200,Prohibited and Restricted Items For Shipping to Nigeria,55,153,https://www.sflworldwide.com/worldwide-destinations/shipping-to-nigeria/prohibited-and-restricted-items-for-shipping-to-nigeria,True,"index, follow",en-US,0,Prohibited and Restricted Items For Shipping to Nigeria,8,1160,BreadcrumbList;FAQPage,0,84,https://www.sflworldwide.com/assets/uploads/2023/08/home-ship.png
https://www.sflworldwide.com/worldwide-destinations/shipping-to-norway,200,Shipping to Norway from USA | Cheap and Fast,44,151,https://www.sflworldwide.com/worldwide-destinations/shipping-to-norway,True,"index, follow",en-US,0,Cheapest Shipping to Norway from the USA Fast & Reliable,19,2768,BreadcrumbList;FAQPage,2,128,https://www.sflworldwide.com/assets/uploads/2023/08/home-ship.png
https://www.sflworldwide.com/worldwide-destinations/shipping-to-pakistan,200,Cheapest Shipping and Moving to Pakistan from USA,49,136,https://www.sflworldwide.com/worldwide-destinations/shipping-to-pakistan,True,"index, follow",en-US,0,Cheapest Shipping to Pakistan from the USA Fast & Reliable,20,3034,BreadcrumbList;FAQPage;Service,383,130,https://www.sflworldwide.com/assets/uploads/2023/08/home-ship.png
https://www.sflworldwide.com/worldwide-destinations/shipping-to-pakistan/shipping-documents-to-pakistan,200,Shipping Documents to Pakistan As Low As $35 per document,57,135,https://www.sflworldwide.com/worldwide-destinations/shipping-to-pakistan/shipping-documents-to-pakistan,True,"index, follow",en-US,0,Reliable Document Shipping to Pakistan from the USA,9,1131,BreadcrumbList;FAQPage,0,97,https://www.sflworldwide.com/assets/uploads/2023/08/home-ship.png
https://www.sflworldwide.com/worldwide-destinations/shipping-to-philippines,200,Cheapest Shipping to Philippines from USA,41,157,https://www.sflworldwide.com/worldwide-destinations/shipping-to-philippines,True,"index, follow",en-US,0,Cheapest Shipping to the Philippines from the USA Fast & Reliable,19,2941,BreadcrumbList;FAQPage,2,128,https://www.sflworldwide.com/assets/uploads/2023/08/home-ship.png
https://www.sflworldwide.com/worldwide-destinations/shipping-to-poland,200,Fastest Shipping to Poland from USA - Cheap and Secure,54,149,https://www.sflworldwide.com/worldwide-destinations/shipping-to-poland,True,"index, follow",en-US,0,Cheapest Shipping to Poland from the USA Fast & Reliable,19,2929,BreadcrumbList;FAQPage,2,129,https://www.sflworldwide.com/assets/uploads/2023/08/home-ship.png
https://www.sflworldwide.com/worldwide-destinations/shipping-to-portugal,200,Shipping to Portugal from USA | Fastest and Cheapest,52,149,https://www.sflworldwide.com/worldwide-destinations/shipping-to-portugal,True,"index, follow",en-US,0,Cheapest Shipping to Portugal from the USA Fast & Reliable,19,2989,BreadcrumbList;FAQPage,2,128,https://www.sflworldwide.com/assets/uploads/2023/08/home-ship.png
https://www.sflworldwide.com/worldwide-destinations/shipping-to-puerto-rico,200,Cheapest Shipping to Puerto Rico from USA - Fast and Secure,59,152,https://www.sflworldwide.com/worldwide-destinations/shipping-to-puerto-rico,True,"index, follow",en-US,0,Cheapest Shipping to Puerto Rico from the USA,19,2944,BreadcrumbList;FAQPage,2,128,https://www.sflworldwide.com/assets/uploads/2023/08/home-ship.png
https://www.sflworldwide.com/worldwide-destinations/shipping-to-romania,200,Shipping to Romania from USA | Affordable Options,49,152,https://www.sflworldwide.com/worldwide-destinations/shipping-to-romania,True,"index, follow",en-US,0,Cheapest Shipping to Romania from the USA Fast & Reliable,19,2946,BreadcrumbList;FAQPage,2,130,https://www.sflworldwide.com/assets/uploads/2023/08/home-ship.png
https://www.sflworldwide.com/worldwide-destinations/shipping-to-russia,200,Cheapest Shipping to Russia from USA – Fast and Reliable,56,152,https://www.sflworldwide.com/worldwide-destinations/shipping-to-russia,True,"index, follow",en-US,0,Cheapest Shipping to Russia from the USA Fast & Reliable,19,2804,BreadcrumbList;FAQPage,2,128,https://www.sflworldwide.com/assets/uploads/2023/08/home-ship.png
https://www.sflworldwide.com/worldwide-destinations/shipping-to-saudi-arabia,200,Cheapest Shipping to Saudi Arabia from USA,42,126,https://www.sflworldwide.com/worldwide-destinations/shipping-to-saudi-arabia,True,"index, follow",en-US,0,Cheapest Shipping to Saudi Arabia from the USA,19,2793,BreadcrumbList;FAQPage,2,130,https://www.sflworldwide.com/assets/uploads/2023/08/home-ship.png
https://www.sflworldwide.com/worldwide-destinations/shipping-to-singapore/comprehensive-guide,200,The Ultimate Guide to Shipping from the USA to Singapore,56,153,https://www.sflworldwide.com/worldwide-destinations/shipping-to-singapore/comprehensive-guide,True,"index, follow",en-US,0,The Ultimate Guide to Shipping from the USA to Singapore,13,2579,BreadcrumbList;FAQPage,0,87,https://www.sflworldwide.com/assets/uploads/2023/08/home-ship.png
https://www.sflworldwide.com/worldwide-destinations/shipping-to-singapore/customs-requirements,200,Custom Requirements for Shipping to Singapore,45,151,https://www.sflworldwide.com/worldwide-destinations/shipping-to-singapore/customs-requirements,True,"index, follow",en-US,0,Customs Requirements for Shipping to Singapore,11,1309,BreadcrumbList;FAQPage,5,89,https://www.sflworldwide.com/assets/uploads/2023/08/home-ship.png
https://www.sflworldwide.com/worldwide-destinations/shipping-to-singapore,200,Cheapest International Shipping to Singapore from USA,53,133,https://www.sflworldwide.com/worldwide-destinations/shipping-to-singapore,True,"index, follow",en-US,0,Cheapest Shipping to Singapore from the USA Fast & Reliable,19,2920,BreadcrumbList;FAQPage,8,128,https://www.sflworldwide.com/assets/uploads/2023/08/home-ship.png
https://www.sflworldwide.com/worldwide-destinations/shipping-to-singapore/restricted-and-prohibited-items,200,Items Restricted and Prohibited from Shipping to the Singapore,62,145,https://www.sflworldwide.com/worldwide-destinations/shipping-to-singapore/restricted-and-prohibited-items,True,"index, follow",en-US,0,Prohibited and Restricted Items for Shipping to Singapore,10,1168,BreadcrumbList;FAQPage,6,89,https://www.sflworldwide.com/assets/uploads/2023/08/home-ship.png
https://www.sflworldwide.com/worldwide-destinations/shipping-to-singapore/send-boxes,200,Send Boxes to Singapore from USA | Detailed Guide,49,146,https://www.sflworldwide.com/worldwide-destinations/shipping-to-singapore/send-boxes,True,"index, follow",en-US,0,A Guide to Shipping Boxes from the USA to Singapore,9,1455,BreadcrumbList;FAQPage,1,90,https://www.sflworldwide.com/assets/uploads/2023/08/home-ship.png
https://www.sflworldwide.com/worldwide-destinations/shipping-to-singapore/send-envelopes,200,Ins and Outs of Document Shipping to Singapore,46,152,https://www.sflworldwide.com/worldwide-destinations/shipping-to-singapore/send-envelopes,True,"index, follow",en-US,0,Fast Envelopes Shipping to Singapore from the USA,11,1335,BreadcrumbList;FAQPage,1,90,https://www.sflworldwide.com/assets/uploads/2023/08/home-ship.png
https://www.sflworldwide.com/worldwide-destinations/shipping-to-south-africa,200,Cheapest Shipping to South Africa from USA,42,157,https://www.sflworldwide.com/worldwide-destinations/shipping-to-south-africa,True,"index, follow",en-US,0,Cheapest Shipping to South Africa from the USA,19,2979,BreadcrumbList;FAQPage,2,127,https://www.sflworldwide.com/assets/uploads/2023/08/home-ship.png
https://www.sflworldwide.com/worldwide-destinations/shipping-to-spain,200,Cheapest Shipping to Spain from USA,35,138,https://www.sflworldwide.com/worldwide-destinations/shipping-to-spain,True,"index, follow",en-US,0,Cheapest Shipping to Spain from the USA Fast & Reliable,20,3135,BreadcrumbList;FAQPage,2,128,https://www.sflworldwide.com/assets/uploads/2023/08/home-ship.png
https://www.sflworldwide.com/worldwide-destinations/shipping-to-sweden,200,Shipping to Sweden from USA with SFL Worldwide,46,154,https://www.sflworldwide.com/worldwide-destinations/shipping-to-sweden,True,"index, follow",en-US,0,Cheapest Shipping to Sweden from the USA Fast & Reliable,19,2948,BreadcrumbList;FAQPage,2,129,https://www.sflworldwide.com/assets/uploads/2023/08/home-ship.png
https://www.sflworldwide.com/worldwide-destinations/shipping-to-switzerland,200,Cheapest Shipping to Switzerland from USA,41,149,https://www.sflworldwide.com/worldwide-destinations/shipping-to-switzerland,True,"index, follow",en-US,0,Cheapest Shipping to Switzerland from the USA,19,2872,BreadcrumbList;FAQPage,2,129,https://www.sflworldwide.com/assets/uploads/2023/08/home-ship.png
https://www.sflworldwide.com/worldwide-destinations/shipping-to-taiwan,200,Cheapest Shipping to Taiwan from USA – Fast and Secure,54,147,https://www.sflworldwide.com/worldwide-destinations/shipping-to-taiwan,True,"index, follow",en-US,0,Cheapest Shipping to Taiwan from the USA Fast & Reliable,19,2806,BreadcrumbList;FAQPage,2,128,https://www.sflworldwide.com/assets/uploads/2023/08/home-ship.png
https://www.sflworldwide.com/worldwide-destinations/shipping-to-thailand,200,Cheapest Shipping to Thailand from USA - Fast and Affordable,60,150,https://www.sflworldwide.com/worldwide-destinations/shipping-to-thailand,True,"index, follow",en-US,0,Cheapest Shipping to Thailand from the USA Fast & Reliable,19,2873,BreadcrumbList;FAQPage,2,128,https://www.sflworldwide.com/assets/uploads/2023/08/home-ship.png
https://www.sflworldwide.com/worldwide-destinations/shipping-to-trinidad-tobago,200,Cheapest Shipping to Trinidad and Tobago from USA,49,148,https://www.sflworldwide.com/worldwide-destinations/shipping-to-trinidad-tobago,True,"index, follow",en-US,0,Shipping to Trinidad & Tobago from the USA Fast & Reliable,19,2942,BreadcrumbList;FAQPage,2,128,https://www.sflworldwide.com/assets/uploads/2023/08/home-ship.png
https://www.sflworldwide.com/worldwide-destinations/shipping-to-turkey,200,Cheapest Shipping to Turkey from USA,36,133,https://www.sflworldwide.com/worldwide-destinations/shipping-to-turkey,True,"index, follow",en-US,0,Cheapest Shipping to Turkey from the USA Fast & Reliable,18,2840,BreadcrumbList;FAQPage,2,130,https://www.sflworldwide.com/assets/uploads/2023/08/home-ship.png
https://www.sflworldwide.com/worldwide-destinations/shipping-to-uae/customs-requirements,200,Custom Forms and Requirements for Shipping to UAE,49,145,https://www.sflworldwide.com/worldwide-destinations/shipping-to-uae/customs-requirements,True,"index, follow",en-US,0,Customs Forms & Requirements for Shipping to the UAE from USA,8,1253,BreadcrumbList;FAQPage,1,84,https://www.sflworldwide.com/assets/uploads/2023/08/home-ship.png
https://www.sflworldwide.com/worldwide-destinations/shipping-to-uae,200,Cheapest Shipping to UAE from USA,33,146,https://www.sflworldwide.com/worldwide-destinations/shipping-to-uae,True,"index, follow",en-US,0,Cheapest Shipping to the UAE from the USA Fast & Reliable,20,3315,BreadcrumbList;FAQPage,383,131,https://www.sflworldwide.com/assets/uploads/2023/08/home-ship.png
https://www.sflworldwide.com/worldwide-destinations/shipping-to-uae/prohibited-items,200,Items Prohibited and Restricted from Shipping to UAE,52,146,https://www.sflworldwide.com/worldwide-destinations/shipping-to-uae/prohibited-items,True,"index, follow",en-US,0,Prohibited and Restricted Items for Shipping to the UAE from USA,9,1287,BreadcrumbList;FAQPage,2,84,https://www.sflworldwide.com/assets/uploads/2023/08/home-ship.png
https://www.sflworldwide.com/worldwide-destinations/shipping-to-uae/send-envelopes,200,Documents Shipping to UAE: A Comprehensive Guide,48,150,https://www.sflworldwide.com/worldwide-destinations/shipping-to-uae/send-envelopes,True,"index, follow",en-US,0,A Guide to Shipping Document from the USA to UAE,12,1361,BreadcrumbList;FAQPage,2,85,https://www.sflworldwide.com/assets/uploads/2023/08/home-ship.png
https://www.sflworldwide.com/worldwide-destinations/shipping-to-uk/customs-regulations,200,Shipping to UK - Customs Regulations Guide,42,128,https://www.sflworldwide.com/worldwide-destinations/shipping-to-uk/customs-regulations,True,"index, follow",en-US,0,Customs Requirements for Shipping to UK,12,1575,BreadcrumbList;FAQPage,3,84,https://www.sflworldwide.com/assets/uploads/2023/08/home-ship.png
https://www.sflworldwide.com/worldwide-destinations/shipping-to-uk/electronic-items,200,Electronics Shipping: USA to UK - SFL Worldwide,47,142,https://www.sflworldwide.com/worldwide-destinations/shipping-to-uk/electronic-items,True,"index, follow",en-US,0,Shipping Electronics from the USA to UK What You Need to Know,12,1762,FAQPage,2,88,https://www.sflworldwide.com/assets/uploads/2023/08/home-ship.png
https://www.sflworldwide.com/worldwide-destinations/shipping-to-uk,200,Cheapest Shipping Services to UK from USA | SFL Worldwide,57,155,https://www.sflworldwide.com/worldwide-destinations/shipping-to-uk,True,"index, follow",en-US,0,Cheapest Shipping to UK from the USA Fast & Reliable,25,4320,BreadcrumbList;FAQPage;Service,383,129,https://www.sflworldwide.com/assets/uploads/2023/08/home-ship.png
https://www.sflworldwide.com/worldwide-destinations/shipping-to-uk/send-boxes,200,Cheapest Shipping Boxes to UK from USA,38,146,https://www.sflworldwide.com/worldwide-destinations/shipping-to-uk/send-boxes,True,"index, follow",en-US,0,Shipping Boxes to UK from USA ? Here Are the Top Options,12,1743,BreadcrumbList;FAQPage,1,83,https://www.sflworldwide.com/assets/uploads/2023/08/home-ship.png
https://www.sflworldwide.com/worldwide-moving/moving-to-australia,200,Cheapest Moving Options to Australia from USA,45,124,https://www.sflworldwide.com/worldwide-moving/moving-to-australia,True,"index, follow",en-US,0,Cheapest Moving Services to Australia from the USA .,13,2017,BreadcrumbList;FAQPage,383,99,https://www.sflworldwide.com/assets/uploads/2023/08/home-ship.png
https://www.sflworldwide.com/worldwide-moving/moving-to-germany,200,Trusted Moving Services to Germany from USA | SFL Worldwide,59,153,https://www.sflworldwide.com/worldwide-moving/moving-to-germany,True,"index, follow",en-US,0,Affordable Moving Services to Germany from the USA,12,2292,BreadcrumbList;FAQPage,383,41,https://www.sflworldwide.com/assets/uploads/2023/08/home-ship.png
https://www.sflworldwide.com/worldwide-moving/moving-to-india,200,Moving to India from USA – Shipping Guide,41,149,https://www.sflworldwide.com/worldwide-moving/moving-to-india,True,"index, follow",en-US,0,Moving & Relocation to India from USA,17,2890,BreadcrumbList;FAQPage,383,123,https://www.sflworldwide.com/assets/uploads/2023/08/home-ship.png
https://www.sflworldwide.com/worldwide-moving/moving-to-ireland,200,Cheapest Moving Services to Ireland from USA | SFL Worldwide,60,153,https://www.sflworldwide.com/worldwide-moving/moving-to-ireland,True,"index, follow",en-US,0,Affordable Moving Services to Ireland from the USA,12,2430,BreadcrumbList;FAQPage,383,41,https://www.sflworldwide.com/assets/uploads/2023/08/home-ship.png
https://www.sflworldwide.com/worldwide-moving/moving-to-sweden,200,Reliable Moving Services to Sweden from USA | SFL Worldwide,59,151,https://www.sflworldwide.com/worldwide-moving/moving-to-sweden,True,"index, follow",en-US,0,Reliable Moving Services to Sweden from the USA,12,2394,BreadcrumbList;FAQPage,383,41,https://www.sflworldwide.com/assets/uploads/2023/08/home-ship.png
https://www.sflworldwide.com/worldwide-moving/moving-to-switzerland,200,International Movers to Switzerland from USA | SFL Worldwide,60,152,https://www.sflworldwide.com/worldwide-moving/moving-to-switzerland,True,"index, follow",en-US,0,Affordable Moving Services to Switzerland from the USA,12,2388,BreadcrumbList;FAQPage,383,41,https://www.sflworldwide.com/assets/uploads/2023/08/home-ship.png
https://www.sflworldwide.com/worldwide-moving,200,worldwide-moving,16,154,https://www.sflworldwide.com/worldwide-moving,True,"index, follow",en-US,0,Worldwide Moving,4,437,BreadcrumbList,383,81,https://www.sflworldwide.com/assets/uploads/2023/08/home-ship.png
https://www.sflworldwide.com/your-trusted-partner-in-employee-relocation,200,Reliable Employee Relocation Services,37,159,https://www.sflworldwide.com/your-trusted-partner-in-employee-relocation,True,"index, follow",en-US,0,Your Trusted Partner in Employee Relocation,5,759,BreadcrumbList;VideoObject,2,119,https://www.sflworldwide.com/assets/uploads/2023/08/home-ship.png
